{"stats":{"minecraft:dropped":{"sushigocrafting:wasabi_seeds":2,"biomesoplenty:maple_sapling":1,"delightful:green_tea_leaf":1,"silentgear:sinew":1,"minecolonies:onion":1,"minecraft:dirt":4,"tombstone:grave_key":4,"potionsmaster:bezoar":1,"twigs:twig":12,"thermal:amaranth_seeds":1,"tombstone:gift":1,"sushigocrafting:sesame_seeds":1,"corn_delight:corn_seeds":12,"minecraft:lily_of_the_valley":1,"supplementaries:ash":4,"minecraft:flower_pot":1,"minecraft:melon_seeds":5,"immersiveengineering:seed":1,"biomesoplenty:tall_lavender":3},"minecraft:mined":{"naturesaura:aura_cactus":2,"corn_delight:wild_corn":6,"biomesoplenty:bush":2,"minecraft:grass_block":4,"mysticalagriculture:inferium_ore":9,"minecraft:redstone_ore":4,"biomesoplenty:tall_lavender":3,"minecraft:iron_ore":42,"minecraft:cobbled_deepslate":1,"biomesoplenty:lavender":20,"minecraft:bookshelf":2,"croptopia:apple_crop":3,"biomesoplenty:high_grass":3,"minecraft:deepslate_iron_ore":1,"minecraft:stone":6,"minecraft:green_bed":1,"minecraft:podzol":2,"minecraft:deepslate_redstone_ore":13,"minecraft:potted_lily_of_the_valley":1,"minecraft:brown_carpet":9,"minecraft:crafting_table":1,"twigs:roseate_seashell":1,"biomesoplenty:high_grass_plant":3,"minecraft:tall_grass":52,"minecraft:oak_planks":1,"supplementaries:urn":2,"minecraft:seagrass":2,"minecraft:tnt":2,"minecraft:grass":231,"minecraft:oak_log":64,"minecraft:coal_ore":37,"delightful:mini_melon":1,"minecraft:sand":1,"minecraft:dirt":5,"minecraft:oak_leaves":44,"minecraft:deepslate":1,"minecraft:fern":1},"minecraft:crafted":{"minecraft:oak_planks":55,"minecraft:lever":1,"minecraft:stone_pickaxe":2,"minecraft:oak_fence":1,"minecraft:crafting_table":5,"minecraft:wooden_pickaxe":1,"minecraft:air":317,"minecraft:oak_boat":2,"minecraft:stick":15,"minecraft:white_bed":1,"minecraft:torch":14},"minecraft:picked_up":{"alltheores:osmium_ingot":64,"minecraft:crafting_table":1,"minecraft:wheat":11,"minecraft:flower_pot":1,"minecraft:lead":8,"minecraft:enchanted_book":4,"tombstone:grave_key":2,"sophisticatedstorage:basic_to_iron_tier_upgrade":1,"naturesaura:aura_cactus":1,"silentgear:sinew":1,"minecraft:string":2,"minecraft:item_frame":1,"biomesoplenty:tall_lavender":3,"sushigocrafting:sesame_seeds":1,"mekanism:upgrade_speed":1,"mysticalagriculture:inferium_essence":28,"minecraft:cobbled_deepslate":4,"minecraft:oak_boat":1,"delightful:green_tea_leaf":2,"minecraft:chest":2,"minecraft:stick":6,"minecraft:raw_iron":43,"apotheosis:gem":3,"forbidden_arcanus:bat_wing":1,"potionsmaster:bezoar":2,"minecraft:torch":10,"minecraft:green_bed":1,"minecraft:redstone":77,"minecraft:brown_carpet":9,"minecraft:tnt":2,"eidolon:tattered_cloth":2,"corn_delight:corn_seeds":12,"minecraft:arrow":3,"minecraft:rotten_flesh":10,"alltheores:osmium_dust":48,"supplementaries:ash":8,"alltheores:raw_osmium":69,"minecraft:mutton":5,"minecraft:white_wool":7,"minecraft:cobblestone":63,"biomesoplenty:lavender":17,"occultism:datura_seeds":1,"sushigocrafting:rice_seeds":5,"minecolonies:onion":1,"minecraft:oak_log":63,"minecraft:gunpowder":12,"minecraft:dirt":117,"sushigocrafting:wasabi_seeds":2,"minecraft:apple":19,"delightful:mini_melon":1,"minecraft:raw_gold":3,"minecraft:iron_ingot":6,"minecolonies:garlic":3,"twigs:twig":12,"minecraft:oak_planks":36,"ironfurnaces:iron_furnace":2,"minecraft:book":6,"minecraft:lily_of_the_valley":1,"naturalist:duck_egg":1,"biomesoplenty:maple_sapling":1,"minecraft:slime_ball":1,"minecraft:diamond":4,"immersiveengineering:seed":5,"waystones:waystone":1,"croptopia:orange":11,"minecraft:oak_sapling":16,"thermal:amaranth_seeds":1,"minecraft:coal":38},"minecraft:custom":{"lootr:looted_stat":9,"minecraft:mob_kills":7,"minecraft:interact_with_crafting_table":15,"minecraft:damage_dealt_resisted":0,"minecraft:leave_game":1,"minecraft:time_since_death":985,"minecraft:climb_one_cm":880,"minecraft:damage_resisted":0,"minecraft:sprint_one_cm":190410,"minecraft:walk_one_cm":131296,"minecraft:drop":27,"minecraft:play_time":118113,"minecraft:deaths":16,"minecraft:sneak_time":1490,"minecraft:walk_under_water_one_cm":1379,"minecraft:jump":1805,"minecraft:walk_on_water_one_cm":6879,"minecraft:total_world_time":118113,"minecraft:interact_with_furnace":2,"minecraft:sleep_in_bed":4,"minecraft:time_since_rest":1,"minecraft:damage_taken":5250,"minecraft:damage_dealt":747,"minecraft:swim_one_cm":16774,"minecraft:fly_one_cm":433399,"minecraft:open_chest":2,"minecraft:crouch_one_cm":3251,"minecraft:fall_one_cm":50984},"minecraft:killed":{"minecraft:cave_spider":1,"minecraft:spider":2,"minecraft:sheep":3},"minecraft:used":{"minecraft:oak_fence":3,"minecraft:torch":6,"naturesaura:aura_cactus":1,"minecraft:dirt":6,"minecraft:brown_carpet":9,"minecraft:cooked_beef":1,"minecraft:stone_pickaxe":94,"minecraft:oak_planks":7,"minecraft:wooden_pickaxe":3,"minecraft:green_bed":1,"naturalist:duck_egg":1,"minecraft:tnt":2,"minecraft:crafting_table":6,"minecraft:white_bed":1,"croptopia:orange":4,"minecraft:lever":1,"minecraft:apple":7,"minecraft:iron_pickaxe":31,"minecraft:oak_boat":3,"minecraft:golden_pickaxe":4},"minecraft:killed_by":{"minecraft:player":2,"minecraft:creeper":2,"minecraft:spider":2,"eidolon:wraith":3,"irons_spellbooks:necromancer":1,"minecraft:cave_spider":1,"minecraft:zombie":4}},"DataVersion":3465}