{"stats":{"minecraft:used":{"minecraft:poppy":8,"minecraft:decorated_pot":2,"minecraft:chest":5,"allthecompressed:cobblestone_1x":233,"minecraft:torch":16,"minecraft:dirt":45,"cobblefordays:tier_2":1,"minecraft:beehive":1,"minecraft:azure_bluet":2,"minecraft:wooden_axe":104,"minecraft:red_tulip":2,"minecraft:blue_orchid":3,"connectedglass:borderless_glass":79,"cobblefordays:tier_1":1,"exdeorum:stone_hammer":179,"minecraft:oak_sapling":117,"minecraft:furnace":1,"tombstone:gift":2,"minecraft:egg":3,"minecraft:cooked_beef":8,"productivebees:oak_wood_nest":1,"exdeorum:oak_sieve":6,"minecraft:pink_tulip":3,"minecraft:iron_ore":51,"minecraft:glass_bottle":1,"minecraft:stone_pickaxe":41,"minecraft:oak_planks":14,"mcwfences:mud_brick_grass_topped_wall":1,"minecraft:diamond_axe":1143,"minecraft:gold_ore":22,"minecraft:sand":1,"minecraft:campfire":5,"minecraft:shears":178,"minecraft:oak_log":1,"minecraft:diamond_pickaxe":98,"allthecompressed:gravel_1x":15,"minecraft:gravel":374,"minecraft:pink_petals":9,"exdeorum:diamond_hammer":23,"minecraft:cobblestone":130,"exdeorum:compressed_stone_hammer":77,"minecraft:bone_meal":23,"productivebees:expansion_box_oak":3},"minecraft:crafted":{"minecraft:oak_planks":39,"minecraft:beehive":1,"minecraft:furnace":1,"alltheores:gold_dust":5,"allthecompressed:cobblestone_1x":212,"connectedglass:borderless_glass":19,"allthecompressed:gravel_1x":15,"minecraft:glass":82,"minecraft:chest":5,"exdeorum:iron_mesh":5,"exdeorum:stone_hammer":35,"cobblefordays:tier_2":1,"minecraft:glass_bottle":1,"minecraft:oak_slab":6,"exdeorum:diamond_hammer":1,"biggerreactors:graphite_ingot":1,"minecraft:diamond_axe":1,"minecraft:gold_ore":22,"exdeorum:compressed_stone_hammer":1,"minecraft:campfire":6,"minecraft:air":655,"cobblefordays:tier_1":1,"minecraft:white_wool":3,"minecraft:charcoal":1,"minecraft:diamond_pickaxe":2,"minecraft:cobblestone":8,"exdeorum:flint_mesh":5,"minecraft:stick":67,"minecraft:iron_ingot":74,"productivebees:expansion_box_oak":1,"productivebees:bee_cage":4,"minecraft:gold_ingot":7,"minecraft:iron_ore":51,"exdeorum:oak_sieve":5,"minecraft:white_bed":1,"alltheores:iron_dust":22,"minecraft:torch":6,"minecraft:shears":1},"minecraft:picked_up":{"minecraft:wooden_axe":1,"exdeorum:gold_ore_chunk":110,"minecraft:charcoal":8,"minecraft:azure_bluet":6,"minecraft:lead":2,"exdeorum:iron_ore_chunk":117,"exdeorum:stone_hammer":10,"exdeorum:string_mesh":5,"exdeorum:granite_pebble":4,"minecraft:wooden_sword":1,"minecraft:blue_orchid":3,"mysticalagriculture:inferium_essence":2,"cobblefordays:tier_1":1,"exdeorum:iron_mesh":5,"exdeorum:zinc_ore_chunk":50,"minecraft:poppy":10,"allthecompressed:cobblestone_1x":21,"exdeorum:compressed_stone_hammer":1,"alltheores:iron_ore_hammer":1,"thermal:spinach_seeds":2,"minecraft:egg":9,"minecraft:stick":191,"minecraft:raw_iron":43,"minecraft:torch":3,"thermal:flax_seeds":2,"minecraft:rotten_flesh":2,"minecraft:decorated_pot":2,"exdeorum:diorite_pebble":2,"productivebees:oak_wood_nest":39,"exdeorum:tin_ore_chunk":27,"minecraft:red_tulip":2,"minecraft:pink_tulip":3,"biggerreactors:graphite_ingot":1,"everlastingabilities:ability_bottle":1,"minecraft:gold_ingot":21,"minecraft:brick_stairs":4,"mcwfences:mud_brick_grass_topped_wall":1,"minecraft:cobblestone":84,"exdeorum:osmium_ore_chunk":45,"occultism:datura_seeds":2,"minecraft:pink_petals":15,"exdeorum:basalt_pebble":5,"minecraft:flint":163,"minecraft:oak_log":503,"minecraft:wooden_hoe":1,"minecraft:lapis_lazuli":33,"minecraft:dirt":45,"exdeorum:nickel_ore_chunk":25,"minecraft:apple":23,"minecraft:wheat_seeds":1,"minecraft:raw_gold":22,"exdeorum:stone_pebble":7,"minecraft:honeycomb":6,"minecraft:oak_planks":18,"minecraft:oak_slab":4,"exdeorum:deepslate_pebble":1,"exdeorum:lead_ore_chunk":30,"thermal:strawberry_seeds":1,"minecraft:gravel":712,"exdeorum:flint_mesh":5,"minecraft:sand":154,"minecraft:amethyst_shard":14,"exdeorum:silver_ore_chunk":19,"minecraft:spider_eye":3,"productivebees:expansion_box_oak":3,"exdeorum:diamond_mesh":1,"exdeorum:aluminum_ore_chunk":17,"immersiveengineering:seed":6,"minecraft:diamond":28,"minecraft:cherry_wood":4,"minecraft:cherry_sapling":1,"minecraft:bone_meal":1,"exdeorum:copper_ore_chunk":137,"minecraft:emerald":20,"minecraft:oak_sapling":317,"minecraft:bricks":21,"minecraft:coal":83,"minecraft:oak_leaves":288},"minecraft:custom":{"minecraft:mob_kills":8,"minecraft:interact_with_crafting_table":61,"minecraft:open_barrel":6,"minecraft:damage_dealt_resisted":0,"minecraft:leave_game":1,"minecraft:time_since_death":12067,"minecraft:climb_one_cm":641,"minecraft:damage_resisted":0,"minecraft:sprint_one_cm":340212,"minecraft:walk_one_cm":537562,"minecraft:drop":111,"minecraft:talked_to_villager":3,"minecraft:play_time":193609,"minecraft:deaths":10,"minecraft:sneak_time":7967,"minecraft:walk_under_water_one_cm":774,"tombstone:tomb_raiding":1,"minecraft:jump":1423,"minecraft:walk_on_water_one_cm":266,"minecraft:total_world_time":193609,"minecraft:interact_with_furnace":38,"minecraft:sleep_in_bed":2,"minecraft:time_since_rest":580,"minecraft:damage_taken":3332,"minecraft:damage_dealt":3220,"minecraft:swim_one_cm":123,"minecraft:fly_one_cm":263180,"minecraft:player_kills":4,"minecraft:open_chest":90,"minecraft:crouch_one_cm":19334,"tombstone:undead_killed":1,"minecraft:fall_one_cm":477653},"minecraft:mined":{"minecraft:oak_sapling":14,"minecraft:cherry_log":10,"productivebees:expansion_box_oak":3,"minecraft:cherry_sapling":1,"mcwfences:mud_brick_grass_topped_wall":1,"minecraft:grass_block":82,"minecraft:decorated_pot":2,"minecraft:brick_stairs":4,"minecraft:cherry_wood":1,"cobblefordays:tier_1":1,"minecraft:iron_ore":51,"minecraft:azure_bluet":4,"minecraft:red_tulip":2,"minecraft:dirt_path":10,"minecraft:pink_tulip":3,"minecraft:blue_orchid":3,"minecraft:torch":3,"allthecompressed:gravel_1x":15,"framedblocks:framed_stairs":1,"minecraft:poppy":10,"minecraft:campfire":5,"minecraft:tall_grass":31,"minecraft:cobblestone":199,"minecraft:oak_planks":12,"minecraft:bricks":21,"minecraft:pink_petals":8,"productivebees:oak_wood_nest":41,"minecraft:grass":35,"minecraft:oak_log":272,"minecraft:cherry_leaves":58,"minecraft:gravel":39,"minecraft:dirt":152,"allthecompressed:cobblestone_1x":80,"framedblocks:framed_slab_edge":2,"minecraft:gold_ore":21,"minecraft:oak_leaves":780,"framedblocks:framed_slab":1},"minecraft:killed_by":{"minecraft:player":5},"minecraft:dropped":{"exdeorum:basalt_pebble":5,"minecraft:water_bucket":1,"minecraft:oak_slab":2,"occultism:datura_seeds":1,"exdeorum:deepslate_pebble":1,"minecraft:diamond":64,"exdeorum:zinc_ore_chunk":38,"exdeorum:copper_ore_chunk":37,"minecraft:cobblestone":149,"botania:flower_bag":1,"exdeorum:osmium_ore_chunk":39,"minecraft:coal":2,"minecraft:stick":7,"thermal:flax_seeds":2,"minecraft:flint":3,"exdeorum:gold_ore_chunk":22,"minecraft:lava_bucket":1,"biggerreactors:graphite_ingot":2,"tombstone:grave_key":1,"minecraft:wooden_axe":1,"exdeorum:compressed_stone_hammer":1,"tombstone:grave_dust":1,"exdeorum:granite_pebble":4,"minecraft:amethyst_shard":1,"exdeorum:stone_pebble":2,"exdeorum:lead_ore_chunk":3,"minecraft:cherry_wood":2,"minecraft:gravel":253,"thermal:spinach_seeds":2,"minecraft:diamond_block":2,"alltheores:copper_dust":1,"minecraft:rotten_flesh":1,"minecraft:oak_planks":5,"exdeorum:silver_ore_chunk":3,"thermal:strawberry_seeds":1,"minecraft:azure_bluet":2,"minecraft:white_bed":1,"minecraft:brick_stairs":1,"exdeorum:tin_ore_chunk":10,"exdeorum:aluminum_ore_chunk":1,"mysticalagriculture:inferium_essence":2,"minecraft:oak_sapling":9,"minecraft:spider_eye":3,"exdeorum:blackstone_pebble":1,"immersiveengineering:seed":3,"minecraft:oak_leaves":112,"minecraft:egg":1,"exdeorum:stone_hammer":34},"minecraft:killed":{"minecraft:spider":5,"minecraft:trader_llama":2,"minecraft:zombie":1}},"DataVersion":3465}