{"stats":{"minecraft:used":{"minecraft:poppy":3,"minecraft:decorated_pot":2,"minecraft:chest":3,"allthecompressed:cobblestone_1x":226,"minecraft:torch":11,"minecraft:dirt":36,"cobblefordays:tier_2":1,"minecraft:azure_bluet":2,"minecraft:wooden_axe":104,"minecraft:red_tulip":1,"minecraft:blue_orchid":1,"cobblefordays:tier_1":1,"exdeorum:stone_hammer":179,"minecraft:oak_sapling":18,"minecraft:furnace":1,"tombstone:gift":2,"minecraft:egg":3,"minecraft:cooked_beef":4,"exdeorum:oak_sieve":6,"minecraft:pink_tulip":1,"minecraft:iron_ore":51,"minecraft:stone_pickaxe":41,"minecraft:oak_planks":6,"mcwfences:mud_brick_grass_topped_wall":1,"minecraft:diamond_axe":4,"minecraft:gold_ore":22,"minecraft:sand":1,"minecraft:diamond_pickaxe":54,"minecraft:gravel":374,"exdeorum:diamond_hammer":23,"minecraft:cobblestone":111,"exdeorum:compressed_stone_hammer":47},"minecraft:crafted":{"minecraft:oak_planks":26,"minecraft:furnace":1,"alltheores:gold_dust":5,"allthecompressed:cobblestone_1x":205,"minecraft:glass":18,"minecraft:chest":3,"exdeorum:iron_mesh":5,"exdeorum:stone_hammer":35,"cobblefordays:tier_2":1,"minecraft:oak_slab":6,"exdeorum:diamond_hammer":1,"biggerreactors:graphite_ingot":1,"minecraft:diamond_axe":1,"minecraft:gold_ore":22,"exdeorum:compressed_stone_hammer":1,"minecraft:air":505,"cobblefordays:tier_1":1,"minecraft:diamond_pickaxe":2,"minecraft:cobblestone":8,"exdeorum:flint_mesh":5,"minecraft:stick":67,"minecraft:iron_ingot":30,"minecraft:gold_ingot":7,"minecraft:iron_ore":51,"exdeorum:oak_sieve":5,"alltheores:iron_dust":22,"minecraft:torch":6},"minecraft:picked_up":{"minecraft:wooden_axe":1,"exdeorum:gold_ore_chunk":110,"minecraft:azure_bluet":2,"exdeorum:iron_ore_chunk":117,"exdeorum:stone_hammer":10,"exdeorum:string_mesh":5,"exdeorum:granite_pebble":3,"minecraft:wooden_sword":1,"minecraft:blue_orchid":1,"mysticalagriculture:inferium_essence":1,"cobblefordays:tier_1":1,"exdeorum:iron_mesh":5,"exdeorum:zinc_ore_chunk":50,"minecraft:poppy":3,"allthecompressed:cobblestone_1x":21,"exdeorum:compressed_stone_hammer":1,"alltheores:iron_ore_hammer":1,"minecraft:egg":4,"minecraft:stick":32,"minecraft:raw_iron":43,"minecraft:torch":1,"thermal:flax_seeds":1,"minecraft:decorated_pot":2,"exdeorum:diorite_pebble":2,"exdeorum:tin_ore_chunk":27,"minecraft:red_tulip":1,"minecraft:pink_tulip":1,"biggerreactors:graphite_ingot":1,"everlastingabilities:ability_bottle":1,"minecraft:gold_ingot":21,"mcwfences:mud_brick_grass_topped_wall":1,"minecraft:cobblestone":66,"exdeorum:osmium_ore_chunk":45,"exdeorum:basalt_pebble":5,"minecraft:flint":163,"minecraft:oak_log":91,"minecraft:wooden_hoe":1,"minecraft:lapis_lazuli":33,"minecraft:dirt":36,"exdeorum:nickel_ore_chunk":25,"minecraft:raw_gold":22,"exdeorum:stone_pebble":7,"minecraft:oak_planks":10,"minecraft:oak_slab":4,"exdeorum:deepslate_pebble":1,"exdeorum:lead_ore_chunk":30,"minecraft:gravel":577,"exdeorum:flint_mesh":5,"minecraft:sand":19,"minecraft:amethyst_shard":14,"exdeorum:silver_ore_chunk":19,"minecraft:spider_eye":1,"exdeorum:diamond_mesh":1,"exdeorum:aluminum_ore_chunk":17,"minecraft:diamond":28,"exdeorum:copper_ore_chunk":137,"minecraft:emerald":20,"minecraft:oak_sapling":30,"minecraft:coal":83},"minecraft:mined":{"mcwfences:mud_brick_grass_topped_wall":1,"minecraft:grass_block":81,"minecraft:decorated_pot":2,"cobblefordays:tier_1":1,"minecraft:iron_ore":51,"minecraft:azure_bluet":2,"minecraft:red_tulip":1,"minecraft:dirt_path":2,"minecraft:pink_tulip":1,"minecraft:blue_orchid":1,"minecraft:torch":2,"minecraft:poppy":3,"minecraft:cobblestone":181,"minecraft:oak_planks":4,"minecraft:pink_petals":1,"minecraft:grass":1,"minecraft:oak_log":45,"minecraft:gravel":39,"minecraft:dirt":150,"allthecompressed:cobblestone_1x":65,"minecraft:gold_ore":21,"minecraft:oak_leaves":2},"minecraft:custom":{"minecraft:mob_kills":5,"minecraft:interact_with_crafting_table":43,"minecraft:open_barrel":4,"minecraft:damage_dealt_resisted":0,"minecraft:leave_game":1,"minecraft:time_since_death":51796,"minecraft:climb_one_cm":641,"minecraft:damage_resisted":0,"minecraft:sprint_one_cm":215168,"minecraft:walk_one_cm":325381,"minecraft:drop":90,"minecraft:talked_to_villager":3,"minecraft:play_time":133609,"minecraft:deaths":9,"minecraft:sneak_time":4357,"tombstone:tomb_raiding":1,"minecraft:jump":978,"minecraft:total_world_time":133609,"minecraft:interact_with_furnace":24,"minecraft:time_since_rest":50956,"minecraft:damage_taken":2835,"minecraft:damage_dealt":2549,"minecraft:fly_one_cm":167427,"minecraft:player_kills":3,"minecraft:open_chest":62,"minecraft:crouch_one_cm":11127,"tombstone:undead_killed":1,"minecraft:fall_one_cm":471262},"minecraft:killed_by":{"minecraft:player":4},"minecraft:dropped":{"exdeorum:basalt_pebble":5,"minecraft:water_bucket":1,"minecraft:oak_slab":2,"exdeorum:deepslate_pebble":1,"minecraft:diamond":64,"exdeorum:zinc_ore_chunk":38,"exdeorum:copper_ore_chunk":37,"minecraft:cobblestone":149,"botania:flower_bag":1,"exdeorum:osmium_ore_chunk":39,"minecraft:coal":2,"minecraft:stick":7,"thermal:flax_seeds":1,"minecraft:flint":3,"exdeorum:gold_ore_chunk":22,"minecraft:lava_bucket":1,"biggerreactors:graphite_ingot":2,"tombstone:grave_key":1,"minecraft:wooden_axe":1,"exdeorum:compressed_stone_hammer":1,"tombstone:grave_dust":1,"exdeorum:granite_pebble":3,"minecraft:amethyst_shard":1,"exdeorum:stone_pebble":2,"exdeorum:lead_ore_chunk":3,"minecraft:gravel":253,"minecraft:diamond_block":2,"alltheores:copper_dust":1,"minecraft:oak_planks":1,"exdeorum:silver_ore_chunk":3,"exdeorum:tin_ore_chunk":10,"exdeorum:aluminum_ore_chunk":1,"mysticalagriculture:inferium_essence":1,"exdeorum:stone_hammer":34},"minecraft:killed":{"minecraft:spider":4,"minecraft:zombie":1}},"DataVersion":3465}