{"stats":{"minecraft:crafted":{"minecraft:oak_slab":6,"minecraft:oak_planks":26,"biggerreactors:graphite_ingot":1,"exdeorum:diamond_hammer":1,"minecraft:gold_ore":22,"minecraft:furnace":1,"alltheores:gold_dust":1,"exdeorum:compressed_stone_hammer":1,"allthecompressed:cobblestone_1x":205,"cobblefordays:tier_1":1,"minecraft:air":473,"minecraft:glass":18,"minecraft:cobblestone":8,"minecraft:diamond_pickaxe":1,"exdeorum:flint_mesh":5,"minecraft:stick":67,"minecraft:iron_ingot":30,"alltheores:iron_dust":22,"minecraft:chest":3,"minecraft:iron_ore":51,"minecraft:gold_ingot":7,"exdeorum:oak_sieve":5,"exdeorum:stone_hammer":35,"exdeorum:iron_mesh":5,"cobblefordays:tier_2":1},"minecraft:used":{"minecraft:iron_ore":51,"minecraft:oak_planks":4,"minecraft:stone_pickaxe":41,"minecraft:decorated_pot":2,"minecraft:chest":3,"allthecompressed:cobblestone_1x":226,"mcwfences:mud_brick_grass_topped_wall":1,"minecraft:gold_ore":22,"minecraft:torch":1,"minecraft:dirt":34,"minecraft:sand":1,"cobblefordays:tier_2":1,"minecraft:wooden_axe":46,"minecraft:diamond_pickaxe":54,"minecraft:gravel":374,"exdeorum:diamond_hammer":23,"cobblefordays:tier_1":1,"minecraft:cobblestone":111,"exdeorum:stone_hammer":179,"minecraft:furnace":1,"minecraft:oak_sapling":7,"tombstone:gift":2,"minecraft:egg":3,"exdeorum:compressed_stone_hammer":47,"minecraft:cooked_beef":2,"exdeorum:oak_sieve":6},"minecraft:picked_up":{"minecraft:wooden_axe":1,"exdeorum:gold_ore_chunk":110,"exdeorum:osmium_ore_chunk":39,"exdeorum:basalt_pebble":5,"exdeorum:iron_ore_chunk":117,"minecraft:flint":163,"minecraft:oak_log":41,"exdeorum:stone_hammer":10,"minecraft:wooden_hoe":1,"minecraft:lapis_lazuli":33,"exdeorum:nickel_ore_chunk":25,"minecraft:dirt":34,"exdeorum:granite_pebble":3,"exdeorum:string_mesh":5,"minecraft:wooden_sword":1,"cobblefordays:tier_1":1,"mysticalagriculture:inferium_essence":1,"exdeorum:iron_mesh":5,"minecraft:raw_gold":22,"exdeorum:stone_pebble":7,"exdeorum:zinc_ore_chunk":48,"exdeorum:compressed_stone_hammer":1,"alltheores:iron_ore_hammer":1,"allthecompressed:cobblestone_1x":21,"minecraft:oak_planks":8,"minecraft:egg":3,"minecraft:oak_slab":4,"minecraft:stick":2,"minecraft:raw_iron":43,"exdeorum:deepslate_pebble":1,"exdeorum:lead_ore_chunk":29,"minecraft:torch":1,"minecraft:gravel":577,"exdeorum:flint_mesh":5,"minecraft:sand":19,"minecraft:amethyst_shard":14,"exdeorum:silver_ore_chunk":19,"thermal:flax_seeds":1,"exdeorum:diamond_mesh":1,"exdeorum:aluminum_ore_chunk":17,"minecraft:diamond":28,"minecraft:decorated_pot":2,"exdeorum:diorite_pebble":2,"exdeorum:tin_ore_chunk":27,"everlastingabilities:ability_bottle":1,"minecraft:gold_ingot":21,"biggerreactors:graphite_ingot":1,"exdeorum:copper_ore_chunk":137,"minecraft:emerald":20,"mcwfences:mud_brick_grass_topped_wall":1,"minecraft:oak_sapling":6,"minecraft:coal":83,"minecraft:cobblestone":66},"minecraft:mined":{"mcwfences:mud_brick_grass_topped_wall":1,"minecraft:torch":2,"minecraft:grass_block":81,"minecraft:decorated_pot":2,"minecraft:cobblestone":181,"minecraft:oak_planks":2,"minecraft:pink_petals":1,"cobblefordays:tier_1":1,"minecraft:iron_ore":51,"minecraft:grass":1,"minecraft:oak_log":7,"minecraft:gravel":39,"minecraft:dirt":150,"allthecompressed:cobblestone_1x":65,"minecraft:gold_ore":21,"minecraft:oak_leaves":2},"minecraft:custom":{"minecraft:interact_with_furnace":23,"minecraft:mob_kills":1,"minecraft:interact_with_crafting_table":40,"minecraft:open_barrel":4,"minecraft:damage_dealt_resisted":0,"minecraft:leave_game":1,"minecraft:time_since_death":39796,"minecraft:climb_one_cm":641,"minecraft:damage_resisted":0,"minecraft:time_since_rest":38956,"minecraft:sprint_one_cm":182656,"minecraft:damage_taken":2725,"minecraft:walk_one_cm":292198,"minecraft:drop":90,"minecraft:damage_dealt":1873,"minecraft:talked_to_villager":3,"minecraft:fly_one_cm":132312,"minecraft:player_kills":3,"minecraft:open_chest":54,"minecraft:crouch_one_cm":9946,"minecraft:play_time":121609,"minecraft:deaths":9,"minecraft:sneak_time":3959,"tombstone:tomb_raiding":1,"minecraft:jump":839,"minecraft:total_world_time":121609,"minecraft:fall_one_cm":469892},"minecraft:killed_by":{"minecraft:player":4},"minecraft:dropped":{"minecraft:water_bucket":1,"minecraft:oak_slab":2,"minecraft:diamond_block":2,"exdeorum:deepslate_pebble":1,"minecraft:diamond":64,"alltheores:copper_dust":1,"exdeorum:copper_ore_chunk":37,"exdeorum:zinc_ore_chunk":38,"minecraft:cobblestone":149,"minecraft:oak_planks":1,"exdeorum:silver_ore_chunk":3,"botania:flower_bag":1,"exdeorum:osmium_ore_chunk":39,"minecraft:coal":2,"minecraft:flint":3,"minecraft:stick":7,"thermal:flax_seeds":1,"exdeorum:gold_ore_chunk":22,"minecraft:lava_bucket":1,"biggerreactors:graphite_ingot":2,"exdeorum:tin_ore_chunk":10,"tombstone:grave_key":1,"mysticalagriculture:inferium_essence":1,"exdeorum:aluminum_ore_chunk":1,"minecraft:wooden_axe":1,"exdeorum:compressed_stone_hammer":1,"minecraft:amethyst_shard":1,"tombstone:grave_dust":1,"exdeorum:granite_pebble":3,"exdeorum:stone_pebble":2,"exdeorum:lead_ore_chunk":3,"minecraft:gravel":253,"exdeorum:basalt_pebble":5,"exdeorum:stone_hammer":34},"minecraft:killed":{"minecraft:spider":1}},"DataVersion":3465}