{"stats":{"minecraft:mined":{"minecraft:podzol":2,"naturesaura:aura_cactus":2,"minecraft:potted_lily_of_the_valley":1,"minecraft:brown_carpet":9,"minecraft:crafting_table":1,"biomesoplenty:bush":2,"minecraft:grass_block":3,"twigs:roseate_seashell":1,"biomesoplenty:high_grass_plant":3,"minecraft:tall_grass":35,"minecraft:oak_planks":1,"mysticalagriculture:inferium_ore":9,"minecraft:seagrass":2,"biomesoplenty:tall_lavender":3,"minecraft:iron_ore":17,"biomesoplenty:lavender":20,"minecraft:tnt":2,"minecraft:bookshelf":2,"minecraft:grass":202,"biomesoplenty:high_grass":3,"minecraft:oak_log":59,"minecraft:coal_ore":37,"croptopia:apple_crop":3,"delightful:mini_melon":1,"minecraft:sand":1,"minecraft:dirt":5,"minecraft:stone":5,"minecraft:oak_leaves":44,"minecraft:green_bed":1,"minecraft:fern":1},"minecraft:killed":{"minecraft:sheep":3},"minecraft:killed_by":{"minecraft:player":2,"irons_spellbooks:necromancer":1,"minecraft:zombie":1},"minecraft:dropped":{"thermal:amaranth_seeds":1,"tombstone:gift":1,"biomesoplenty:maple_sapling":1,"minecraft:lily_of_the_valley":1,"minecolonies:onion":1,"minecraft:dirt":4,"minecraft:flower_pot":1,"tombstone:grave_key":2,"immersiveengineering:seed":1,"twigs:twig":6},"minecraft:picked_up":{"biomesoplenty:lavender":17,"minecraft:crafting_table":1,"occultism:datura_seeds":1,"alltheores:osmium_ingot":64,"minecraft:wheat":11,"sushigocrafting:rice_seeds":5,"minecraft:flower_pot":1,"minecraft:lead":7,"minecraft:enchanted_book":4,"minecolonies:onion":1,"minecraft:oak_log":58,"tombstone:grave_key":2,"sophisticatedstorage:basic_to_iron_tier_upgrade":1,"minecraft:gunpowder":12,"naturesaura:aura_cactus":1,"silentgear:sinew":1,"minecraft:dirt":116,"biomesoplenty:tall_lavender":3,"minecraft:item_frame":1,"sushigocrafting:wasabi_seeds":2,"minecraft:apple":18,"mysticalagriculture:inferium_essence":28,"delightful:mini_melon":1,"mekanism:upgrade_speed":1,"minecraft:raw_gold":3,"minecraft:iron_ingot":6,"minecraft:oak_boat":1,"minecolonies:garlic":3,"twigs:twig":10,"delightful:green_tea_leaf":2,"minecraft:chest":2,"minecraft:oak_planks":36,"ironfurnaces:iron_furnace":2,"minecraft:book":6,"minecraft:stick":6,"minecraft:raw_iron":17,"apotheosis:gem":3,"minecraft:green_bed":1,"minecraft:torch":8,"potionsmaster:bezoar":2,"minecraft:lily_of_the_valley":1,"naturalist:duck_egg":1,"minecraft:tnt":2,"minecraft:brown_carpet":9,"eidolon:tattered_cloth":2,"biomesoplenty:maple_sapling":1,"minecraft:arrow":3,"minecraft:rotten_flesh":10,"minecraft:diamond":4,"immersiveengineering:seed":5,"waystones:waystone":1,"alltheores:osmium_dust":48,"croptopia:orange":11,"alltheores:raw_osmium":69,"minecraft:oak_sapling":16,"thermal:amaranth_seeds":1,"minecraft:mutton":5,"minecraft:coal":38,"minecraft:white_wool":7,"minecraft:cobblestone":62},"minecraft:custom":{"lootr:looted_stat":1,"minecraft:interact_with_furnace":2,"minecraft:mob_kills":4,"minecraft:interact_with_crafting_table":14,"minecraft:time_since_death":52664,"minecraft:sleep_in_bed":4,"minecraft:time_since_rest":33970,"minecraft:sprint_one_cm":117732,"minecraft:damage_taken":1523,"minecraft:walk_one_cm":101160,"minecraft:drop":14,"minecraft:damage_dealt":350,"minecraft:swim_one_cm":15812,"minecraft:fly_one_cm":316618,"minecraft:open_chest":2,"minecraft:deaths":4,"minecraft:crouch_one_cm":2695,"minecraft:play_time":76925,"minecraft:sneak_time":1154,"minecraft:walk_under_water_one_cm":743,"minecraft:jump":1244,"minecraft:walk_on_water_one_cm":4237,"minecraft:total_world_time":76925,"minecraft:fall_one_cm":32224},"minecraft:crafted":{"minecraft:oak_planks":46,"minecraft:crafting_table":4,"minecraft:wooden_pickaxe":1,"minecraft:lever":1,"minecraft:air":275,"minecraft:oak_boat":2,"minecraft:stick":14,"minecraft:stone_pickaxe":1,"minecraft:white_bed":1,"minecraft:torch":14,"minecraft:oak_fence":1},"minecraft:used":{"minecraft:oak_fence":3,"minecraft:stone_pickaxe":69,"minecraft:oak_planks":7,"minecraft:wooden_pickaxe":3,"minecraft:green_bed":1,"naturalist:duck_egg":1,"naturesaura:aura_cactus":1,"minecraft:dirt":3,"minecraft:tnt":2,"minecraft:crafting_table":5,"minecraft:white_bed":1,"croptopia:orange":4,"minecraft:lever":1,"minecraft:apple":7,"minecraft:brown_carpet":9,"minecraft:oak_boat":2,"minecraft:cooked_beef":1}},"DataVersion":3465}