{"stats":{"minecraft:picked_up":{"everlastingabilities:ability_bottle":1,"minecraft:dirt":1},"minecraft:custom":{"minecraft:jump":30,"minecraft:time_since_rest":604,"minecraft:deaths":1,"minecraft:damage_dealt":409,"minecraft:crouch_one_cm":2109,"minecraft:sprint_one_cm":4932,"minecraft:play_time":5256,"minecraft:damage_taken":293,"minecraft:time_since_death":698,"minecraft:walk_one_cm":15238,"minecraft:sneak_time":626,"minecraft:total_world_time":5256,"minecraft:fall_one_cm":182451,"minecraft:fly_one_cm":6426},"minecraft:mined":{"minecraft:grass_block":5,"minecraft:dirt":12}},"DataVersion":3465}