{"stats":{"minecraft:mined":{"minecraft:deepslate_redstone_ore":2,"minecraft:podzol":2,"naturesaura:aura_cactus":2,"corn_delight:wild_corn":6,"minecraft:potted_lily_of_the_valley":1,"minecraft:brown_carpet":9,"minecraft:crafting_table":1,"biomesoplenty:bush":2,"minecraft:grass_block":4,"twigs:roseate_seashell":1,"biomesoplenty:high_grass_plant":3,"minecraft:tall_grass":52,"minecraft:oak_planks":1,"mysticalagriculture:inferium_ore":9,"supplementaries:urn":2,"minecraft:seagrass":2,"minecraft:redstone_ore":4,"biomesoplenty:tall_lavender":3,"minecraft:iron_ore":42,"biomesoplenty:lavender":20,"minecraft:tnt":2,"minecraft:deepslate_iron_ore":1,"minecraft:bookshelf":2,"minecraft:grass":231,"biomesoplenty:high_grass":3,"minecraft:oak_log":64,"minecraft:coal_ore":37,"croptopia:apple_crop":3,"delightful:mini_melon":1,"minecraft:sand":1,"minecraft:dirt":5,"minecraft:stone":6,"minecraft:oak_leaves":44,"minecraft:green_bed":1,"minecraft:fern":1},"minecraft:killed":{"minecraft:cave_spider":1,"minecraft:spider":2,"minecraft:sheep":3},"minecraft:killed_by":{"minecraft:player":2,"minecraft:cave_spider":1,"irons_spellbooks:necromancer":1,"minecraft:spider":1,"minecraft:zombie":1,"eidolon:wraith":1},"minecraft:dropped":{"thermal:amaranth_seeds":1,"sushigocrafting:wasabi_seeds":2,"tombstone:gift":1,"biomesoplenty:maple_sapling":1,"delightful:green_tea_leaf":1,"silentgear:sinew":1,"sushigocrafting:sesame_seeds":1,"corn_delight:corn_seeds":12,"minecraft:lily_of_the_valley":1,"minecolonies:onion":1,"minecraft:dirt":4,"minecraft:flower_pot":1,"tombstone:grave_key":4,"minecraft:melon_seeds":5,"potionsmaster:bezoar":1,"immersiveengineering:seed":1,"biomesoplenty:tall_lavender":3,"twigs:twig":6},"minecraft:picked_up":{"biomesoplenty:lavender":17,"minecraft:crafting_table":1,"occultism:datura_seeds":1,"alltheores:osmium_ingot":64,"minecraft:wheat":11,"sushigocrafting:rice_seeds":5,"minecraft:flower_pot":1,"minecraft:lead":7,"minecraft:enchanted_book":4,"minecolonies:onion":1,"minecraft:oak_log":63,"tombstone:grave_key":2,"sophisticatedstorage:basic_to_iron_tier_upgrade":1,"minecraft:string":2,"minecraft:gunpowder":12,"naturesaura:aura_cactus":1,"silentgear:sinew":1,"minecraft:dirt":117,"biomesoplenty:tall_lavender":3,"minecraft:item_frame":1,"sushigocrafting:wasabi_seeds":2,"sushigocrafting:sesame_seeds":1,"minecraft:apple":19,"mysticalagriculture:inferium_essence":28,"delightful:mini_melon":1,"mekanism:upgrade_speed":1,"minecraft:raw_gold":3,"minecraft:iron_ingot":6,"minecraft:oak_boat":1,"minecolonies:garlic":3,"twigs:twig":12,"delightful:green_tea_leaf":2,"minecraft:chest":2,"minecraft:oak_planks":36,"ironfurnaces:iron_furnace":2,"minecraft:book":6,"forbidden_arcanus:bat_wing":1,"minecraft:stick":6,"minecraft:raw_iron":43,"apotheosis:gem":3,"minecraft:green_bed":1,"minecraft:torch":10,"potionsmaster:bezoar":2,"minecraft:redstone":26,"minecraft:lily_of_the_valley":1,"corn_delight:corn_seeds":12,"minecraft:slime_ball":1,"naturalist:duck_egg":1,"minecraft:tnt":2,"minecraft:brown_carpet":9,"eidolon:tattered_cloth":2,"biomesoplenty:maple_sapling":1,"minecraft:arrow":3,"minecraft:rotten_flesh":10,"minecraft:diamond":4,"immersiveengineering:seed":5,"waystones:waystone":1,"alltheores:osmium_dust":48,"croptopia:orange":11,"alltheores:raw_osmium":69,"minecraft:oak_sapling":16,"thermal:amaranth_seeds":1,"minecraft:mutton":5,"minecraft:coal":38,"minecraft:white_wool":7,"minecraft:cobblestone":63},"minecraft:custom":{"lootr:looted_stat":9,"minecraft:interact_with_furnace":2,"minecraft:mob_kills":7,"minecraft:interact_with_crafting_table":15,"minecraft:damage_dealt_resisted":0,"minecraft:time_since_death":749,"minecraft:sleep_in_bed":4,"minecraft:time_since_rest":106,"minecraft:sprint_one_cm":154861,"minecraft:damage_taken":2579,"minecraft:walk_one_cm":119510,"minecraft:drop":25,"minecraft:damage_dealt":705,"minecraft:swim_one_cm":15923,"minecraft:fly_one_cm":369816,"minecraft:open_chest":2,"minecraft:deaths":8,"minecraft:crouch_one_cm":3129,"minecraft:play_time":100925,"minecraft:sneak_time":1373,"minecraft:walk_under_water_one_cm":778,"minecraft:jump":1475,"minecraft:walk_on_water_one_cm":4430,"minecraft:total_world_time":100925,"minecraft:fall_one_cm":41777},"minecraft:crafted":{"minecraft:oak_planks":55,"minecraft:crafting_table":5,"minecraft:wooden_pickaxe":1,"minecraft:lever":1,"minecraft:air":317,"minecraft:oak_boat":2,"minecraft:stick":15,"minecraft:stone_pickaxe":2,"minecraft:white_bed":1,"minecraft:torch":14,"minecraft:oak_fence":1},"minecraft:used":{"minecraft:oak_fence":3,"minecraft:stone_pickaxe":94,"minecraft:oak_planks":7,"minecraft:wooden_pickaxe":3,"minecraft:green_bed":1,"naturalist:duck_egg":1,"minecraft:torch":6,"naturesaura:aura_cactus":1,"minecraft:dirt":6,"minecraft:tnt":2,"minecraft:crafting_table":6,"minecraft:white_bed":1,"croptopia:orange":4,"minecraft:lever":1,"minecraft:apple":7,"minecraft:iron_pickaxe":22,"minecraft:brown_carpet":9,"minecraft:oak_boat":2,"minecraft:cooked_beef":1}},"DataVersion":3465}