{"stats":{"minecraft:mined":{"mcwfences:mud_brick_grass_topped_wall":1,"minecraft:torch":2,"minecraft:grass_block":81,"minecraft:decorated_pot":2,"minecraft:cobblestone":181,"minecraft:oak_planks":2,"minecraft:pink_petals":1,"cobblefordays:tier_1":1,"minecraft:iron_ore":30,"minecraft:grass":1,"minecraft:oak_log":7,"minecraft:gravel":28,"minecraft:dirt":150,"allthecompressed:cobblestone_1x":42,"minecraft:gold_ore":17,"minecraft:oak_leaves":2},"minecraft:picked_up":{"minecraft:wooden_axe":1,"exdeorum:osmium_ore_chunk":39,"exdeorum:basalt_pebble":5,"exdeorum:iron_ore_chunk":83,"minecraft:flint":154,"minecraft:oak_log":41,"exdeorum:stone_hammer":10,"minecraft:wooden_hoe":1,"minecraft:lapis_lazuli":9,"minecraft:dirt":34,"exdeorum:nickel_ore_chunk":5,"exdeorum:string_mesh":5,"exdeorum:granite_pebble":3,"minecraft:wooden_sword":1,"mysticalagriculture:inferium_essence":1,"cobblefordays:tier_1":1,"minecraft:raw_gold":17,"exdeorum:iron_mesh":5,"exdeorum:stone_pebble":7,"exdeorum:zinc_ore_chunk":37,"alltheores:iron_ore_hammer":1,"exdeorum:compressed_stone_hammer":1,"allthecompressed:cobblestone_1x":21,"minecraft:oak_planks":8,"minecraft:egg":2,"minecraft:oak_slab":4,"minecraft:stick":2,"minecraft:raw_iron":21,"exdeorum:deepslate_pebble":1,"exdeorum:lead_ore_chunk":8,"minecraft:torch":1,"minecraft:gravel":360,"exdeorum:flint_mesh":5,"minecraft:sand":19,"minecraft:amethyst_shard":4,"exdeorum:silver_ore_chunk":3,"thermal:flax_seeds":1,"exdeorum:diamond_mesh":1,"exdeorum:aluminum_ore_chunk":1,"minecraft:diamond":20,"minecraft:decorated_pot":2,"exdeorum:diorite_pebble":2,"minecraft:gold_ingot":21,"exdeorum:tin_ore_chunk":10,"biggerreactors:graphite_ingot":1,"exdeorum:copper_ore_chunk":124,"everlastingabilities:ability_bottle":1,"minecraft:emerald":7,"mcwfences:mud_brick_grass_topped_wall":1,"minecraft:oak_sapling":6,"minecraft:coal":66,"minecraft:cobblestone":66,"exdeorum:gold_ore_chunk":89},"minecraft:used":{"exdeorum:oak_sieve":6,"minecraft:iron_ore":30,"minecraft:stone_pickaxe":41,"minecraft:oak_planks":4,"minecraft:decorated_pot":2,"minecraft:chest":3,"allthecompressed:cobblestone_1x":226,"mcwfences:mud_brick_grass_topped_wall":1,"minecraft:gold_ore":17,"minecraft:torch":1,"minecraft:dirt":34,"minecraft:sand":1,"cobblefordays:tier_2":1,"minecraft:wooden_axe":46,"minecraft:diamond_pickaxe":29,"minecraft:gravel":157,"exdeorum:diamond_hammer":23,"cobblefordays:tier_1":1,"minecraft:cobblestone":111,"exdeorum:stone_hammer":179,"minecraft:furnace":1,"minecraft:oak_sapling":7,"exdeorum:compressed_stone_hammer":24,"tombstone:gift":2,"minecraft:egg":2},"minecraft:killed_by":{"minecraft:player":4},"minecraft:custom":{"minecraft:interact_with_furnace":23,"minecraft:interact_with_crafting_table":39,"minecraft:open_barrel":3,"minecraft:damage_dealt_resisted":0,"minecraft:leave_game":1,"minecraft:time_since_death":15774,"minecraft:climb_one_cm":641,"minecraft:damage_resisted":0,"minecraft:time_since_rest":14934,"minecraft:sprint_one_cm":153567,"minecraft:damage_taken":2605,"minecraft:walk_one_cm":230486,"minecraft:drop":84,"minecraft:damage_dealt":1743,"minecraft:talked_to_villager":3,"minecraft:fly_one_cm":105621,"minecraft:player_kills":3,"minecraft:open_chest":38,"minecraft:crouch_one_cm":9441,"minecraft:play_time":97587,"minecraft:deaths":9,"minecraft:sneak_time":3662,"tombstone:tomb_raiding":1,"minecraft:jump":693,"minecraft:total_world_time":97587,"minecraft:fall_one_cm":465096},"minecraft:crafted":{"minecraft:oak_slab":6,"minecraft:oak_planks":26,"biggerreactors:graphite_ingot":1,"exdeorum:diamond_hammer":1,"minecraft:gold_ore":17,"minecraft:furnace":1,"exdeorum:compressed_stone_hammer":1,"allthecompressed:cobblestone_1x":205,"minecraft:air":402,"cobblefordays:tier_1":1,"minecraft:glass":18,"minecraft:diamond_pickaxe":1,"minecraft:cobblestone":8,"exdeorum:flint_mesh":5,"minecraft:stick":67,"minecraft:iron_ingot":30,"minecraft:chest":3,"minecraft:gold_ingot":7,"minecraft:iron_ore":30,"exdeorum:oak_sieve":5,"exdeorum:stone_hammer":35,"exdeorum:iron_mesh":5,"cobblefordays:tier_2":1},"minecraft:dropped":{"exdeorum:basalt_pebble":5,"minecraft:oak_slab":2,"minecraft:diamond_block":2,"exdeorum:deepslate_pebble":1,"minecraft:diamond":64,"alltheores:copper_dust":1,"exdeorum:zinc_ore_chunk":38,"exdeorum:copper_ore_chunk":37,"minecraft:cobblestone":149,"minecraft:oak_planks":1,"exdeorum:silver_ore_chunk":3,"botania:flower_bag":1,"exdeorum:osmium_ore_chunk":10,"minecraft:coal":2,"thermal:flax_seeds":1,"minecraft:stick":5,"minecraft:flint":3,"exdeorum:gold_ore_chunk":21,"minecraft:lava_bucket":1,"biggerreactors:graphite_ingot":2,"exdeorum:tin_ore_chunk":10,"tombstone:grave_key":1,"exdeorum:aluminum_ore_chunk":1,"minecraft:wooden_axe":1,"exdeorum:compressed_stone_hammer":1,"tombstone:grave_dust":1,"exdeorum:granite_pebble":3,"exdeorum:stone_pebble":2,"exdeorum:lead_ore_chunk":2,"minecraft:gravel":253,"minecraft:water_bucket":1,"exdeorum:stone_hammer":34}},"DataVersion":3465}