{"stats":{"minecraft:mined":{"biomesoplenty:bush":2,"minecraft:grass_block":1,"biomesoplenty:high_grass_plant":3,"minecraft:oak_planks":1,"mysticalagriculture:inferium_ore":9,"minecraft:iron_ore":17,"minecraft:grass":3,"biomesoplenty:high_grass":3,"minecraft:oak_log":49,"minecraft:coal_ore":37,"croptopia:apple_crop":3,"delightful:mini_melon":1,"minecraft:dirt":3,"minecraft:stone":5,"minecraft:fern":1},"minecraft:dropped":{"tombstone:gift":1,"biomesoplenty:maple_sapling":1,"minecraft:dirt":1,"immersiveengineering:seed":1,"twigs:twig":6},"minecraft:killed_by":{"minecraft:player":2,"irons_spellbooks:necromancer":1,"minecraft:zombie":1},"minecraft:picked_up":{"occultism:datura_seeds":1,"alltheores:osmium_ingot":64,"minecraft:wheat":11,"minecraft:lead":2,"minecraft:enchanted_book":4,"minecraft:oak_log":48,"sophisticatedstorage:basic_to_iron_tier_upgrade":1,"minecraft:gunpowder":12,"minecraft:dirt":110,"minecraft:item_frame":1,"minecraft:apple":18,"mysticalagriculture:inferium_essence":28,"delightful:mini_melon":1,"mekanism:upgrade_speed":1,"minecraft:raw_gold":3,"minecraft:iron_ingot":6,"twigs:twig":6,"delightful:green_tea_leaf":1,"minecraft:chest":2,"minecraft:oak_planks":36,"ironfurnaces:iron_furnace":2,"minecraft:stick":6,"minecraft:raw_iron":17,"apotheosis:gem":3,"minecraft:torch":8,"potionsmaster:bezoar":1,"eidolon:tattered_cloth":2,"biomesoplenty:maple_sapling":1,"minecraft:arrow":3,"minecraft:rotten_flesh":10,"minecraft:diamond":4,"immersiveengineering:seed":1,"waystones:waystone":1,"alltheores:osmium_dust":48,"alltheores:raw_osmium":69,"minecraft:oak_sapling":12,"minecraft:mutton":1,"minecraft:coal":38,"minecraft:white_wool":4,"minecraft:cobblestone":62},"minecraft:custom":{"minecraft:interact_with_furnace":1,"minecraft:mob_kills":1,"minecraft:interact_with_crafting_table":7,"minecraft:time_since_death":4664,"minecraft:sleep_in_bed":1,"minecraft:time_since_rest":2265,"minecraft:sprint_one_cm":91542,"minecraft:damage_taken":1483,"minecraft:walk_one_cm":24389,"minecraft:drop":6,"minecraft:damage_dealt":110,"minecraft:swim_one_cm":15812,"minecraft:fly_one_cm":262246,"minecraft:open_chest":2,"minecraft:deaths":4,"minecraft:crouch_one_cm":566,"minecraft:play_time":28925,"minecraft:sneak_time":257,"minecraft:walk_under_water_one_cm":743,"minecraft:jump":863,"minecraft:walk_on_water_one_cm":3087,"minecraft:total_world_time":28925,"minecraft:fall_one_cm":23408},"minecraft:used":{"minecraft:stone_pickaxe":69,"minecraft:oak_planks":7,"minecraft:wooden_pickaxe":3,"minecraft:dirt":2,"minecraft:tnt":2,"minecraft:crafting_table":2,"minecraft:lever":1,"minecraft:apple":7,"minecraft:oak_boat":1},"minecraft:crafted":{"minecraft:oak_planks":40,"minecraft:crafting_table":2,"minecraft:wooden_pickaxe":1,"minecraft:lever":1,"minecraft:air":244,"minecraft:oak_boat":1,"minecraft:stick":10,"minecraft:stone_pickaxe":1,"minecraft:torch":14}},"DataVersion":3465}