{"stats":{"minecraft:mined":{"minecraft:iron_ore":1,"minecraft:grass_block":1,"minecraft:grass":3,"biomesoplenty:bush":2,"minecraft:oak_log":41,"biomesoplenty:high_grass":3,"delightful:mini_melon":1,"minecraft:dirt":2,"biomesoplenty:high_grass_plant":3,"minecraft:stone":3,"minecraft:oak_planks":1},"minecraft:killed_by":{"minecraft:player":2,"irons_spellbooks:necromancer":1},"minecraft:dropped":{"minecraft:dirt":1,"tombstone:gift":1,"biomesoplenty:maple_sapling":1,"immersiveengineering:seed":1,"twigs:twig":6},"minecraft:picked_up":{"minecraft:raw_iron":1,"minecraft:stick":6,"occultism:datura_seeds":1,"alltheores:osmium_ingot":64,"minecraft:wheat":11,"apotheosis:gem":3,"minecraft:torch":8,"minecraft:lead":2,"minecraft:enchanted_book":4,"minecraft:oak_log":40,"sophisticatedstorage:basic_to_iron_tier_upgrade":1,"minecraft:gunpowder":12,"minecraft:dirt":109,"eidolon:tattered_cloth":2,"biomesoplenty:maple_sapling":1,"minecraft:item_frame":1,"minecraft:arrow":3,"minecraft:rotten_flesh":10,"immersiveengineering:seed":1,"minecraft:diamond":4,"delightful:mini_melon":1,"mekanism:upgrade_speed":1,"waystones:waystone":1,"minecraft:raw_gold":3,"alltheores:osmium_dust":48,"minecraft:iron_ingot":6,"delightful:green_tea_leaf":1,"alltheores:raw_osmium":69,"minecraft:oak_sapling":9,"twigs:twig":6,"ironfurnaces:iron_furnace":2,"minecraft:chest":2,"minecraft:coal":1,"minecraft:oak_planks":36,"minecraft:white_wool":3,"minecraft:cobblestone":61},"minecraft:custom":{"minecraft:time_since_rest":4038,"minecraft:interact_with_furnace":1,"minecraft:sprint_one_cm":44701,"minecraft:damage_taken":1083,"minecraft:walk_one_cm":13631,"minecraft:drop":6,"minecraft:swim_one_cm":4983,"minecraft:interact_with_crafting_table":7,"minecraft:fly_one_cm":141509,"minecraft:open_chest":2,"minecraft:crouch_one_cm":226,"minecraft:play_time":16925,"minecraft:deaths":3,"minecraft:sneak_time":121,"minecraft:walk_under_water_one_cm":151,"minecraft:jump":435,"minecraft:walk_on_water_one_cm":1554,"minecraft:time_since_death":5217,"minecraft:sleep_in_bed":1,"minecraft:total_world_time":16925,"minecraft:fall_one_cm":10262},"minecraft:crafted":{"minecraft:oak_planks":40,"minecraft:crafting_table":2,"minecraft:stick":4,"minecraft:stone_pickaxe":1,"minecraft:wooden_pickaxe":1,"minecraft:lever":1,"minecraft:air":163},"minecraft:used":{"minecraft:lever":1,"minecraft:stone_pickaxe":1,"minecraft:oak_planks":2,"minecraft:wooden_pickaxe":3,"minecraft:dirt":2,"minecraft:crafting_table":2,"minecraft:tnt":2}},"DataVersion":3465}