{"stats":{"minecraft:mined":{"minecraft:grass":1,"biomesoplenty:bush":2},"minecraft:picked_up":{"immersiveengineering:seed":1},"minecraft:dropped":{"immersiveengineering:seed":1},"minecraft:custom":{"minecraft:jump":39,"minecraft:time_since_rest":4925,"minecraft:walk_on_water_one_cm":677,"minecraft:sprint_one_cm":6040,"minecraft:play_time":4925,"minecraft:damage_taken":230,"minecraft:time_since_death":4925,"minecraft:walk_one_cm":976,"minecraft:sneak_time":9,"minecraft:total_world_time":4925,"minecraft:walk_under_water_one_cm":21,"minecraft:swim_one_cm":434,"minecraft:drop":1,"minecraft:fall_one_cm":3668,"minecraft:fly_one_cm":12451}},"DataVersion":3465}