{"stats":{"minecraft:mined":{"minecraft:podzol":2,"minecraft:potted_lily_of_the_valley":1,"minecraft:brown_carpet":9,"minecraft:crafting_table":1,"biomesoplenty:bush":2,"minecraft:grass_block":2,"biomesoplenty:high_grass_plant":3,"minecraft:tall_grass":3,"minecraft:oak_planks":1,"mysticalagriculture:inferium_ore":9,"minecraft:seagrass":2,"biomesoplenty:tall_lavender":3,"minecraft:iron_ore":17,"biomesoplenty:lavender":20,"minecraft:tnt":2,"minecraft:bookshelf":2,"minecraft:grass":19,"biomesoplenty:high_grass":3,"minecraft:oak_log":55,"minecraft:coal_ore":37,"croptopia:apple_crop":3,"delightful:mini_melon":1,"minecraft:dirt":3,"minecraft:stone":5,"minecraft:green_bed":1,"minecraft:fern":1},"minecraft:killed":{"minecraft:sheep":3},"minecraft:dropped":{"tombstone:gift":1,"biomesoplenty:maple_sapling":1,"minecraft:lily_of_the_valley":1,"minecraft:dirt":4,"minecraft:flower_pot":1,"tombstone:grave_key":2,"immersiveengineering:seed":1,"twigs:twig":6},"minecraft:killed_by":{"minecraft:player":2,"irons_spellbooks:necromancer":1,"minecraft:zombie":1},"minecraft:picked_up":{"biomesoplenty:lavender":17,"minecraft:crafting_table":1,"occultism:datura_seeds":1,"alltheores:osmium_ingot":64,"minecraft:wheat":11,"minecraft:flower_pot":1,"minecraft:lead":6,"minecraft:enchanted_book":4,"minecraft:oak_log":54,"tombstone:grave_key":2,"sophisticatedstorage:basic_to_iron_tier_upgrade":1,"minecraft:gunpowder":12,"silentgear:sinew":1,"minecraft:dirt":113,"biomesoplenty:tall_lavender":3,"minecraft:item_frame":1,"minecraft:apple":18,"mysticalagriculture:inferium_essence":28,"delightful:mini_melon":1,"mekanism:upgrade_speed":1,"minecraft:raw_gold":3,"minecraft:iron_ingot":6,"minecraft:oak_boat":1,"twigs:twig":7,"delightful:green_tea_leaf":1,"minecraft:chest":2,"minecraft:oak_planks":36,"ironfurnaces:iron_furnace":2,"minecraft:book":6,"minecraft:stick":6,"minecraft:raw_iron":17,"apotheosis:gem":3,"minecraft:green_bed":1,"minecraft:torch":8,"potionsmaster:bezoar":2,"minecraft:lily_of_the_valley":1,"minecraft:tnt":2,"minecraft:brown_carpet":9,"eidolon:tattered_cloth":2,"biomesoplenty:maple_sapling":1,"minecraft:arrow":3,"minecraft:rotten_flesh":10,"minecraft:diamond":4,"immersiveengineering:seed":1,"waystones:waystone":1,"alltheores:osmium_dust":48,"alltheores:raw_osmium":69,"minecraft:oak_sapling":14,"minecraft:mutton":5,"minecraft:coal":38,"minecraft:white_wool":7,"minecraft:cobblestone":62},"minecraft:custom":{"lootr:looted_stat":1,"minecraft:interact_with_furnace":2,"minecraft:mob_kills":4,"minecraft:interact_with_crafting_table":14,"minecraft:time_since_death":16664,"minecraft:sleep_in_bed":3,"minecraft:time_since_rest":10835,"minecraft:sprint_one_cm":110448,"minecraft:damage_taken":1503,"minecraft:walk_one_cm":70535,"minecraft:drop":12,"minecraft:damage_dealt":350,"minecraft:swim_one_cm":15812,"minecraft:fly_one_cm":290576,"minecraft:open_chest":2,"minecraft:deaths":4,"minecraft:crouch_one_cm":1900,"minecraft:play_time":40925,"minecraft:sneak_time":764,"minecraft:walk_under_water_one_cm":743,"minecraft:jump":1093,"minecraft:walk_on_water_one_cm":4237,"minecraft:total_world_time":40925,"minecraft:fall_one_cm":28379},"minecraft:crafted":{"minecraft:oak_planks":46,"minecraft:crafting_table":4,"minecraft:wooden_pickaxe":1,"minecraft:lever":1,"minecraft:air":275,"minecraft:oak_boat":2,"minecraft:stick":14,"minecraft:stone_pickaxe":1,"minecraft:white_bed":1,"minecraft:torch":14,"minecraft:oak_fence":1},"minecraft:used":{"minecraft:oak_fence":2,"minecraft:stone_pickaxe":69,"minecraft:oak_planks":7,"minecraft:wooden_pickaxe":3,"minecraft:green_bed":1,"minecraft:dirt":2,"minecraft:tnt":2,"minecraft:crafting_table":5,"minecraft:lever":1,"minecraft:apple":7,"minecraft:brown_carpet":9,"minecraft:oak_boat":2}},"DataVersion":3465}