{"stats":{"minecraft:killed":{"minecraft:creeper":1,"minecraft:skeleton":1,"minecraft:zombie":2},"minecraft:killed_by":{"minecraft:skeleton":1},"minecraft:picked_up":{"minecraft:crafting_table":3,"sushigocrafting:rice_seeds":1,"minecraft:oak_log":18,"minecraft:dirt":5,"minecraft:apple":1,"minecraft:wheat_seeds":3,"mysticalagriculture:inferium_essence":1,"delightful:acorn":2,"minecraft:rose_bush":1,"minecraft:calcite":1,"twigs:twig":1,"minecraft:gray_bed":1,"thermal:spinach_seeds":1,"minecraft:oak_planks":9,"minecraft:furnace":1,"minecraft:raw_iron":48,"gtceu:marble_cobblestone":4,"minecolonies:durum":1,"thermal:peanut_seeds":1,"immersiveengineering:seed":6,"minecraft:stone_axe":1,"waystones:waystone":1,"minecraft:oak_sapling":6,"minecraft:coal":10,"minecraft:cobblestone":128},"minecraft:mined":{"minecraft:crafting_table":3,"biomesoplenty:bush":41,"minecraft:grass_block":4,"minecraft:calcite":1,"minecraft:rose_bush":1,"minecraft:oak_planks":9,"minecraft:furnace":1,"minecraft:iron_ore":39,"minecraft:gray_bed":1,"gtceu:marble":4,"minecraft:grass":27,"minecraft:oak_log":18,"minecraft:coal_ore":10,"minecraft:deepslate_iron_ore":9,"minecraft:dirt":1,"minecraft:stone":128,"minecraft:oak_leaves":3},"minecraft:custom":{"lootr:looted_stat":2,"minecraft:mob_kills":4,"minecraft:interact_with_crafting_table":3,"minecraft:leave_game":1,"minecraft:time_since_death":3225,"minecraft:time_since_rest":2588,"minecraft:sprint_one_cm":59849,"minecraft:damage_taken":405,"minecraft:walk_one_cm":44364,"minecraft:drop":10,"minecraft:damage_dealt":790,"minecraft:swim_one_cm":841,"minecraft:fly_one_cm":58335,"minecraft:crouch_one_cm":7373,"minecraft:play_time":23396,"tombstone:undead_killed":3,"minecraft:deaths":1,"minecraft:sneak_time":1829,"minecraft:walk_under_water_one_cm":2274,"minecraft:jump":537,"minecraft:walk_on_water_one_cm":1611,"minecraft:total_world_time":23396,"minecraft:fall_one_cm":15024},"minecraft:dropped":{"thermal:spinach_seeds":1,"minecraft:stone_axe":1,"minecraft:wheat_seeds":3,"minecraft:apple":1,"sushigocrafting:rice_seeds":1,"delightful:acorn":2,"minecolonies:durum":1,"thermal:peanut_seeds":1,"immersiveengineering:seed":4,"twigs:twig":1},"minecraft:broken":{"minecraft:stone_pickaxe":1,"minecraft:wooden_pickaxe":1},"minecraft:crafted":{"minecraft:oak_planks":18,"minecraft:crafting_table":2,"minecraft:wooden_pickaxe":1,"minecraft:stone_axe":1,"minecraft:air":76,"tombstone:grave_key":1,"minecraft:stick":8,"minecraft:stone_pickaxe":2},"minecraft:used":{"minecraft:calcite":1,"minecraft:rose_bush":1,"minecraft:stone_pickaxe":134,"minecraft:oak_planks":9,"minecraft:wooden_pickaxe":59,"minecraft:dirt":5,"minecraft:crafting_table":4,"gtceu:marble_cobblestone":1,"minecraft:bread":3,"minecraft:stone_axe":22,"minecraft:cobblestone":94,"minecraft:oak_sapling":6}},"DataVersion":3465}