{"stats":{"minecraft:killed":{"irons_spellbooks:summoned_zombie":7,"minecraft:spider":4,"minecraft:skeleton":9,"eidolon:wraith":5,"minecraft:wandering_trader":1,"irons_spellbooks:necromancer":2,"minecraft:creeper":2,"minecraft:sheep":3,"minecraft:trader_llama":2,"minecraft:zombie":16,"eidolon:zombie_brute":3,"creeperoverhaul:savannah_creeper":1,"minecraft:enderman":2,"minecraft:cow":1},"minecraft:custom":{"lootr:looted_stat":10,"minecraft:mob_kills":63,"minecraft:interact_with_crafting_table":33,"minecraft:damage_dealt_resisted":82,"minecraft:eat_cake_slice":4,"minecraft:leave_game":5,"minecraft:time_since_death":51847,"minecraft:damage_resisted":0,"minecraft:sprint_one_cm":403143,"minecraft:walk_one_cm":317237,"minecraft:damage_blocked_by_shield":1045,"minecraft:drop":74,"minecraft:talked_to_villager":1,"minecraft:play_time":227989,"minecraft:sneak_time":10178,"minecraft:deaths":7,"minecraft:walk_under_water_one_cm":10300,"tombstone:tomb_raiding":1,"minecraft:jump":3683,"minecraft:walk_on_water_one_cm":6159,"minecraft:total_world_time":227989,"minecraft:interact_with_furnace":96,"minecraft:sleep_in_bed":10,"minecraft:time_since_rest":7548,"minecraft:waystone_activated":2,"minecraft:damage_taken":3131,"tombstone:sneak_grave":1,"minecraft:damage_dealt":13345,"minecraft:player_kills":2,"minecraft:swim_one_cm":14910,"minecraft:fly_one_cm":852316,"minecraft:open_chest":122,"minecraft:crouch_one_cm":40366,"tombstone:undead_killed":42,"tombstone:villager_killed":1,"minecraft:fall_one_cm":240519},"minecraft:mined":{"mekanismgenerators:wind_generator":1,"alltheores:osmium_ore":127,"mekanismgenerators:heat_generator":1,"biomesoplenty:bush":42,"minecraft:grass_block":206,"quark:jasper":6,"minecraft:redstone_ore":1,"minecraft:furnace":1,"minecraft:iron_ore":120,"minecraft:fire":2,"minecraft:andesite":66,"evilcraft:dark_ore":3,"minecraft:deepslate_lapis_ore":1,"biomesoplenty:high_grass":64,"minecraft:deepslate_iron_ore":25,"minecraft:stone":908,"minecraft:tripwire":1,"packingtape:packaged_block":2,"minecraft:deepslate_redstone_ore":12,"ironfurnaces:iron_furnace":1,"minecraft:crafting_table":6,"quark:cobblestone_bricks":28,"minecraft:calcite":1,"minecraft:chest":2,"minecraft:rose_bush":1,"biomesoplenty:high_grass_plant":57,"minecraft:copper_ore":16,"minecraft:tall_grass":8,"theurgy:sal_ammoniac_ore":7,"minecraft:deepslate_gold_ore":3,"minecraft:oak_planks":201,"alltheores:deepslate_osmium_ore":8,"minecraft:magenta_bed":1,"minecraft:gray_bed":3,"minecraft:tnt":1,"gtceu:marble":4,"minecraft:grass":171,"minecraft:coal_ore":137,"minecraft:oak_log":65,"minecraft:gravel":29,"minecraft:dirt":223,"minecraft:gold_ore":3,"minecraft:oak_leaves":48},"minecraft:used":{"minecraft:rose_bush":1,"minecraft:stone_shovel":87,"minecraft:chest":8,"potionsmaster:bezoar":2,"minecraft:shield":25,"minecraft:rotten_flesh":10,"minecraft:torch":20,"minecraft:dirt":88,"gtceu:marble_cobblestone":4,"minecraft:wooden_axe":27,"mekanismgenerators:heat_generator":2,"minecraft:iron_axe":202,"mekanismgenerators:wind_generator":2,"ironfurnaces:iron_furnace":5,"minecraft:oak_sapling":16,"minecraft:furnace":1,"minecraft:gray_bed":2,"tombstone:gift":3,"minecraft:cooked_beef":9,"minecraft:calcite":1,"minecraft:cooked_mutton":4,"quark:cobblestone_bricks":225,"minecraft:oak_planks":245,"minecraft:stone_pickaxe":237,"minecraft:wooden_pickaxe":59,"minecraft:chainmail_helmet":1,"mekanismtools:osmium_axe":52,"minecraft:magenta_bed":1,"minecraft:crafting_table":8,"packingtape:tape":2,"mekanismtools:osmium_pickaxe":940,"waystones:waystone":2,"minecraft:bread":8,"minecraft:string":1,"sophisticatedstorage:basic_to_iron_tier_upgrade":1,"minecraft:iron_pickaxe":250,"tombstone:magic_scroll":2,"packingtape:packaged_block":2,"tombstone:grave_key":1,"minecraft:stone_axe":94,"mekanismtools:osmium_shovel":342,"minecraft:cobblestone":166,"minecraft:andesite":57,"mekanismtools:osmium_leggings":1,"minecraft:golden_pickaxe":38},"minecraft:killed_by":{"eidolon:wraith":1,"irons_spellbooks:necromancer":3,"minecraft:skeleton":2},"minecraft:broken":{"minecraft:wooden_pickaxe":1,"minecraft:stone_pickaxe":2,"minecraft:iron_axe":1,"minecraft:stone_axe":1,"minecraft:iron_pickaxe":1,"minecraft:golden_pickaxe":1},"minecraft:crafted":{"minecraft:oak_planks":64,"minecraft:stone_shovel":1,"utilitix:tiny_charcoal":8,"mekanismtools:osmium_shovel":1,"alltheores:copper_dust":16,"alltheores:iron_ore_hammer":1,"mekanismtools:osmium_chestplate":1,"minecraft:furnace":3,"alltheores:gold_dust":6,"ironfurnaces:iron_furnace":2,"mekanismgenerators:heat_generator":1,"minecraft:cooked_mutton":4,"mekanismtools:osmium_axe":1,"alltheores:copper_ore_hammer":1,"alltheores:osmium_dust":56,"tombstone:grave_key":3,"quark:cobblestone_bricks":70,"minecraft:stone_pickaxe":2,"mekanismtools:osmium_boots":1,"minecraft:chest":5,"minecraft:copper_block":2,"mekanismtools:osmium_helmet":1,"packingtape:tape":1,"sophisticatedbackpacks:iron_backpack":1,"mekanismtools:osmium_pickaxe":1,"minecraft:cooked_beef":1,"sophisticatedbackpacks:backpack":1,"alltheores:osmium_ingot":0,"minecraft:crafting_table":2,"minecraft:wooden_pickaxe":1,"ironfurnaces:upgrade_iron":1,"minecraft:copper_ingot":0,"sophisticatedbackpacks:gold_backpack":1,"sophisticatedstorage:basic_to_iron_tier_upgrade":1,"mekanismtools:osmium_leggings":1,"minecraft:stone_axe":1,"minecraft:air":925,"minecraft:charcoal":1,"minecraft:shield":1,"minecraft:stick":40,"minecraft:iron_ingot":60,"minecraft:iron_pickaxe":1,"minecraft:wooden_axe":1,"minecraft:iron_block":2,"minecraft:gold_ingot":0,"alltheores:iron_dust":127,"minecraft:redstone_torch":1,"minecraft:acacia_planks":4,"minecraft:torch":20},"minecraft:picked_up":{"alltheores:osmium_ingot":128,"minecraft:crafting_table":7,"minecraft:wheat":22,"minecraft:lead":6,"irons_spellbooks:tarnished_helmet":2,"artifacts:bunny_hoppers":1,"minecraft:stone_brick_wall":1,"minecraft:enchanted_book":8,"sophisticatedstorage:basic_to_iron_tier_upgrade":2,"mekanismgenerators:heat_generator":1,"silentgear:sinew":1,"minecraft:string":8,"evilcraft:ender_tear":1,"minecraft:raw_copper":68,"minecraft:item_frame":4,"mekanism:upgrade_speed":2,"irons_spellbooks:arcane_essence":1,"mysticalagriculture:inferium_essence":12,"delightful:acorn":3,"twigs:pebble":4,"minecraft:beef":1,"minecolonies:eggplant":1,"minecraft:rose_bush":1,"minecraft:calcite":1,"minecraft:spruce_slab":2,"minecraft:chest":4,"thermal:spinach_seeds":1,"minecraft:furnace":1,"minecraft:raw_iron":153,"minecraft:stick":12,"apotheosis:gem":15,"reliquary:rib_bone":1,"thermal:sadiroot_seeds":1,"minecraft:torch":16,"potionsmaster:bezoar":2,"minecraft:acacia_log":1,"gtceu:marble_cobblestone":4,"tombstone:grave_dust":2,"minecraft:trident":1,"minecraft:redstone":56,"eidolon:tattered_cloth":6,"minecraft:tnt":2,"thermal:peanut_seeds":3,"minecraft:arrow":11,"minecraft:rotten_flesh":40,"alltheores:osmium_dust":96,"alltheores:iron_dust":64,"alltheores:raw_osmium":277,"minecraft:mutton":4,"minecraft:white_wool":9,"minecraft:cobblestone":900,"occultism:datura_seeds":5,"sushigocrafting:rice_seeds":2,"minecraft:andesite":69,"minecraft:leather":4,"minecraft:flint":8,"minecolonies:tomato":2,"minecolonies:onion":1,"minecraft:oak_log":65,"evilcraft:flesh_humanoid":2,"minecraft:magenta_bed":1,"minecraft:cobblestone_wall":7,"minecraft:gunpowder":24,"minecraft:lapis_lazuli":4,"minecraft:dirt":380,"minecolonies:bell_pepper":1,"tombstone:gift":1,"minecraft:cooked_mutton":1,"bhc:red_heart":5,"sushigocrafting:wasabi_seeds":2,"minecraft:bone":5,"minecraft:apple":1,"theurgy:sal_ammoniac_crystal":7,"delightful:mini_melon":2,"minecraft:wheat_seeds":9,"minecraft:raw_gold":15,"minecraft:iron_ingot":12,"minecraft:stone_pickaxe":1,"mekanismtools:osmium_shovel":1,"thermal:tomato_seeds":1,"minecolonies:garlic":1,"twigs:twig":5,"minecraft:gray_bed":3,"minecraft:oak_planks":271,"minecraft:iron_sword":1,"ironfurnaces:iron_furnace":3,"minecraft:book":6,"sushigocrafting:cucumber_seeds":2,"minecraft:gravel":35,"minecraft:sand":21,"minecolonies:durum":1,"thermal:green_bean_seeds":1,"thermal:onion_seeds":1,"minecraft:spider_eye":1,"quark:jasper":6,"quark:cobblestone_bricks":27,"mekanismgenerators:wind_generator":1,"minecraft:stone_axe":1,"minecraft:diamond":8,"immersiveengineering:seed":38,"minecraft:lever":1,"waystones:waystone":5,"minecraft:chainmail_leggings":1,"evilcraft:dark_gem":13,"minecraft:iron_helmet":1,"minecraft:chainmail_helmet":1,"tombstone:magic_scroll":1,"minecraft:oak_sapling":17,"packingtape:packaged_block":2,"minecraft:coal":151,"minecraft:ender_pearl":2},"minecraft:dropped":{"minecraft:enchanted_book":4,"minecraft:iron_ingot":6,"occultism:datura_seeds":1,"minecraft:wheat_seeds":4,"minecraft:tnt":1,"minecraft:diamond":4,"minecraft:crafting_table":1,"minecraft:cobblestone":59,"minecraft:lead":2,"minecraft:book":6,"eidolon:tattered_cloth":2,"minecraft:apple":1,"delightful:mini_melon":1,"irons_spellbooks:tarnished_helmet":1,"silentgear:sinew":1,"minecraft:item_frame":2,"minecraft:stick":6,"alltheores:osmium_ingot":64,"minecraft:dirt":106,"sophisticatedstorage:basic_to_iron_tier_upgrade":1,"minecraft:torch":8,"mekanism:upgrade_speed":1,"tombstone:grave_dust":1,"delightful:acorn":2,"mekanismtools:osmium_shovel":1,"thermal:peanut_seeds":1,"minecraft:white_wool":3,"twigs:twig":1,"minecraft:bone":1,"minecraft:gravel":11,"thermal:spinach_seeds":1,"minecraft:stone_axe":1,"minecraft:cobblestone_wall":7,"alltheores:raw_osmium":69,"minecraft:wheat":11,"minecraft:rotten_flesh":10,"minecraft:oak_planks":35,"sushigocrafting:rice_seeds":1,"minecraft:cooked_mutton":1,"evilcraft:flesh_humanoid":1,"minecraft:gunpowder":12,"alltheores:osmium_dust":48,"minecraft:andesite":5,"apotheosis:gem":4,"minecraft:stone_brick_wall":1,"minecraft:spruce_slab":2,"minecraft:arrow":3,"minecolonies:durum":1,"minecraft:raw_gold":6,"minecraft:stone_pickaxe":1,"waystones:waystone":1,"immersiveengineering:seed":4}},"DataVersion":3465}