{"stats":{"minecraft:broken":{"minecraft:wooden_pickaxe":1,"minecraft:stone_pickaxe":2,"minecraft:iron_axe":1,"minecraft:stone_axe":1,"minecraft:iron_pickaxe":1,"minecraft:golden_pickaxe":1},"minecraft:mined":{"alltheores:osmium_ore":121,"biomesoplenty:bush":42,"minecraft:grass_block":176,"minecraft:furnace":1,"minecraft:iron_ore":106,"minecraft:fire":2,"minecraft:andesite":66,"evilcraft:dark_ore":3,"biomesoplenty:high_grass":64,"minecraft:deepslate_iron_ore":9,"minecraft:stone":584,"packingtape:packaged_block":2,"ironfurnaces:iron_furnace":1,"minecraft:crafting_table":6,"quark:cobblestone_bricks":25,"minecraft:calcite":1,"minecraft:chest":2,"minecraft:rose_bush":1,"biomesoplenty:high_grass_plant":57,"minecraft:tall_grass":8,"minecraft:copper_ore":4,"theurgy:sal_ammoniac_ore":7,"minecraft:oak_planks":201,"minecraft:magenta_bed":1,"minecraft:gray_bed":3,"minecraft:tnt":1,"gtceu:marble":4,"minecraft:grass":171,"minecraft:oak_log":64,"minecraft:coal_ore":92,"minecraft:gravel":29,"minecraft:dirt":201,"minecraft:gold_ore":3,"minecraft:oak_leaves":47},"minecraft:killed":{"irons_spellbooks:summoned_zombie":7,"minecraft:skeleton":7,"eidolon:wraith":3,"minecraft:wandering_trader":1,"irons_spellbooks:necromancer":2,"minecraft:creeper":2,"minecraft:sheep":3,"minecraft:trader_llama":2,"minecraft:zombie":11,"eidolon:zombie_brute":3,"creeperoverhaul:savannah_creeper":1,"minecraft:cow":1},"minecraft:killed_by":{"eidolon:wraith":1,"irons_spellbooks:necromancer":2,"minecraft:skeleton":2},"minecraft:picked_up":{"alltheores:osmium_ingot":128,"minecraft:crafting_table":7,"minecraft:wheat":22,"irons_spellbooks:tarnished_helmet":2,"artifacts:bunny_hoppers":1,"minecraft:lead":6,"minecraft:stone_brick_wall":1,"minecraft:enchanted_book":8,"sophisticatedstorage:basic_to_iron_tier_upgrade":2,"silentgear:sinew":1,"minecraft:raw_copper":16,"minecraft:item_frame":4,"mekanism:upgrade_speed":2,"irons_spellbooks:arcane_essence":1,"mysticalagriculture:inferium_essence":11,"twigs:pebble":4,"delightful:acorn":2,"minecraft:beef":1,"minecolonies:eggplant":1,"minecraft:rose_bush":1,"minecraft:calcite":1,"minecraft:spruce_slab":2,"minecraft:chest":4,"thermal:spinach_seeds":1,"minecraft:furnace":1,"minecraft:stick":12,"minecraft:raw_iron":123,"apotheosis:gem":14,"reliquary:rib_bone":1,"minecraft:torch":16,"thermal:sadiroot_seeds":1,"minecraft:acacia_log":1,"potionsmaster:bezoar":2,"gtceu:marble_cobblestone":4,"tombstone:grave_dust":2,"minecraft:trident":1,"minecraft:tnt":2,"eidolon:tattered_cloth":6,"thermal:peanut_seeds":3,"minecraft:arrow":9,"minecraft:rotten_flesh":37,"alltheores:osmium_dust":96,"alltheores:iron_dust":64,"alltheores:raw_osmium":263,"minecraft:mutton":4,"minecraft:white_wool":9,"minecraft:cobblestone":576,"occultism:datura_seeds":5,"sushigocrafting:rice_seeds":2,"minecraft:andesite":69,"minecraft:leather":4,"minecolonies:onion":1,"minecolonies:tomato":2,"minecraft:flint":8,"minecraft:oak_log":64,"evilcraft:flesh_humanoid":2,"minecraft:gunpowder":24,"minecraft:magenta_bed":1,"minecraft:cobblestone_wall":7,"minecraft:dirt":328,"minecolonies:bell_pepper":1,"tombstone:gift":1,"minecraft:cooked_mutton":1,"bhc:red_heart":5,"theurgy:sal_ammoniac_crystal":7,"minecraft:bone":5,"sushigocrafting:wasabi_seeds":2,"minecraft:apple":1,"delightful:mini_melon":2,"minecraft:wheat_seeds":9,"minecraft:raw_gold":9,"mekanismtools:osmium_shovel":1,"minecraft:iron_ingot":12,"minecraft:stone_pickaxe":1,"thermal:tomato_seeds":1,"minecolonies:garlic":1,"twigs:twig":5,"minecraft:gray_bed":3,"minecraft:iron_sword":1,"minecraft:oak_planks":271,"ironfurnaces:iron_furnace":3,"minecraft:book":6,"sushigocrafting:cucumber_seeds":2,"minecraft:gravel":35,"minecraft:sand":21,"minecolonies:durum":1,"thermal:green_bean_seeds":1,"thermal:onion_seeds":1,"quark:cobblestone_bricks":24,"minecraft:diamond":8,"immersiveengineering:seed":38,"minecraft:lever":1,"minecraft:stone_axe":1,"waystones:waystone":5,"minecraft:chainmail_leggings":1,"evilcraft:dark_gem":13,"minecraft:iron_helmet":1,"minecraft:chainmail_helmet":1,"tombstone:magic_scroll":1,"minecraft:oak_sapling":16,"packingtape:packaged_block":2,"minecraft:coal":106},"minecraft:dropped":{"minecraft:enchanted_book":4,"minecraft:iron_ingot":6,"occultism:datura_seeds":1,"minecraft:wheat_seeds":4,"minecraft:tnt":1,"minecraft:diamond":4,"minecraft:crafting_table":1,"minecraft:lead":2,"minecraft:cobblestone":59,"minecraft:book":6,"eidolon:tattered_cloth":2,"minecraft:apple":1,"delightful:mini_melon":1,"irons_spellbooks:tarnished_helmet":1,"silentgear:sinew":1,"minecraft:item_frame":2,"minecraft:stick":6,"alltheores:osmium_ingot":64,"minecraft:dirt":106,"sophisticatedstorage:basic_to_iron_tier_upgrade":1,"minecraft:torch":8,"mekanism:upgrade_speed":1,"tombstone:grave_dust":1,"delightful:acorn":2,"mekanismtools:osmium_shovel":1,"thermal:peanut_seeds":1,"minecraft:white_wool":3,"twigs:twig":1,"minecraft:bone":1,"minecraft:gravel":11,"thermal:spinach_seeds":1,"minecraft:stone_axe":1,"minecraft:cobblestone_wall":7,"alltheores:raw_osmium":69,"minecraft:wheat":11,"minecraft:rotten_flesh":10,"minecraft:oak_planks":35,"sushigocrafting:rice_seeds":1,"minecraft:cooked_mutton":1,"evilcraft:flesh_humanoid":1,"minecraft:gunpowder":12,"alltheores:osmium_dust":48,"minecraft:andesite":5,"apotheosis:gem":4,"minecraft:stone_brick_wall":1,"waystones:waystone":1,"minecraft:spruce_slab":2,"minecraft:raw_gold":3,"minecraft:arrow":3,"minecolonies:durum":1,"minecraft:stone_pickaxe":1,"immersiveengineering:seed":4},"minecraft:custom":{"lootr:looted_stat":10,"minecraft:mob_kills":45,"minecraft:interact_with_crafting_table":23,"minecraft:damage_dealt_resisted":82,"minecraft:eat_cake_slice":4,"minecraft:leave_game":3,"minecraft:time_since_death":4244,"minecraft:damage_resisted":0,"minecraft:sprint_one_cm":337382,"minecraft:walk_one_cm":263716,"minecraft:damage_blocked_by_shield":505,"minecraft:drop":73,"minecraft:play_time":168036,"minecraft:deaths":6,"minecraft:sneak_time":9336,"minecraft:walk_under_water_one_cm":10300,"tombstone:tomb_raiding":1,"minecraft:jump":3054,"minecraft:walk_on_water_one_cm":5585,"minecraft:total_world_time":168036,"minecraft:interact_with_furnace":47,"minecraft:sleep_in_bed":7,"minecraft:time_since_rest":4099,"minecraft:waystone_activated":1,"minecraft:damage_taken":2532,"tombstone:sneak_grave":1,"minecraft:damage_dealt":9917,"minecraft:player_kills":2,"minecraft:swim_one_cm":14910,"minecraft:fly_one_cm":701401,"minecraft:open_chest":43,"minecraft:crouch_one_cm":37123,"tombstone:undead_killed":33,"tombstone:villager_killed":1,"minecraft:fall_one_cm":200272},"minecraft:crafted":{"minecraft:oak_planks":64,"minecraft:stone_shovel":1,"mekanismtools:osmium_shovel":1,"alltheores:copper_dust":16,"alltheores:iron_ore_hammer":1,"mekanismtools:osmium_chestplate":1,"minecraft:furnace":2,"ironfurnaces:iron_furnace":2,"minecraft:cooked_mutton":4,"mekanismtools:osmium_axe":1,"alltheores:osmium_dust":56,"tombstone:grave_key":2,"quark:cobblestone_bricks":51,"minecraft:stone_pickaxe":2,"mekanismtools:osmium_boots":1,"minecraft:chest":4,"mekanismtools:osmium_helmet":1,"packingtape:tape":1,"mekanismtools:osmium_pickaxe":1,"minecraft:cooked_beef":1,"alltheores:osmium_ingot":0,"minecraft:crafting_table":2,"minecraft:wooden_pickaxe":1,"ironfurnaces:upgrade_iron":1,"minecraft:copper_ingot":0,"mekanismtools:osmium_leggings":1,"minecraft:stone_axe":1,"minecraft:air":761,"minecraft:shield":1,"minecraft:stick":32,"minecraft:iron_ingot":60,"minecraft:iron_pickaxe":1,"minecraft:wooden_axe":1,"minecraft:iron_block":2,"alltheores:iron_dust":89,"minecraft:acacia_planks":4},"minecraft:used":{"minecraft:rose_bush":1,"minecraft:stone_shovel":87,"minecraft:chest":8,"potionsmaster:bezoar":2,"minecraft:shield":17,"minecraft:rotten_flesh":7,"minecraft:dirt":80,"gtceu:marble_cobblestone":4,"minecraft:wooden_axe":27,"minecraft:iron_axe":202,"ironfurnaces:iron_furnace":5,"minecraft:oak_sapling":16,"minecraft:furnace":1,"minecraft:gray_bed":2,"tombstone:gift":1,"minecraft:cooked_beef":9,"minecraft:calcite":1,"quark:cobblestone_bricks":137,"minecraft:oak_planks":245,"minecraft:stone_pickaxe":237,"minecraft:wooden_pickaxe":59,"minecraft:chainmail_helmet":1,"mekanismtools:osmium_axe":17,"minecraft:magenta_bed":1,"minecraft:crafting_table":8,"packingtape:tape":2,"mekanismtools:osmium_pickaxe":484,"waystones:waystone":1,"minecraft:bread":8,"minecraft:iron_pickaxe":250,"packingtape:packaged_block":2,"tombstone:grave_key":1,"minecraft:stone_axe":94,"mekanismtools:osmium_shovel":293,"minecraft:cobblestone":113,"minecraft:andesite":57,"mekanismtools:osmium_leggings":1,"minecraft:golden_pickaxe":38}},"DataVersion":3465}