{"stats":{"minecraft:killed_by":{"eidolon:wraith":1,"minecraft:skeleton":1},"minecraft:killed":{"minecraft:skeleton":4,"eidolon:wraith":2,"minecraft:wandering_trader":1,"minecraft:creeper":1,"minecraft:sheep":3,"minecraft:trader_llama":2,"minecraft:zombie":7,"eidolon:zombie_brute":3,"creeperoverhaul:savannah_creeper":1,"minecraft:cow":1},"minecraft:picked_up":{"minecraft:crafting_table":4,"artifacts:bunny_hoppers":1,"minecraft:lead":2,"minecraft:stone_brick_wall":1,"silentgear:sinew":1,"minecraft:raw_copper":16,"minecraft:item_frame":2,"mysticalagriculture:inferium_essence":6,"delightful:acorn":2,"minecraft:beef":1,"minecolonies:eggplant":1,"minecraft:rose_bush":1,"minecraft:calcite":1,"minecraft:spruce_slab":2,"thermal:spinach_seeds":1,"minecraft:furnace":1,"minecraft:raw_iron":76,"apotheosis:gem":5,"thermal:sadiroot_seeds":1,"potionsmaster:bezoar":2,"minecraft:acacia_log":1,"gtceu:marble_cobblestone":4,"eidolon:tattered_cloth":2,"thermal:peanut_seeds":3,"minecraft:arrow":2,"minecraft:rotten_flesh":13,"alltheores:raw_osmium":8,"minecraft:mutton":4,"minecraft:white_wool":3,"minecraft:cobblestone":193,"occultism:datura_seeds":3,"sushigocrafting:rice_seeds":2,"minecraft:andesite":10,"minecraft:leather":4,"minecolonies:tomato":2,"minecolonies:onion":1,"minecraft:flint":2,"minecraft:oak_log":64,"minecraft:cobblestone_wall":7,"minecraft:dirt":107,"minecolonies:bell_pepper":1,"minecraft:cooked_mutton":1,"minecraft:bone":2,"sushigocrafting:wasabi_seeds":2,"minecraft:apple":1,"minecraft:wheat_seeds":8,"minecraft:stone_pickaxe":1,"thermal:tomato_seeds":1,"minecolonies:garlic":1,"twigs:twig":5,"minecraft:gray_bed":2,"minecraft:oak_planks":13,"minecraft:book":6,"sushigocrafting:cucumber_seeds":2,"minecolonies:durum":1,"thermal:green_bean_seeds":1,"thermal:onion_seeds":1,"immersiveengineering:seed":21,"minecraft:stone_axe":1,"waystones:waystone":2,"minecraft:chainmail_leggings":1,"minecraft:oak_sapling":16,"minecraft:coal":20},"minecraft:mined":{"alltheores:osmium_ore":4,"biomesoplenty:bush":41,"minecraft:grass_block":103,"minecraft:furnace":1,"minecraft:iron_ore":59,"minecraft:fire":2,"minecraft:andesite":5,"biomesoplenty:high_grass":62,"minecraft:deepslate_iron_ore":9,"minecraft:stone":195,"minecraft:crafting_table":3,"minecraft:calcite":1,"minecraft:rose_bush":1,"biomesoplenty:high_grass_plant":54,"minecraft:tall_grass":8,"minecraft:copper_ore":4,"minecraft:oak_planks":13,"minecraft:gray_bed":2,"gtceu:marble":4,"minecraft:grass":168,"minecraft:coal_ore":12,"minecraft:oak_log":64,"minecraft:gravel":2,"minecraft:dirt":4,"minecraft:oak_leaves":47},"minecraft:custom":{"lootr:looted_stat":3,"minecraft:mob_kills":25,"minecraft:interact_with_crafting_table":12,"minecraft:damage_dealt_resisted":82,"minecraft:leave_game":1,"minecraft:time_since_death":22846,"minecraft:sprint_one_cm":221891,"minecraft:walk_one_cm":143889,"minecraft:damage_blocked_by_shield":60,"minecraft:drop":20,"minecraft:play_time":83396,"minecraft:deaths":3,"minecraft:sneak_time":3177,"minecraft:walk_under_water_one_cm":3266,"minecraft:jump":2004,"minecraft:walk_on_water_one_cm":3628,"minecraft:total_world_time":83396,"minecraft:interact_with_furnace":15,"minecraft:sleep_in_bed":5,"minecraft:time_since_rest":5015,"minecraft:waystone_activated":1,"minecraft:damage_taken":1242,"minecraft:damage_dealt":4925,"minecraft:swim_one_cm":4127,"minecraft:fly_one_cm":436328,"minecraft:open_chest":19,"minecraft:crouch_one_cm":13961,"tombstone:undead_killed":16,"tombstone:villager_killed":1,"minecraft:fall_one_cm":126630},"minecraft:dropped":{"minecraft:wheat_seeds":3,"minecraft:crafting_table":1,"minecraft:book":6,"minecraft:apple":1,"silentgear:sinew":1,"minecraft:item_frame":1,"delightful:acorn":2,"thermal:peanut_seeds":1,"twigs:twig":1,"thermal:spinach_seeds":1,"minecraft:stone_axe":1,"minecraft:cobblestone_wall":7,"sushigocrafting:rice_seeds":1,"minecraft:cooked_mutton":1,"minecraft:andesite":5,"minecraft:stone_brick_wall":1,"minecraft:spruce_slab":2,"minecolonies:durum":1,"minecraft:stone_pickaxe":1,"immersiveengineering:seed":4},"minecraft:broken":{"minecraft:wooden_pickaxe":1,"minecraft:stone_pickaxe":2,"minecraft:stone_axe":1,"minecraft:golden_pickaxe":1},"minecraft:crafted":{"minecraft:oak_planks":64,"minecraft:stone_shovel":1,"alltheores:copper_dust":16,"minecraft:cooked_mutton":4,"alltheores:osmium_dust":8,"tombstone:grave_key":1,"minecraft:stone_pickaxe":2,"minecraft:chest":2,"minecraft:cooked_beef":1,"minecraft:crafting_table":2,"minecraft:wooden_pickaxe":1,"ironfurnaces:upgrade_iron":1,"minecraft:stone_axe":1,"minecraft:air":360,"minecraft:shield":1,"minecraft:stick":16,"minecraft:iron_ingot":51,"minecraft:wooden_axe":1,"alltheores:iron_dust":26,"minecraft:acacia_planks":4},"minecraft:used":{"minecraft:rose_bush":1,"minecraft:stone_shovel":87,"potionsmaster:bezoar":2,"minecraft:chest":2,"minecraft:shield":2,"minecraft:rotten_flesh":5,"minecraft:dirt":6,"gtceu:marble_cobblestone":4,"minecraft:wooden_axe":27,"minecraft:iron_axe":3,"minecraft:oak_sapling":16,"minecraft:furnace":1,"minecraft:gray_bed":2,"tombstone:gift":1,"minecraft:cooked_beef":3,"minecraft:calcite":1,"minecraft:stone_pickaxe":237,"minecraft:oak_planks":219,"minecraft:wooden_pickaxe":59,"minecraft:crafting_table":5,"waystones:waystone":1,"minecraft:bread":8,"minecraft:stone_axe":94,"minecraft:cobblestone":113,"minecraft:golden_pickaxe":38}},"DataVersion":3465}