{"stats":{"minecraft:crafted":{"exdeorum:golden_mesh":1,"rftoolspower:coalgenerator":1,"minecraft:oak_planks":14,"rftoolsbase:machine_frame":1,"minecraft:gold_ore":64,"pickletweaks:flint_shears":1,"constructionwand:iron_wand":1,"alltheores:gold_dust":91,"croptopia:toast":0,"minecraft:copper_ingot":0,"exdeorum:diamond_mesh":1,"minecraft:stone":0,"exdeorum:compressed_stone_hammer":3,"minecraft:gold_block":5,"minecraft:air":309,"productivetrees:sawmill":1,"minecraft:blue_dye":2,"ironfurnaces:upgrade_gold":5,"alltheores:copper_ore_hammer":1,"functionalstorage:copper_upgrade":1,"minecraft:gold_nugget":9,"exdeorum:flint_mesh":1,"minecraft:stick":4,"minecraft:iron_pickaxe":1,"minecraft:chest":2,"minecraft:gold_ingot":0,"minecraft:stonecutter":1,"minecraft:copper_block":4,"minecraft:redstone_torch":1,"exdeorum:iron_mesh":1,"functionalstorage:oak_1":1},"minecraft:used":{"ironfurnaces:gold_furnace":1,"rftoolspower:coalgenerator":1,"minecraft:gold_ore":64,"minecraft:dirt":2,"constructionwand:iron_wand":6,"exdeorum:oak_barrel":1,"allthecompressed:sand_1x":1,"minecraft:iron_pickaxe":66,"exdeorum:oak_crucible":2,"minecraft:oak_sapling":1,"exdeorum:compressed_stone_hammer":1,"minecraft:cooked_beef":2,"productivetrees:sawmill":2},"minecraft:picked_up":{"minecraft:cooked_beef":16,"exdeorum:dust":9,"minecraft:oak_log":5,"exdeorum:oak_barrel":1,"minecraft:lapis_lazuli":1,"minecraft:dirt":2,"minecraft:raw_gold":64,"allthecompressed:sand_1x":1,"exdeorum:oak_crucible":2,"productivetrees:sawmill":1,"minecraft:redstone":44,"ironfurnaces:gold_furnace":1,"exdeorum:tin_ore_chunk":1,"everlastingabilities:ability_bottle":1,"minecraft:oak_leaves":55},"minecraft:mined":{"exdeorum:oak_crucible":2,"productivetrees:sawmill":1,"allthecompressed:sand_1x":2,"ironfurnaces:gold_furnace":1,"minecraft:oak_log":5,"exdeorum:oak_barrel":1,"minecraft:gold_ore":64,"minecraft:oak_leaves":55},"minecraft:custom":{"minecraft:interact_with_furnace":55,"minecraft:interact_with_crafting_table":23,"minecraft:open_barrel":1,"minecraft:leave_game":2,"minecraft:time_since_death":68899,"minecraft:time_since_rest":68899,"minecraft:sprint_one_cm":35918,"minecraft:damage_taken":169,"minecraft:walk_one_cm":34969,"minecraft:drop":30,"minecraft:use_wand":55,"minecraft:damage_dealt":140,"minecraft:fly_one_cm":35499,"minecraft:open_chest":48,"minecraft:crouch_one_cm":722,"minecraft:play_time":68899,"minecraft:sneak_time":617,"minecraft:jump":208,"minecraft:walk_on_water_one_cm":197,"minecraft:total_world_time":68899,"minecraft:fall_one_cm":5833},"minecraft:dropped":{"minecraft:enchanted_book":1,"minecraft:gravel":4,"minecraft:bread":8,"minecraft:clay":4,"minecraft:oak_slab":4,"minecraft:lapis_lazuli":1,"pickletweaks:flint_shears":1,"minecraft:cobblestone":95,"minecraft:clay_ball":7,"minecraft:oak_planks":6,"ironfurnaces:upgrade_iron":1,"minecraft:copper_ingot":4,"allthecompressed:gravel_1x":2,"minecraft:flint":5,"exdeorum:dust":4,"minecraft:torch":4,"exdeorum:tin_ore_chunk":1,"croptopia:scrambled_eggs":1,"alltheores:copper_ore_hammer":1,"minecraft:barrel":1,"minecraft:bone_meal":8,"minecraft:sand":6,"allthecompressed:soul_sand_1x":1,"allthecompressed:sand_1x":2,"minecraft:string":3,"minecraft:bone":1,"functionalstorage:copper_upgrade":1}},"DataVersion":3465}