{"stats":{"minecraft:used":{"ironfurnaces:gold_furnace":1,"exdeorum:compressed_diamond_hammer":2506,"rftoolspower:coalgenerator":1,"allthecompressed:cobblestone_1x":2441,"minecraft:gold_ore":64,"minecraft:torch":1,"minecraft:dirt":2,"constructionwand:iron_wand":6,"minecraft:white_bed":2,"alltheores:osmium_ore":122,"allthecompressed:cobblestone_2x":272,"exdeorum:oak_barrel":1,"minecraft:diamond_pickaxe":271,"allthecompressed:sand_1x":1,"minecraft:iron_pickaxe":196,"minecraft:gravel":18,"croptopia:toast":10,"exdeorum:oak_crucible":2,"constructionwand:diamond_wand":128,"minecraft:oak_sapling":1,"exdeorum:compressed_stone_hammer":1,"minecraft:cooked_beef":3,"productivetrees:sawmill":2},"minecraft:crafted":{"constructionwand:diamond_wand":1,"exdeorum:golden_mesh":1,"rftoolspower:coalgenerator":1,"minecraft:oak_planks":14,"rftoolsbase:machine_frame":1,"minecraft:gold_ore":64,"pickletweaks:flint_shears":1,"constructionwand:iron_wand":1,"alltheores:iron_ore_hammer":2,"alltheores:gold_dust":91,"croptopia:toast":0,"minecraft:copper_ingot":0,"exdeorum:diamond_mesh":1,"minecraft:stone":0,"exdeorum:compressed_stone_hammer":3,"minecraft:gold_block":5,"allthecompressed:cobblestone_1x":281,"minecraft:air":3116,"alltheores:osmium_ore":122,"productivetrees:sawmill":1,"minecraft:blue_dye":2,"ironfurnaces:upgrade_gold":5,"alltheores:copper_ore_hammer":1,"functionalstorage:copper_upgrade":1,"alltheores:osmium_dust":122,"minecraft:white_wool":6,"minecraft:diamond_pickaxe":1,"minecraft:gold_nugget":9,"exdeorum:flint_mesh":1,"minecraft:stick":20,"minecraft:iron_pickaxe":1,"minecraft:iron_block":4,"exdeorum:compressed_diamond_hammer":3,"minecraft:chest":2,"minecraft:gold_ingot":0,"minecraft:stonecutter":1,"minecraft:white_bed":2,"minecraft:copper_block":4,"minecraft:redstone_torch":1,"exdeorum:iron_mesh":1,"functionalstorage:oak_1":1},"minecraft:broken":{"constructionwand:diamond_wand":1},"minecraft:picked_up":{"croptopia:toast":5,"constructionwand:diamond_wand":2,"minecraft:cooked_beef":16,"exdeorum:dust":9,"allthecompressed:cobblestone_2x":271,"forcecraft:force_gem":1,"minecraft:oak_log":5,"exdeorum:oak_barrel":1,"minecraft:gunpowder":4,"dankstorage:dank_5":1,"minecraft:lapis_lazuli":1,"minecraft:dirt":2,"minecraft:raw_gold":64,"exdeorum:compressed_diamond_hammer":1,"minecraft:glowstone_dust":1,"exdeorum:diamond_hammer":1,"minecraft:phantom_membrane":1,"allthecompressed:sand_1x":1,"exdeorum:oak_crucible":2,"minecraft:torch":1,"minecraft:gravel":7267,"productivetrees:sawmill":1,"minecraft:redstone":44,"ironfurnaces:gold_furnace":1,"exdeorum:tin_ore_chunk":1,"everlastingabilities:ability_bottle":1,"alltheores:raw_osmium":122,"minecraft:oak_leaves":55,"minecraft:blaze_powder":1},"minecraft:mined":{"exdeorum:oak_crucible":2,"alltheores:osmium_ore":122,"allthecompressed:cobblestone_2x":271,"productivetrees:sawmill":1,"allthecompressed:sand_1x":2,"ironfurnaces:gold_furnace":1,"minecraft:oak_log":5,"exdeorum:oak_barrel":1,"minecraft:gravel":18,"allthecompressed:cobblestone_1x":2505,"minecraft:gold_ore":64,"minecraft:oak_leaves":55},"minecraft:custom":{"minecraft:interact_with_furnace":68,"minecraft:mob_kills":2,"tombstone:raider_killed":2,"minecraft:interact_with_crafting_table":30,"minecraft:open_barrel":1,"minecraft:leave_game":2,"minecraft:time_since_death":20598,"minecraft:sleep_in_bed":1,"minecraft:time_since_rest":2228,"minecraft:sprint_one_cm":84817,"minecraft:damage_taken":1302,"minecraft:walk_one_cm":112890,"minecraft:drop":182,"minecraft:use_wand":2822,"minecraft:damage_dealt":571,"minecraft:fly_one_cm":86870,"minecraft:open_chest":99,"minecraft:deaths":2,"tombstone:undead_killed":2,"minecraft:crouch_one_cm":2112,"minecraft:play_time":164899,"minecraft:sneak_time":1455,"minecraft:jump":655,"minecraft:walk_on_water_one_cm":428,"minecraft:total_world_time":164899,"minecraft:fall_one_cm":60711},"minecraft:killed_by":{"minecraft:player":1},"minecraft:dropped":{"minecraft:enchanted_book":1,"minecraft:gravel":7385,"minecraft:bread":8,"minecraft:clay":4,"minecraft:oak_slab":14,"minecraft:sugar_cane":1,"minecraft:wheat_seeds":1,"minecraft:lapis_lazuli":1,"minecraft:oak_log":3,"alltheores:raw_osmium":122,"tombstone:gift":2,"pickletweaks:flint_shears":2,"minecraft:cobblestone":95,"minecraft:clay_ball":7,"minecraft:oak_planks":73,"dankstorage:dank_5":1,"minecraft:glowstone_dust":1,"minecraft:blaze_powder":1,"ironfurnaces:upgrade_iron":1,"minecraft:copper_ingot":4,"allthecompressed:gravel_1x":2,"minecraft:stick":4,"minecraft:flint":5,"minecraft:lava_bucket":1,"exdeorum:diamond_hammer":1,"constructionwand:diamond_wand":1,"minecraft:gunpowder":4,"constructionwand:iron_wand":1,"minecraft:ice":1,"exdeorum:dust":4,"minecraft:torch":4,"exdeorum:tin_ore_chunk":1,"forcecraft:force_gem":1,"mysticalagriculture:inferium_essence":5,"exdeorum:compressed_stone_hammer":1,"croptopia:scrambled_eggs":1,"minecraft:oak_sapling":1,"alltheores:copper_ore_hammer":2,"minecraft:gold_nugget":7,"minecraft:barrel":1,"minecraft:bone_meal":8,"minecraft:phantom_membrane":1,"minecraft:sand":6,"minecraft:iron_pickaxe":2,"minecraft:stone_pickaxe":1,"allthecompressed:soul_sand_1x":1,"allthecompressed:sand_1x":2,"minecraft:cactus":1,"minecraft:string":27,"minecraft:bucket":2,"minecraft:bone":1,"functionalstorage:copper_upgrade":1},"minecraft:killed":{"minecraft:phantom":2}},"DataVersion":3465}