{"stats":{"minecraft:picked_up":{"minecraft:crafting_table":2,"sushigocrafting:rice_seeds":1,"minecolonies:durum":1,"minecraft:oak_log":18,"minecraft:dirt":2,"thermal:peanut_seeds":1,"minecraft:apple":1,"immersiveengineering:seed":6,"minecraft:wheat_seeds":3,"waystones:waystone":1,"delightful:acorn":2,"minecraft:rose_bush":1,"minecraft:oak_sapling":6,"twigs:twig":1,"minecraft:coal":5,"thermal:spinach_seeds":1,"minecraft:cobblestone":60},"minecraft:mined":{"minecraft:crafting_table":2,"minecraft:coal_ore":5,"biomesoplenty:bush":41,"minecraft:grass":27,"minecraft:grass_block":2,"minecraft:oak_log":18,"minecraft:rose_bush":1,"minecraft:stone":60},"minecraft:custom":{"minecraft:time_since_rest":11396,"minecraft:sprint_one_cm":27503,"minecraft:damage_taken":120,"minecraft:walk_one_cm":18533,"minecraft:drop":9,"minecraft:interact_with_crafting_table":2,"minecraft:fly_one_cm":31648,"minecraft:crouch_one_cm":967,"minecraft:play_time":11396,"minecraft:sneak_time":230,"minecraft:jump":209,"minecraft:leave_game":1,"minecraft:time_since_death":11396,"minecraft:walk_on_water_one_cm":98,"minecraft:total_world_time":11396,"minecraft:fall_one_cm":8163},"minecraft:dropped":{"thermal:spinach_seeds":1,"minecraft:wheat_seeds":3,"delightful:acorn":2,"sushigocrafting:rice_seeds":1,"minecraft:apple":1,"minecolonies:durum":1,"thermal:peanut_seeds":1,"immersiveengineering:seed":4,"twigs:twig":1},"minecraft:broken":{"minecraft:wooden_pickaxe":1},"minecraft:crafted":{"minecraft:oak_planks":18,"minecraft:crafting_table":2,"minecraft:stick":8,"minecraft:wooden_pickaxe":1,"minecraft:stone_pickaxe":1,"minecraft:stone_axe":1,"minecraft:air":75},"minecraft:used":{"minecraft:rose_bush":1,"minecraft:bread":3,"minecraft:stone_pickaxe":7,"minecraft:wooden_pickaxe":59,"minecraft:stone_axe":1,"minecraft:dirt":2,"minecraft:crafting_table":3,"minecraft:oak_sapling":6}},"DataVersion":3465}