{"stats":{"minecraft:crafted":{"minecraft:oak_planks":14,"mekanism:basic_universal_cable":2,"mekanismgenerators:wind_generator":1,"rftoolsbase:machine_frame":1,"pickletweaks:emerald_axe":1,"mekanism:configurator":1,"alltheores:iron_ore_hammer":2,"minecraft:furnace":3,"alltheores:gold_dust":91,"croptopia:toast":0,"exdeorum:diamond_mesh":1,"minecraft:stone":0,"mekanismgenerators:heat_generator":1,"allthecompressed:cobblestone_1x":281,"minecraft:iron_bars":16,"alltheores:osmium_ore":122,"allthecompressed:gravel_1x":81,"alltheores:copper_ore_hammer":1,"productivetrees:sawmill":1,"minecraft:glass":0,"minecraft:hopper":1,"alltheores:osmium_dust":122,"allthecompressed:sand_1x":81,"minecraft:chest":3,"minecraft:copper_block":4,"alltheores:steel_ingot":0,"minecraft:redstone_block":2,"alltheores:steel_dust":20,"exdeorum:porcelain_crucible":0,"mekanism:energy_tablet":5,"exdeorum:iron_mesh":1,"functionalstorage:oak_1":1,"cobblefordays:tier_2":1,"mekanism:advanced_logistical_transporter":2,"exdeorum:golden_mesh":1,"constructionwand:diamond_wand":1,"rftoolspower:coalgenerator":1,"alltheores:osmium_ingot":0,"mekanism:metallurgic_infuser":1,"minecraft:gold_ore":64,"pickletweaks:flint_shears":1,"constructionwand:iron_wand":1,"minecraft:copper_ingot":0,"minecraft:gold_block":5,"exdeorum:compressed_stone_hammer":3,"minecraft:bucket":1,"minecraft:campfire":4,"cobblefordays:tier_1":1,"minecraft:air":3392,"cobblefordays:tier_3":1,"minecraft:blue_dye":2,"ironfurnaces:upgrade_gold":5,"functionalstorage:copper_upgrade":1,"mekanism:basic_energy_cube":1,"mekanism:steel_casing":1,"minecraft:white_wool":6,"minecraft:diamond_pickaxe":1,"minecraft:gold_nugget":9,"exdeorum:flint_mesh":1,"minecraft:stick":32,"minecraft:iron_ingot":0,"minecraft:iron_pickaxe":1,"mekanism:advanced_mechanical_pipe":2,"minecraft:iron_block":6,"mekanism:basic_mechanical_pipe":2,"exdeorum:compressed_diamond_hammer":3,"minecraft:gold_ingot":0,"minecraft:stonecutter":1,"minecraft:white_bed":2,"minecraft:redstone_torch":1,"minecraft:torch":20,"mekanism:basic_logistical_transporter":2,"exmachinis:flux_sieve":1},"minecraft:used":{"ironfurnaces:gold_furnace":1,"exdeorum:compressed_diamond_hammer":2668,"mekanism:configurator":24,"mekanism:advanced_logistical_transporter":10,"rftoolspower:coalgenerator":1,"allthecompressed:cobblestone_1x":2441,"mekanism:basic_logistical_transporter":11,"minecraft:torch":1,"exdeorum:witch_water_bucket":1,"minecraft:dirt":2,"constructionwand:iron_wand":6,"alltheores:osmium_ore":122,"mekanism:basic_universal_cable":9,"allthecompressed:cobblestone_2x":272,"minecraft:milk_bucket":1,"mekanism:basic_energy_cube":2,"mekanism:advanced_mechanical_pipe":13,"sophisticatedstorage:controller":3,"mekanismgenerators:heat_generator":5,"mekanismgenerators:wind_generator":3,"exdeorum:porcelain_crucible":3,"cobblefordays:tier_1":1,"minecraft:oak_sapling":9,"constructionwand:diamond_wand":143,"minecraft:cooked_beef":3,"minecraft:water_bucket":1,"minecraft:gold_ore":64,"minecraft:campfire":4,"minecraft:white_bed":2,"exdeorum:oak_barrel":3,"minecraft:diamond_pickaxe":293,"cobblefordays:tier_3":1,"pickletweaks:emerald_axe":32,"mekanism:metallurgic_infuser":6,"minecraft:iron_pickaxe":196,"allthecompressed:sand_1x":82,"allthecompressed:gravel_1x":81,"minecraft:gravel":21,"croptopia:toast":16,"exdeorum:oak_crucible":2,"minecraft:bucket":5,"exdeorum:compressed_stone_hammer":1,"exmachinis:flux_sieve":1,"productivetrees:sawmill":2},"minecraft:broken":{"constructionwand:diamond_wand":1},"minecraft:picked_up":{"croptopia:toast":5,"alltheores:steel_ingot":2,"alltheores:osmium_ingot":10,"exdeorum:dust":738,"constructionwand:diamond_wand":2,"allthecompressed:cobblestone_2x":271,"mekanism:alloy_infused":13,"exdeorum:oak_barrel":3,"mekanismgenerators:heat_generator":4,"cobblefordays:tier_1":1,"mysticalagriculture:inferium_essence":1,"mekanism:basic_universal_cable":8,"minecraft:bucket":5,"exdeorum:compressed_diamond_hammer":1,"exdeorum:diamond_hammer":1,"mekanism:basic_logistical_transporter":11,"minecraft:phantom_membrane":1,"minecraft:stick":8,"exdeorum:oak_crucible":2,"minecraft:torch":3,"productivetrees:sawmill":1,"sophisticatedstorage:controller":3,"mekanism:basic_energy_cube":1,"exmachinis:flux_sieve":1,"minecraft:redstone":97,"productivebees:oak_wood_nest":5,"ironfurnaces:gold_furnace":1,"exdeorum:tin_ore_chunk":1,"everlastingabilities:ability_bottle":1,"alltheores:raw_osmium":125,"minecraft:blaze_powder":2,"minecraft:cobblestone":21,"minecraft:cooked_beef":16,"rftoolspower:coalgenerator":1,"minecraft:leather":1,"forcecraft:force_gem":1,"minecraft:oak_log":34,"minecraft:gunpowder":4,"minecraft:lapis_lazuli":1,"minecraft:dirt":2,"dankstorage:dank_5":1,"pickletweaks:emerald_axe":1,"minecraft:apple":1,"minecraft:raw_gold":64,"exdeorum:oak_sieve":1,"minecraft:glowstone_dust":1,"mekanism:metallurgic_infuser":5,"allthecompressed:sand_1x":1,"minecraft:gravel":8005,"minecraft:sand":729,"mekanismgenerators:wind_generator":2,"xycraft_world:xychorium_gem_light":1,"exdeorum:diamond_mesh":2,"minecraft:bone_meal":1,"minecraft:oak_sapling":20,"minecraft:oak_leaves":55},"minecraft:custom":{"minecraft:mob_kills":2,"minecraft:interact_with_crafting_table":67,"minecraft:open_barrel":1,"minecraft:leave_game":2,"minecraft:time_since_death":12247,"minecraft:sprint_one_cm":246688,"minecraft:walk_one_cm":240779,"minecraft:drop":206,"minecraft:talked_to_villager":2,"minecraft:play_time":272899,"minecraft:deaths":3,"minecraft:sneak_time":3498,"minecraft:jump":1650,"minecraft:walk_on_water_one_cm":1068,"minecraft:total_world_time":272899,"minecraft:interact_with_furnace":106,"tombstone:raider_killed":2,"minecraft:sleep_in_bed":4,"minecraft:time_since_rest":580,"minecraft:damage_taken":1772,"minecraft:damage_dealt":761,"minecraft:use_wand":2966,"minecraft:player_kills":1,"minecraft:fly_one_cm":280231,"minecraft:open_chest":144,"minecraft:crouch_one_cm":8160,"tombstone:undead_killed":2,"minecraft:fall_one_cm":90583},"minecraft:mined":{"mekanismgenerators:wind_generator":2,"exdeorum:oak_crucible":2,"minecraft:oak_sapling":1,"alltheores:osmium_ore":122,"allthecompressed:cobblestone_2x":271,"mekanismgenerators:heat_generator":4,"sophisticatedstorage:controller":2,"productivetrees:sawmill":1,"cobblefordays:tier_1":1,"allthecompressed:sand_1x":83,"ironfurnaces:gold_furnace":1,"rftoolspower:coalgenerator":1,"mekanism:basic_logistical_transporter":11,"exdeorum:porcelain_crucible":2,"mekanism:basic_energy_cube":1,"exmachinis:flux_sieve":1,"minecraft:torch":1,"allthecompressed:gravel_1x":81,"mekanism:metallurgic_infuser":5,"productivebees:oak_wood_nest":4,"minecraft:oak_log":34,"exdeorum:oak_barrel":3,"minecraft:gravel":21,"allthecompressed:cobblestone_1x":2505,"mekanism:basic_universal_cable":4,"minecraft:gold_ore":64,"minecraft:oak_leaves":56},"minecraft:killed_by":{"minecraft:player":2},"minecraft:dropped":{"minecraft:enchanted_book":1,"minecraft:bread":8,"minecraft:clay":4,"minecraft:oak_slab":14,"minecraft:wheat_seeds":1,"minecraft:lapis_lazuli":1,"minecraft:oak_log":14,"pickletweaks:flint_shears":2,"minecraft:cobblestone":95,"dankstorage:dank_5":1,"ironfurnaces:upgrade_iron":1,"minecraft:copper_ingot":4,"allthecompressed:gravel_1x":2,"minecraft:stick":6,"minecraft:flint":5,"minecraft:lava_bucket":1,"constructionwand:diamond_wand":1,"constructionwand:iron_wand":1,"minecraft:ice":1,"minecraft:milk_bucket":2,"exdeorum:dust":733,"minecraft:torch":4,"exdeorum:compressed_stone_hammer":1,"croptopia:scrambled_eggs":1,"alltheores:copper_ore_hammer":2,"minecraft:gold_nugget":7,"minecraft:bone_meal":9,"minecraft:phantom_membrane":1,"minecraft:sand":6,"allthecompressed:soul_sand_1x":1,"minecraft:iron_pickaxe":2,"allthecompressed:sand_1x":2,"minecraft:cactus":1,"minecraft:string":27,"minecraft:bucket":3,"minecraft:redstone":7,"minecraft:bone":1,"xycraft_world:xychorium_gem_light":1,"minecraft:gravel":7385,"minecraft:sugar_cane":1,"alltheores:raw_osmium":122,"tombstone:gift":2,"minecraft:clay_ball":7,"minecraft:oak_planks":73,"minecraft:glowstone_dust":1,"pickletweaks:emerald_axe":1,"minecraft:blaze_powder":1,"exdeorum:diamond_hammer":1,"minecraft:gunpowder":4,"exdeorum:tin_ore_chunk":1,"forcecraft:force_gem":1,"mysticalagriculture:inferium_essence":6,"minecraft:oak_sapling":1,"productivebees:oak_wood_nest":1,"minecraft:barrel":1,"minecraft:stone_pickaxe":1,"functionalstorage:copper_upgrade":1},"minecraft:killed":{"minecraft:phantom":2}},"DataVersion":3465}