{"stats":{"minecraft:killed":{"minecraft:creeper":1,"minecraft:sheep":3,"minecraft:skeleton":3,"minecraft:zombie":7,"creeperoverhaul:savannah_creeper":1},"minecraft:killed_by":{"minecraft:skeleton":1},"minecraft:picked_up":{"minecraft:crafting_table":4,"sushigocrafting:rice_seeds":1,"artifacts:bunny_hoppers":1,"minecraft:stone_brick_wall":1,"minecraft:oak_log":18,"minecraft:cobblestone_wall":7,"silentgear:sinew":1,"minecraft:dirt":7,"minecraft:item_frame":2,"minecraft:bone":1,"minecraft:apple":1,"minecraft:wheat_seeds":3,"mysticalagriculture:inferium_essence":3,"delightful:acorn":2,"minecraft:stone_pickaxe":1,"minecraft:rose_bush":1,"minecraft:calcite":1,"minecraft:spruce_slab":2,"twigs:twig":1,"minecraft:gray_bed":2,"thermal:spinach_seeds":1,"minecraft:oak_planks":9,"minecraft:furnace":1,"minecraft:book":6,"minecraft:raw_iron":51,"apotheosis:gem":5,"minecraft:acacia_log":1,"potionsmaster:bezoar":2,"gtceu:marble_cobblestone":4,"minecolonies:durum":1,"thermal:peanut_seeds":1,"minecraft:rotten_flesh":5,"immersiveengineering:seed":6,"minecraft:stone_axe":1,"waystones:waystone":1,"minecraft:oak_sapling":6,"minecraft:mutton":4,"minecraft:coal":10,"minecraft:white_wool":3,"minecraft:cobblestone":150},"minecraft:mined":{"minecraft:crafting_table":3,"biomesoplenty:bush":41,"minecraft:grass_block":4,"minecraft:calcite":1,"minecraft:rose_bush":1,"minecraft:oak_planks":9,"minecraft:furnace":1,"minecraft:iron_ore":42,"minecraft:gray_bed":2,"gtceu:marble":4,"biomesoplenty:high_grass":2,"minecraft:grass":28,"minecraft:oak_log":18,"minecraft:coal_ore":10,"minecraft:deepslate_iron_ore":9,"minecraft:dirt":3,"minecraft:stone":150,"minecraft:oak_leaves":3},"minecraft:custom":{"lootr:looted_stat":3,"minecraft:mob_kills":15,"minecraft:interact_with_crafting_table":3,"minecraft:damage_dealt_resisted":82,"minecraft:leave_game":1,"minecraft:time_since_death":2126,"minecraft:time_since_rest":1472,"minecraft:sprint_one_cm":118346,"minecraft:damage_taken":675,"minecraft:walk_one_cm":68301,"minecraft:drop":18,"minecraft:damage_dealt":2764,"minecraft:swim_one_cm":4127,"minecraft:fly_one_cm":176560,"minecraft:crouch_one_cm":7994,"minecraft:play_time":35396,"tombstone:undead_killed":10,"minecraft:deaths":2,"minecraft:sneak_time":1976,"minecraft:walk_under_water_one_cm":3266,"minecraft:jump":989,"minecraft:walk_on_water_one_cm":3628,"minecraft:total_world_time":35396,"minecraft:fall_one_cm":42439},"minecraft:dropped":{"thermal:spinach_seeds":1,"minecraft:stone_axe":1,"minecraft:wheat_seeds":3,"minecraft:cobblestone_wall":7,"minecraft:crafting_table":1,"minecraft:book":6,"minecraft:apple":1,"sushigocrafting:rice_seeds":1,"silentgear:sinew":1,"minecraft:item_frame":1,"minecraft:stone_brick_wall":1,"delightful:acorn":2,"minecraft:spruce_slab":2,"minecolonies:durum":1,"minecraft:stone_pickaxe":1,"thermal:peanut_seeds":1,"immersiveengineering:seed":4,"twigs:twig":1},"minecraft:broken":{"minecraft:stone_pickaxe":1,"minecraft:wooden_pickaxe":1},"minecraft:crafted":{"minecraft:oak_planks":18,"minecraft:crafting_table":2,"minecraft:wooden_pickaxe":1,"minecraft:stone_axe":1,"minecraft:air":76,"tombstone:grave_key":1,"minecraft:stick":8,"minecraft:stone_pickaxe":2},"minecraft:used":{"minecraft:calcite":1,"minecraft:rose_bush":1,"minecraft:stone_pickaxe":159,"minecraft:oak_planks":16,"minecraft:wooden_pickaxe":59,"potionsmaster:bezoar":2,"minecraft:rotten_flesh":5,"minecraft:dirt":5,"minecraft:crafting_table":4,"gtceu:marble_cobblestone":4,"minecraft:bread":3,"minecraft:stone_axe":49,"minecraft:cobblestone":94,"minecraft:oak_sapling":6,"minecraft:gray_bed":1,"tombstone:gift":1}},"DataVersion":3465}