{"stats":{"minecraft:picked_up":{"minecraft:dirt":2},"minecraft:mined":{"minecraft:grass_block":2},"minecraft:used":{"minecraft:dirt":2},"minecraft:custom":{"minecraft:jump":30,"minecraft:time_since_rest":3031,"minecraft:leave_game":1,"minecraft:crouch_one_cm":164,"minecraft:sprint_one_cm":2396,"minecraft:play_time":3031,"minecraft:damage_taken":30,"minecraft:time_since_death":3031,"minecraft:walk_one_cm":365,"minecraft:sneak_time":50,"minecraft:total_world_time":3031,"minecraft:fall_one_cm":1855,"minecraft:fly_one_cm":7286}},"DataVersion":3465}