{"stats":{"minecraft:crafted":{"minecraft:oak_planks":14,"mekanism:basic_universal_cable":2,"mekanismgenerators:wind_generator":1,"rftoolsbase:machine_frame":1,"alltheores:iron_ore_hammer":2,"minecraft:furnace":3,"alltheores:gold_dust":91,"croptopia:toast":0,"exdeorum:diamond_mesh":1,"minecraft:stone":0,"mekanismgenerators:heat_generator":1,"allthecompressed:cobblestone_1x":281,"minecraft:iron_bars":16,"alltheores:osmium_ore":122,"allthecompressed:gravel_1x":81,"alltheores:copper_ore_hammer":1,"productivetrees:sawmill":1,"minecraft:glass":0,"minecraft:hopper":1,"alltheores:osmium_dust":122,"allthecompressed:sand_1x":81,"minecraft:chest":3,"minecraft:copper_block":4,"alltheores:steel_ingot":0,"minecraft:redstone_block":2,"alltheores:steel_dust":20,"mekanism:energy_tablet":4,"exdeorum:iron_mesh":1,"functionalstorage:oak_1":1,"exdeorum:golden_mesh":1,"constructionwand:diamond_wand":1,"rftoolspower:coalgenerator":1,"alltheores:osmium_ingot":0,"mekanism:metallurgic_infuser":1,"minecraft:gold_ore":64,"pickletweaks:flint_shears":1,"constructionwand:iron_wand":1,"minecraft:copper_ingot":0,"minecraft:gold_block":5,"exdeorum:compressed_stone_hammer":3,"minecraft:air":3322,"minecraft:blue_dye":2,"ironfurnaces:upgrade_gold":5,"functionalstorage:copper_upgrade":1,"mekanism:basic_energy_cube":1,"mekanism:steel_casing":1,"minecraft:white_wool":6,"minecraft:diamond_pickaxe":1,"minecraft:gold_nugget":9,"exdeorum:flint_mesh":1,"minecraft:stick":20,"minecraft:iron_ingot":0,"minecraft:iron_pickaxe":1,"minecraft:iron_block":6,"exdeorum:compressed_diamond_hammer":3,"minecraft:gold_ingot":0,"minecraft:stonecutter":1,"minecraft:white_bed":2,"minecraft:redstone_torch":1,"exmachinis:flux_sieve":1},"minecraft:used":{"ironfurnaces:gold_furnace":1,"exdeorum:compressed_diamond_hammer":2668,"rftoolspower:coalgenerator":1,"allthecompressed:cobblestone_1x":2441,"minecraft:torch":1,"exdeorum:witch_water_bucket":1,"minecraft:dirt":2,"constructionwand:iron_wand":6,"alltheores:osmium_ore":122,"mekanism:basic_universal_cable":4,"allthecompressed:cobblestone_2x":272,"mekanism:basic_energy_cube":1,"mekanismgenerators:heat_generator":2,"mekanismgenerators:wind_generator":2,"minecraft:oak_sapling":1,"constructionwand:diamond_wand":143,"minecraft:cooked_beef":3,"minecraft:gold_ore":64,"minecraft:white_bed":2,"exdeorum:oak_barrel":3,"minecraft:diamond_pickaxe":278,"mekanism:metallurgic_infuser":3,"minecraft:iron_pickaxe":196,"allthecompressed:sand_1x":82,"allthecompressed:gravel_1x":81,"minecraft:gravel":18,"croptopia:toast":14,"exdeorum:oak_crucible":2,"minecraft:bucket":2,"exdeorum:compressed_stone_hammer":1,"exmachinis:flux_sieve":1,"productivetrees:sawmill":2},"minecraft:broken":{"constructionwand:diamond_wand":1},"minecraft:picked_up":{"croptopia:toast":5,"alltheores:steel_ingot":2,"alltheores:osmium_ingot":10,"exdeorum:dust":738,"constructionwand:diamond_wand":2,"allthecompressed:cobblestone_2x":271,"mekanism:alloy_infused":13,"exdeorum:oak_barrel":3,"mekanismgenerators:heat_generator":1,"mysticalagriculture:inferium_essence":1,"mekanism:basic_universal_cable":4,"exdeorum:compressed_diamond_hammer":1,"exdeorum:diamond_hammer":1,"minecraft:phantom_membrane":1,"exdeorum:oak_crucible":2,"minecraft:torch":1,"productivetrees:sawmill":1,"minecraft:redstone":97,"ironfurnaces:gold_furnace":1,"exdeorum:tin_ore_chunk":1,"everlastingabilities:ability_bottle":1,"alltheores:raw_osmium":125,"minecraft:blaze_powder":2,"minecraft:cooked_beef":16,"rftoolspower:coalgenerator":1,"minecraft:leather":1,"forcecraft:force_gem":1,"minecraft:oak_log":5,"minecraft:gunpowder":4,"minecraft:lapis_lazuli":1,"minecraft:dirt":2,"dankstorage:dank_5":1,"minecraft:raw_gold":64,"exdeorum:oak_sieve":1,"minecraft:glowstone_dust":1,"mekanism:metallurgic_infuser":2,"allthecompressed:sand_1x":1,"minecraft:gravel":8002,"minecraft:sand":729,"mekanismgenerators:wind_generator":1,"xycraft_world:xychorium_gem_light":1,"exdeorum:diamond_mesh":1,"minecraft:bone_meal":1,"minecraft:oak_leaves":55},"minecraft:custom":{"minecraft:mob_kills":2,"minecraft:interact_with_crafting_table":52,"minecraft:open_barrel":1,"minecraft:leave_game":2,"minecraft:time_since_death":92598,"minecraft:sprint_one_cm":160271,"minecraft:walk_one_cm":165416,"minecraft:drop":199,"minecraft:talked_to_villager":2,"minecraft:play_time":236899,"minecraft:deaths":2,"minecraft:sneak_time":2001,"minecraft:jump":1106,"minecraft:walk_on_water_one_cm":428,"minecraft:total_world_time":236899,"minecraft:interact_with_furnace":88,"tombstone:raider_killed":2,"minecraft:sleep_in_bed":3,"minecraft:time_since_rest":5358,"minecraft:damage_taken":1412,"minecraft:damage_dealt":581,"minecraft:use_wand":2966,"minecraft:fly_one_cm":184769,"minecraft:open_chest":112,"minecraft:crouch_one_cm":3473,"tombstone:undead_killed":2,"minecraft:fall_one_cm":73377},"minecraft:mined":{"mekanismgenerators:wind_generator":1,"exdeorum:oak_crucible":2,"alltheores:osmium_ore":122,"allthecompressed:cobblestone_2x":271,"mekanismgenerators:heat_generator":1,"productivetrees:sawmill":1,"allthecompressed:sand_1x":83,"ironfurnaces:gold_furnace":1,"rftoolspower:coalgenerator":1,"exdeorum:porcelain_crucible":2,"allthecompressed:gravel_1x":81,"mekanism:metallurgic_infuser":2,"minecraft:oak_log":5,"exdeorum:oak_barrel":3,"minecraft:gravel":18,"allthecompressed:cobblestone_1x":2505,"minecraft:gold_ore":64,"minecraft:oak_leaves":55},"minecraft:killed_by":{"minecraft:player":1},"minecraft:dropped":{"minecraft:enchanted_book":1,"minecraft:bread":8,"minecraft:clay":4,"minecraft:oak_slab":14,"minecraft:wheat_seeds":1,"minecraft:lapis_lazuli":1,"minecraft:oak_log":3,"pickletweaks:flint_shears":2,"minecraft:cobblestone":95,"dankstorage:dank_5":1,"ironfurnaces:upgrade_iron":1,"minecraft:copper_ingot":4,"allthecompressed:gravel_1x":2,"minecraft:stick":4,"minecraft:flint":5,"minecraft:lava_bucket":1,"constructionwand:diamond_wand":1,"constructionwand:iron_wand":1,"minecraft:ice":1,"minecraft:milk_bucket":2,"exdeorum:dust":733,"minecraft:torch":4,"exdeorum:compressed_stone_hammer":1,"croptopia:scrambled_eggs":1,"alltheores:copper_ore_hammer":2,"minecraft:gold_nugget":7,"minecraft:bone_meal":9,"minecraft:phantom_membrane":1,"minecraft:sand":6,"allthecompressed:soul_sand_1x":1,"minecraft:iron_pickaxe":2,"allthecompressed:sand_1x":2,"minecraft:cactus":1,"minecraft:string":27,"minecraft:bucket":2,"minecraft:bone":1,"xycraft_world:xychorium_gem_light":1,"minecraft:gravel":7385,"minecraft:sugar_cane":1,"alltheores:raw_osmium":122,"tombstone:gift":2,"minecraft:clay_ball":7,"minecraft:oak_planks":73,"minecraft:glowstone_dust":1,"minecraft:blaze_powder":1,"exdeorum:diamond_hammer":1,"minecraft:gunpowder":4,"exdeorum:tin_ore_chunk":1,"forcecraft:force_gem":1,"mysticalagriculture:inferium_essence":6,"minecraft:oak_sapling":1,"minecraft:barrel":1,"minecraft:stone_pickaxe":1,"functionalstorage:copper_upgrade":1},"minecraft:killed":{"minecraft:phantom":2}},"DataVersion":3465}