{"stats":{"minecraft:killed":{"minecraft:wandering_trader":1,"minecraft:creeper":1,"minecraft:sheep":3,"minecraft:skeleton":3,"minecraft:trader_llama":2,"minecraft:zombie":7,"eidolon:zombie_brute":2,"creeperoverhaul:savannah_creeper":1,"minecraft:cow":1},"minecraft:killed_by":{"minecraft:skeleton":1},"minecraft:picked_up":{"occultism:datura_seeds":3,"minecraft:crafting_table":4,"sushigocrafting:rice_seeds":2,"minecraft:lead":2,"minecraft:leather":3,"artifacts:bunny_hoppers":1,"minecraft:stone_brick_wall":1,"minecolonies:onion":1,"minecolonies:tomato":2,"minecraft:oak_log":64,"minecraft:cobblestone_wall":7,"silentgear:sinew":1,"minecraft:dirt":107,"minecolonies:bell_pepper":1,"minecraft:item_frame":2,"sushigocrafting:wasabi_seeds":2,"minecraft:bone":2,"minecraft:apple":1,"minecraft:wheat_seeds":8,"mysticalagriculture:inferium_essence":5,"delightful:acorn":2,"minecraft:beef":1,"minecolonies:eggplant":1,"minecraft:stone_pickaxe":1,"thermal:tomato_seeds":1,"minecraft:rose_bush":1,"minecraft:calcite":1,"minecraft:spruce_slab":2,"minecolonies:garlic":1,"twigs:twig":5,"minecraft:gray_bed":2,"thermal:spinach_seeds":1,"minecraft:oak_planks":12,"minecraft:furnace":1,"minecraft:book":6,"minecraft:raw_iron":51,"apotheosis:gem":5,"thermal:sadiroot_seeds":1,"minecraft:acacia_log":1,"potionsmaster:bezoar":2,"sushigocrafting:cucumber_seeds":2,"gtceu:marble_cobblestone":4,"minecolonies:durum":1,"thermal:green_bean_seeds":1,"thermal:onion_seeds":1,"thermal:peanut_seeds":3,"minecraft:rotten_flesh":12,"immersiveengineering:seed":21,"minecraft:stone_axe":1,"waystones:waystone":2,"minecraft:oak_sapling":16,"minecraft:mutton":4,"minecraft:coal":10,"minecraft:white_wool":3,"minecraft:cobblestone":150},"minecraft:mined":{"minecraft:crafting_table":3,"biomesoplenty:bush":41,"minecraft:grass_block":103,"minecraft:calcite":1,"minecraft:rose_bush":1,"biomesoplenty:high_grass_plant":52,"minecraft:tall_grass":8,"minecraft:oak_planks":12,"minecraft:furnace":1,"minecraft:iron_ore":42,"minecraft:fire":2,"minecraft:gray_bed":2,"gtceu:marble":4,"biomesoplenty:high_grass":58,"minecraft:grass":167,"minecraft:oak_log":64,"minecraft:coal_ore":10,"minecraft:deepslate_iron_ore":9,"minecraft:dirt":4,"minecraft:stone":150,"minecraft:oak_leaves":47},"minecraft:custom":{"minecraft:interact_with_furnace":6,"lootr:looted_stat":3,"minecraft:mob_kills":21,"minecraft:interact_with_crafting_table":9,"minecraft:damage_dealt_resisted":82,"minecraft:leave_game":1,"minecraft:time_since_death":26126,"minecraft:sleep_in_bed":2,"minecraft:time_since_rest":0,"minecraft:waystone_activated":1,"minecraft:sprint_one_cm":167950,"minecraft:damage_taken":1038,"minecraft:walk_one_cm":106868,"minecraft:drop":18,"minecraft:damage_dealt":4304,"minecraft:swim_one_cm":4127,"minecraft:fly_one_cm":290974,"minecraft:open_chest":15,"minecraft:crouch_one_cm":12121,"minecraft:play_time":59396,"tombstone:undead_killed":12,"minecraft:deaths":2,"minecraft:sneak_time":2773,"minecraft:walk_under_water_one_cm":3266,"tombstone:villager_killed":1,"minecraft:jump":1436,"minecraft:walk_on_water_one_cm":3628,"minecraft:total_world_time":59396,"minecraft:fall_one_cm":75278},"minecraft:dropped":{"thermal:spinach_seeds":1,"minecraft:stone_axe":1,"minecraft:wheat_seeds":3,"minecraft:cobblestone_wall":7,"minecraft:crafting_table":1,"minecraft:book":6,"minecraft:apple":1,"sushigocrafting:rice_seeds":1,"silentgear:sinew":1,"minecraft:item_frame":1,"minecraft:stone_brick_wall":1,"delightful:acorn":2,"minecraft:spruce_slab":2,"minecolonies:durum":1,"minecraft:stone_pickaxe":1,"thermal:peanut_seeds":1,"immersiveengineering:seed":4,"twigs:twig":1},"minecraft:broken":{"minecraft:stone_pickaxe":1,"minecraft:stone_axe":1,"minecraft:wooden_pickaxe":1},"minecraft:crafted":{"minecraft:cooked_beef":1,"minecraft:oak_planks":60,"minecraft:stone_shovel":1,"minecraft:crafting_table":2,"minecraft:wooden_pickaxe":1,"minecraft:stone_axe":1,"minecraft:air":247,"tombstone:grave_key":1,"minecraft:stick":16,"minecraft:iron_ingot":51,"minecraft:stone_pickaxe":2,"minecraft:wooden_axe":1,"minecraft:chest":2,"minecraft:acacia_planks":4},"minecraft:used":{"minecraft:calcite":1,"minecraft:rose_bush":1,"minecraft:stone_shovel":87,"minecraft:stone_pickaxe":192,"minecraft:oak_planks":155,"minecraft:chest":2,"minecraft:wooden_pickaxe":59,"potionsmaster:bezoar":2,"minecraft:rotten_flesh":5,"minecraft:dirt":6,"minecraft:crafting_table":5,"waystones:waystone":1,"gtceu:marble_cobblestone":4,"minecraft:wooden_axe":14,"minecraft:bread":8,"minecraft:stone_axe":94,"minecraft:cobblestone":94,"minecraft:furnace":1,"minecraft:oak_sapling":16,"minecraft:gray_bed":2,"tombstone:gift":1}},"DataVersion":3465}