{"stats":{"minecraft:killed_by":{"eidolon:wraith":1,"irons_spellbooks:necromancer":1,"minecraft:skeleton":1},"minecraft:killed":{"minecraft:skeleton":4,"eidolon:wraith":2,"minecraft:wandering_trader":1,"minecraft:creeper":1,"minecraft:sheep":3,"minecraft:trader_llama":2,"minecraft:zombie":9,"eidolon:zombie_brute":3,"creeperoverhaul:savannah_creeper":1,"minecraft:cow":1},"minecraft:picked_up":{"minecraft:crafting_table":4,"artifacts:bunny_hoppers":1,"minecraft:lead":2,"minecraft:stone_brick_wall":1,"silentgear:sinew":1,"minecraft:raw_copper":16,"minecraft:item_frame":2,"mysticalagriculture:inferium_essence":7,"delightful:acorn":2,"minecraft:beef":1,"minecolonies:eggplant":1,"minecraft:rose_bush":1,"minecraft:calcite":1,"minecraft:spruce_slab":2,"thermal:spinach_seeds":1,"minecraft:furnace":1,"minecraft:raw_iron":120,"apotheosis:gem":5,"reliquary:rib_bone":1,"thermal:sadiroot_seeds":1,"potionsmaster:bezoar":2,"minecraft:acacia_log":1,"gtceu:marble_cobblestone":4,"eidolon:tattered_cloth":2,"thermal:peanut_seeds":3,"minecraft:arrow":3,"minecraft:rotten_flesh":15,"alltheores:raw_osmium":125,"minecraft:mutton":4,"minecraft:white_wool":3,"minecraft:cobblestone":198,"occultism:datura_seeds":3,"sushigocrafting:rice_seeds":2,"minecraft:andesite":69,"minecraft:leather":4,"minecolonies:tomato":2,"minecolonies:onion":1,"minecraft:flint":2,"minecraft:oak_log":64,"minecraft:magenta_bed":1,"minecraft:cobblestone_wall":7,"minecraft:dirt":107,"minecolonies:bell_pepper":1,"minecraft:cooked_mutton":1,"minecraft:bone":3,"sushigocrafting:wasabi_seeds":2,"minecraft:apple":1,"minecraft:wheat_seeds":8,"minecraft:raw_gold":3,"minecraft:stone_pickaxe":1,"thermal:tomato_seeds":1,"minecolonies:garlic":1,"twigs:twig":5,"minecraft:gray_bed":2,"minecraft:oak_planks":13,"minecraft:book":6,"sushigocrafting:cucumber_seeds":2,"minecolonies:durum":1,"thermal:green_bean_seeds":1,"thermal:onion_seeds":1,"immersiveengineering:seed":21,"minecraft:stone_axe":1,"waystones:waystone":2,"evilcraft:dark_gem":13,"minecraft:chainmail_leggings":1,"minecraft:chainmail_helmet":1,"minecraft:oak_sapling":16,"minecraft:coal":33},"minecraft:mined":{"alltheores:osmium_ore":121,"biomesoplenty:bush":41,"minecraft:grass_block":103,"minecraft:furnace":1,"minecraft:iron_ore":103,"minecraft:fire":2,"minecraft:andesite":64,"evilcraft:dark_ore":3,"biomesoplenty:high_grass":62,"minecraft:deepslate_iron_ore":9,"minecraft:stone":200,"minecraft:crafting_table":3,"minecraft:calcite":1,"minecraft:rose_bush":1,"biomesoplenty:high_grass_plant":54,"minecraft:tall_grass":8,"minecraft:copper_ore":4,"minecraft:oak_planks":13,"minecraft:magenta_bed":1,"minecraft:gray_bed":2,"gtceu:marble":4,"minecraft:grass":168,"minecraft:coal_ore":25,"minecraft:oak_log":64,"minecraft:gravel":2,"minecraft:dirt":4,"minecraft:gold_ore":3,"minecraft:oak_leaves":47},"minecraft:custom":{"lootr:looted_stat":10,"minecraft:mob_kills":29,"minecraft:interact_with_crafting_table":15,"minecraft:damage_dealt_resisted":82,"minecraft:eat_cake_slice":4,"minecraft:leave_game":1,"minecraft:time_since_death":6019,"minecraft:damage_resisted":0,"minecraft:sprint_one_cm":262626,"minecraft:walk_one_cm":158978,"minecraft:damage_blocked_by_shield":325,"minecraft:drop":20,"minecraft:play_time":95396,"minecraft:deaths":4,"minecraft:sneak_time":3519,"minecraft:walk_under_water_one_cm":3266,"minecraft:jump":2326,"minecraft:walk_on_water_one_cm":3628,"minecraft:total_world_time":95396,"minecraft:interact_with_furnace":40,"minecraft:sleep_in_bed":5,"minecraft:time_since_rest":5924,"minecraft:waystone_activated":1,"minecraft:damage_taken":1750,"minecraft:damage_dealt":6100,"minecraft:swim_one_cm":4127,"minecraft:fly_one_cm":535256,"minecraft:open_chest":21,"minecraft:crouch_one_cm":15112,"tombstone:undead_killed":18,"tombstone:villager_killed":1,"minecraft:fall_one_cm":155667},"minecraft:dropped":{"minecraft:wheat_seeds":3,"minecraft:crafting_table":1,"minecraft:book":6,"minecraft:apple":1,"silentgear:sinew":1,"minecraft:item_frame":1,"delightful:acorn":2,"thermal:peanut_seeds":1,"twigs:twig":1,"thermal:spinach_seeds":1,"minecraft:stone_axe":1,"minecraft:cobblestone_wall":7,"sushigocrafting:rice_seeds":1,"minecraft:cooked_mutton":1,"minecraft:andesite":5,"minecraft:stone_brick_wall":1,"minecraft:spruce_slab":2,"minecolonies:durum":1,"minecraft:stone_pickaxe":1,"immersiveengineering:seed":4},"minecraft:broken":{"minecraft:wooden_pickaxe":1,"minecraft:stone_pickaxe":2,"minecraft:stone_axe":1,"minecraft:golden_pickaxe":1},"minecraft:crafted":{"minecraft:oak_planks":64,"minecraft:stone_shovel":1,"alltheores:copper_dust":16,"alltheores:iron_ore_hammer":1,"minecraft:furnace":2,"ironfurnaces:iron_furnace":2,"minecraft:cooked_mutton":4,"alltheores:osmium_dust":56,"tombstone:grave_key":1,"minecraft:stone_pickaxe":2,"minecraft:chest":2,"minecraft:cooked_beef":1,"minecraft:crafting_table":2,"minecraft:wooden_pickaxe":1,"ironfurnaces:upgrade_iron":1,"minecraft:stone_axe":1,"minecraft:air":572,"minecraft:shield":1,"minecraft:stick":24,"minecraft:iron_ingot":60,"minecraft:iron_pickaxe":1,"minecraft:wooden_axe":1,"minecraft:iron_block":2,"alltheores:iron_dust":89,"minecraft:acacia_planks":4},"minecraft:used":{"minecraft:rose_bush":1,"minecraft:stone_shovel":87,"potionsmaster:bezoar":2,"minecraft:chest":2,"minecraft:shield":14,"minecraft:rotten_flesh":5,"minecraft:dirt":6,"gtceu:marble_cobblestone":4,"minecraft:wooden_axe":27,"minecraft:iron_axe":24,"ironfurnaces:iron_furnace":2,"minecraft:oak_sapling":16,"minecraft:furnace":1,"minecraft:gray_bed":2,"tombstone:gift":1,"minecraft:cooked_beef":5,"minecraft:calcite":1,"minecraft:stone_pickaxe":237,"minecraft:oak_planks":219,"minecraft:wooden_pickaxe":59,"minecraft:chainmail_helmet":1,"minecraft:crafting_table":5,"waystones:waystone":1,"minecraft:bread":8,"minecraft:iron_pickaxe":244,"tombstone:grave_key":1,"minecraft:stone_axe":94,"minecraft:cobblestone":113,"minecraft:andesite":50,"minecraft:golden_pickaxe":38}},"DataVersion":3465}