{"stats":{"minecraft:mined":{"minecraft:crafting_table":1,"minecraft:torch":1,"minecraft:cave_vines_plant":1,"minecraft:cobblestone":86,"minecraft:pink_petals":1,"minecraft:wheat":2,"minecraft:gravel":11,"allthecompressed:cobblestone_1x":153},"minecraft:picked_up":{"exdeorum:gold_ore_chunk":140,"exdeorum:osmium_ore_chunk":82,"minecraft:pink_petals":1,"minecraft:crafting_table":1,"minecraft:wheat":1,"exdeorum:basalt_pebble":67,"minecraft:water_bucket":1,"minecraft:flint":280,"exdeorum:iron_ore_chunk":232,"minecraft:oak_log":29,"exdeorum:stone_hammer":22,"supplementaries:candle_holder_red":2,"exdeorum:blackstone_pebble":129,"minecraft:wooden_hoe":1,"minecraft:lapis_lazuli":129,"exdeorum:nickel_ore_chunk":111,"exdeorum:granite_pebble":74,"exdeorum:string_mesh":3,"reliquary:chelicerae":1,"exdeorum:golden_mesh":2,"mysticalagriculture:inferium_essence":2,"minecraft:wheat_seeds":3,"exdeorum:iron_mesh":5,"exdeorum:stone_pebble":387,"exdeorum:zinc_ore_chunk":165,"exdeorum:compressed_stone_hammer":1,"minecraft:oak_planks":1,"minecraft:egg":2,"minecraft:oak_slab":1,"minecraft:stick":14,"minecraft:raw_iron":9,"exdeorum:deepslate_pebble":83,"exdeorum:lead_ore_chunk":126,"minecraft:torch":1,"minecraft:gravel":1768,"minecraft:lava_bucket":1,"minecraft:sand":2,"minecraft:amethyst_shard":53,"minecraft:pointed_dripstone":47,"minecraft:diamond_block":2,"exdeorum:silver_ore_chunk":116,"minecraft:arrow":2,"exdeorum:diamond_mesh":1,"exdeorum:aluminum_ore_chunk":150,"minecraft:diamond":81,"exdeorum:diorite_pebble":60,"exdeorum:tin_ore_chunk":208,"exdeorum:andesite_pebble":81,"exdeorum:copper_ore_chunk":216,"minecraft:emerald":12,"minecraft:glow_berries":2,"minecraft:coal":237,"minecraft:cobblestone":83},"minecraft:used":{"minecraft:wheat_seeds":2,"minecraft:water_bucket":1,"minecraft:torch":2,"minecraft:glow_berries":4,"minecraft:crafting_table":2,"minecraft:wooden_hoe":1,"minecraft:gravel":1610,"minecraft:diamond_sword":11,"minecraft:cobblestone":156,"exdeorum:stone_hammer":86,"exdeorum:compressed_stone_hammer":173,"minecraft:bucket":1,"tombstone:gift":1,"minecraft:egg":2,"minecraft:cooked_beef":2},"minecraft:killed_by":{"minecraft:player":4},"minecraft:custom":{"minecraft:interact_with_furnace":4,"minecraft:mob_kills":2,"minecraft:interact_with_crafting_table":12,"minecraft:leave_game":1,"minecraft:time_since_death":30553,"minecraft:climb_one_cm":203,"minecraft:time_since_rest":30415,"minecraft:sprint_one_cm":47493,"minecraft:damage_taken":2712,"minecraft:walk_one_cm":165337,"minecraft:drop":96,"minecraft:damage_dealt":1002,"minecraft:talked_to_villager":1,"minecraft:fly_one_cm":47130,"minecraft:player_kills":4,"minecraft:open_chest":15,"minecraft:crouch_one_cm":414,"minecraft:play_time":93390,"tombstone:undead_killed":1,"minecraft:deaths":7,"minecraft:sneak_time":4209,"minecraft:walk_under_water_one_cm":1058,"minecraft:jump":488,"minecraft:walk_on_water_one_cm":319,"minecraft:total_world_time":93390,"minecraft:fall_one_cm":228685},"minecraft:killed":{"minecraft:spider":1,"minecraft:skeleton":1},"minecraft:crafted":{"exdeorum:golden_mesh":1,"minecraft:oak_planks":64,"minecraft:diamond_sword":1,"minecraft:crafting_table":1,"exdeorum:diamond_mesh":1,"exdeorum:compressed_stone_hammer":2,"minecraft:air":114,"minecraft:diamond":2,"minecraft:cobblestone":96,"minecraft:stick":4,"minecraft:gold_ingot":10},"minecraft:dropped":{"minecraft:gravel":87,"minecraft:oak_slab":42,"minecraft:wheat_seeds":4,"minecraft:diamond":14,"minecraft:wheat":1,"exdeorum:zinc_ore_chunk":69,"exdeorum:copper_ore_chunk":124,"minecraft:cobblestone":64,"minecraft:oak_planks":6,"exdeorum:silver_ore_chunk":29,"botania:flower_bag":1,"exdeorum:iron_mesh":4,"exdeorum:iron_ore_chunk":82,"exdeorum:osmium_ore_chunk":28,"minecraft:coal":64,"minecraft:emerald":1,"minecraft:stick":17,"minecraft:flint":150,"exdeorum:gold_ore_chunk":116,"exdeorum:nickel_ore_chunk":23,"supplementaries:candle_holder_red":2,"minecraft:wooden_hoe":2,"exdeorum:tin_ore_chunk":41,"exdeorum:aluminum_ore_chunk":32,"mysticalagriculture:inferium_essence":1,"minecraft:wooden_axe":1,"exdeorum:compressed_stone_hammer":2,"minecraft:oak_sapling":8,"exdeorum:blackstone_pebble":128,"exdeorum:andesite_pebble":65,"minecraft:pink_petals":1,"exdeorum:stone_pebble":3,"exdeorum:lead_ore_chunk":28,"minecraft:gold_ingot":6,"exdeorum:stone_hammer":4,"minecraft:egg":1}},"DataVersion":3465}