{"stats":{"minecraft:crafted":{"exdeorum:stone_barrel":1,"minecraft:oak_planks":209,"minecraft:oak_slab":7,"exdeorum:oak_barrel":1,"minecraft:crafting_table":1,"minecraft:furnace":1,"croptopia:toast":1,"minecraft:stone":9,"exdeorum:compressed_stone_hammer":1,"allthecompressed:cobblestone_1x":1,"minecraft:air":826,"exdeorum:crook":1,"minecraft:charcoal":4,"minecraft:stone_slab":1,"minecraft:wooden_axe":1,"minecraft:chest":2,"minecraft:iron_ore":1,"exdeorum:oak_sieve":6,"alltheores:iron_dust":2,"exdeorum:stone_hammer":9},"minecraft:used":{"exdeorum:oak_sieve":6,"minecraft:iron_ore":1,"minecraft:oak_planks":727,"minecraft:chest":2,"exdeorum:crook":103,"minecraft:dirt":15,"minecraft:crafting_table":2,"exdeorum:stone_barrel":1,"exdeorum:oak_barrel":1,"minecraft:wooden_axe":93,"minecraft:wooden_hoe":7,"minecraft:wooden_sword":19,"minecraft:oak_sapling":41,"minecraft:furnace":1,"minecraft:cooked_beef":1},"minecraft:picked_up":{"exdeorum:osmium_ore_chunk":30,"minecraft:crafting_table":1,"minecraft:wheat":10,"minecraft:leather":4,"minecraft:lead":3,"exdeorum:iron_ore_chunk":5,"minecraft:oak_log":215,"minecraft:dirt":15,"minecraft:apple":11,"mysticalagriculture:inferium_essence":1,"minecraft:wheat_seeds":26,"alltheores:iron_ore_hammer":1,"minecraft:oak_planks":11,"minecraft:stick":79,"minecraft:raw_iron":1,"exdeorum:lead_ore_chunk":1,"minecraft:amethyst_shard":1,"exdeorum:silver_ore_chunk":1,"create:pink_seat":1,"ars_elemental:spore_blossom_up":1,"exdeorum:aluminum_ore_chunk":2,"minecraft:diamond":1,"alltheores:iron_dust":2,"minecraft:emerald":1,"minecraft:oak_sapling":149,"minecraft:coal":1},"minecraft:mined":{"minecraft:oak_sapling":2,"minecraft:crafting_table":1,"minecraft:grass_block":7,"minecraft:oak_planks":21,"ars_elemental:spore_blossom_up":1,"minecraft:wheat":10,"create:pink_seat":1,"minecraft:oak_log":28,"minecraft:dirt":9,"minecraft:oak_leaves":109},"minecraft:custom":{"minecraft:interact_with_furnace":12,"minecraft:mob_kills":4,"minecraft:interact_with_crafting_table":22,"minecraft:damage_dealt_resisted":0,"minecraft:time_since_death":76088,"minecraft:time_since_rest":76088,"minecraft:sprint_one_cm":40043,"minecraft:damage_taken":100,"minecraft:walk_one_cm":144730,"minecraft:drop":10,"minecraft:damage_dealt":1119,"minecraft:talked_to_villager":2,"minecraft:fly_one_cm":79676,"minecraft:open_chest":16,"minecraft:crouch_one_cm":55724,"minecraft:play_time":76088,"minecraft:sneak_time":14317,"tombstone:villager_killed":2,"minecraft:jump":492,"minecraft:walk_on_water_one_cm":164,"minecraft:total_world_time":76088,"minecraft:fall_one_cm":12563},"minecraft:dropped":{"minecraft:diamond":1,"exdeorum:silver_ore_chunk":1,"exdeorum:iron_ore_chunk":1,"exdeorum:osmium_ore_chunk":1,"minecraft:emerald":1,"exdeorum:aluminum_ore_chunk":1,"alltheores:iron_ore_hammer":1,"minecraft:amethyst_shard":1,"alltheores:iron_dust":2},"minecraft:killed":{"minecraft:wandering_trader":2,"minecraft:trader_llama":2}},"DataVersion":3465}