{"stats":{"minecraft:crafted":{"minecraft:oak_slab":6,"minecraft:oak_planks":209,"minecraft:crafting_table":1,"minecraft:wooden_axe":1,"minecraft:chest":2,"minecraft:iron_ore":1,"exdeorum:oak_sieve":6,"alltheores:iron_dust":2,"allthecompressed:cobblestone_1x":1,"minecraft:air":812},"minecraft:used":{"exdeorum:oak_sieve":6,"minecraft:wooden_axe":89,"minecraft:wooden_hoe":7,"minecraft:iron_ore":1,"minecraft:oak_planks":727,"minecraft:chest":2,"minecraft:dirt":15,"minecraft:wooden_sword":2,"minecraft:crafting_table":2,"minecraft:oak_sapling":38,"minecraft:cooked_beef":1},"minecraft:picked_up":{"exdeorum:osmium_ore_chunk":30,"minecraft:wheat":10,"minecraft:raw_iron":1,"minecraft:stick":74,"minecraft:crafting_table":1,"exdeorum:lead_ore_chunk":1,"minecraft:lead":1,"exdeorum:iron_ore_chunk":5,"minecraft:amethyst_shard":1,"minecraft:oak_log":203,"exdeorum:silver_ore_chunk":1,"create:pink_seat":1,"minecraft:dirt":15,"ars_elemental:spore_blossom_up":1,"exdeorum:aluminum_ore_chunk":2,"minecraft:apple":9,"minecraft:diamond":1,"minecraft:wheat_seeds":26,"alltheores:iron_dust":2,"alltheores:iron_ore_hammer":1,"minecraft:emerald":1,"minecraft:oak_sapling":125,"minecraft:coal":1,"minecraft:oak_planks":11},"minecraft:mined":{"minecraft:oak_sapling":2,"minecraft:wheat":10,"create:pink_seat":1,"minecraft:crafting_table":1,"minecraft:grass_block":7,"minecraft:oak_log":28,"minecraft:dirt":9,"minecraft:oak_planks":21,"minecraft:oak_leaves":5,"ars_elemental:spore_blossom_up":1},"minecraft:custom":{"minecraft:time_since_rest":64088,"minecraft:interact_with_furnace":5,"minecraft:sprint_one_cm":35454,"minecraft:damage_taken":90,"minecraft:walk_one_cm":123203,"minecraft:mob_kills":1,"minecraft:drop":10,"minecraft:damage_dealt":195,"minecraft:interact_with_crafting_table":12,"minecraft:talked_to_villager":1,"minecraft:fly_one_cm":72099,"minecraft:open_chest":11,"minecraft:crouch_one_cm":55513,"minecraft:play_time":64088,"minecraft:sneak_time":14218,"tombstone:villager_killed":1,"minecraft:jump":403,"minecraft:walk_on_water_one_cm":164,"minecraft:time_since_death":64088,"minecraft:total_world_time":64088,"minecraft:fall_one_cm":9637},"minecraft:dropped":{"exdeorum:aluminum_ore_chunk":1,"minecraft:diamond":1,"alltheores:iron_ore_hammer":1,"minecraft:amethyst_shard":1,"exdeorum:silver_ore_chunk":1,"exdeorum:iron_ore_chunk":1,"exdeorum:osmium_ore_chunk":1,"alltheores:iron_dust":2,"minecraft:emerald":1},"minecraft:killed":{"minecraft:wandering_trader":1}},"DataVersion":3465}