{"stats":{"minecraft:used":{"exdeorum:oak_sieve":6,"minecraft:water_bucket":1,"minecraft:iron_ore":1,"minecraft:oak_planks":727,"minecraft:chest":2,"exdeorum:crook":305,"minecraft:clay":5,"minecraft:torch":1,"minecraft:dirt":23,"create:pink_seat":1,"minecraft:crafting_table":2,"minecraft:campfire":1,"minecraft:white_bed":1,"exdeorum:silk_worm":3,"exdeorum:stone_barrel":1,"exdeorum:oak_barrel":1,"minecraft:wooden_axe":96,"minecraft:wooden_hoe":32,"allthecompressed:sand_1x":1,"minecraft:gravel":28,"exdeorum:porcelain_crucible":1,"minecraft:stone_axe":1,"minecraft:wooden_sword":20,"exdeorum:oak_crucible":1,"minecraft:oak_sapling":45,"minecraft:furnace":1,"minecraft:bucket":1,"exdeorum:compressed_stone_hammer":1,"minecraft:cooked_beef":3,"minecraft:coarse_dirt":20},"minecraft:crafted":{"minecraft:coarse_dirt":5,"exdeorum:stone_barrel":1,"minecraft:oak_planks":209,"minecraft:oak_slab":7,"sophisticatedbackpacks:backpack":1,"exdeorum:oak_barrel":1,"minecraft:crafting_table":1,"pickletweaks:flint_shears":1,"minecraft:gravel":1,"minecraft:sand":1,"minecraft:furnace":1,"pickletweaks:mesh":1,"croptopia:toast":1,"minecraft:stone":9,"exdeorum:compressed_stone_hammer":1,"exdeorum:unfired_porcelain_crucible":1,"allthecompressed:cobblestone_1x":1,"minecraft:campfire":1,"minecraft:stone_axe":1,"minecraft:air":882,"exdeorum:crook":3,"exdeorum:porcelain_clay_ball":7,"exdeorum:oak_crucible":1,"minecraft:charcoal":4,"exdeorum:string_mesh":5,"minecraft:stone_slab":1,"minecraft:flint":2,"allthecompressed:sand_1x":1,"minecraft:wooden_axe":1,"minecraft:chest":3,"minecraft:iron_ore":1,"exdeorum:oak_sieve":6,"alltheores:iron_dust":2,"exdeorum:stone_hammer":9,"exdeorum:porcelain_crucible":1},"minecraft:broken":{"minecraft:wooden_axe":1,"exdeorum:crook":2},"minecraft:picked_up":{"exdeorum:osmium_ore_chunk":30,"minecraft:crafting_table":1,"minecraft:wheat":10,"exdeorum:basalt_pebble":8,"exdeorum:dust":9,"minecraft:clay_ball":20,"minecraft:leather":4,"minecraft:lead":3,"exdeorum:iron_ore_chunk":5,"minecraft:oak_log":234,"exdeorum:blackstone_pebble":8,"minecraft:string":99,"minecraft:dirt":41,"exdeorum:granite_pebble":8,"minecraft:apple":11,"mysticalagriculture:inferium_essence":1,"minecraft:wheat_seeds":26,"exdeorum:stone_pebble":48,"alltheores:iron_ore_hammer":1,"minecraft:oak_planks":11,"exdeorum:deepslate_pebble":5,"minecraft:stick":79,"minecraft:raw_iron":1,"exdeorum:lead_ore_chunk":1,"minecraft:torch":1,"minecraft:gravel":28,"minecraft:amethyst_shard":1,"minecraft:white_bed":1,"exdeorum:silver_ore_chunk":1,"create:pink_seat":1,"exdeorum:silk_worm":6,"ars_elemental:spore_blossom_up":1,"minecraft:clay":3,"exdeorum:aluminum_ore_chunk":2,"minecraft:diamond":1,"exdeorum:diorite_pebble":11,"exdeorum:andesite_pebble":9,"alltheores:iron_dust":2,"minecraft:emerald":1,"minecraft:oak_sapling":150,"minecraft:coal":1,"minecraft:oak_leaves":52},"minecraft:mined":{"minecraft:oak_sapling":2,"minecraft:farmland":4,"exdeorum:infested_leaves":204,"minecraft:clay":5,"minecraft:crafting_table":1,"minecraft:torch":1,"minecraft:grass_block":7,"minecraft:oak_planks":21,"ars_elemental:spore_blossom_up":1,"allthecompressed:sand_1x":1,"minecraft:wheat":10,"create:pink_seat":1,"minecraft:oak_log":28,"minecraft:gravel":28,"minecraft:dirt":31,"minecraft:oak_leaves":161},"minecraft:custom":{"minecraft:interact_with_furnace":14,"minecraft:mob_kills":4,"minecraft:interact_with_crafting_table":42,"minecraft:damage_dealt_resisted":0,"minecraft:time_since_death":124088,"minecraft:sleep_in_bed":2,"minecraft:time_since_rest":29358,"minecraft:sprint_one_cm":56002,"minecraft:damage_taken":100,"minecraft:walk_one_cm":229026,"minecraft:drop":12,"minecraft:damage_dealt":1179,"minecraft:talked_to_villager":2,"minecraft:fly_one_cm":132453,"minecraft:open_chest":53,"minecraft:crouch_one_cm":60045,"minecraft:play_time":124088,"minecraft:sneak_time":15195,"tombstone:villager_killed":2,"minecraft:jump":895,"minecraft:walk_on_water_one_cm":164,"minecraft:total_world_time":124088,"minecraft:fall_one_cm":23431},"minecraft:dropped":{"exdeorum:basalt_pebble":1,"minecraft:diamond":1,"exdeorum:silver_ore_chunk":1,"exdeorum:iron_ore_chunk":1,"exdeorum:osmium_ore_chunk":1,"minecraft:emerald":1,"exdeorum:aluminum_ore_chunk":1,"alltheores:iron_ore_hammer":1,"minecraft:oak_sapling":1,"minecraft:amethyst_shard":1,"alltheores:iron_dust":2},"minecraft:killed":{"minecraft:wandering_trader":2,"minecraft:trader_llama":2}},"DataVersion":3465}