{"stats":{"minecraft:crafted":{"minecraft:oak_planks":209,"minecraft:crafting_table":1,"minecraft:air":804,"minecraft:wooden_axe":1},"minecraft:used":{"minecraft:wooden_axe":73,"minecraft:dirt":1,"minecraft:crafting_table":2,"minecraft:oak_sapling":38,"minecraft:oak_planks":587},"minecraft:picked_up":{"minecraft:crafting_table":1,"minecraft:stick":74,"minecraft:apple":9,"minecraft:oak_log":203,"minecraft:oak_sapling":125,"minecraft:oak_planks":4,"minecraft:dirt":1},"minecraft:mined":{"minecraft:oak_log":28,"minecraft:oak_sapling":2,"minecraft:dirt":1,"minecraft:oak_planks":6,"minecraft:crafting_table":1,"minecraft:oak_leaves":5},"minecraft:custom":{"minecraft:time_since_rest":40088,"minecraft:crouch_one_cm":44557,"minecraft:play_time":40088,"minecraft:sprint_one_cm":27344,"minecraft:walk_one_cm":80175,"minecraft:sneak_time":10861,"minecraft:jump":222,"minecraft:time_since_death":40088,"minecraft:total_world_time":40088,"minecraft:fall_one_cm":5852,"minecraft:talked_to_villager":1,"minecraft:interact_with_crafting_table":4,"minecraft:fly_one_cm":44330}},"DataVersion":3465}