{"stats":{"minecraft:crafted":{"minecraft:oak_planks":66,"minecraft:crafting_table":1,"minecraft:air":248},"minecraft:used":{"minecraft:wooden_axe":45,"minecraft:crafting_table":2,"minecraft:oak_sapling":19,"minecraft:oak_planks":241},"minecraft:picked_up":{"minecraft:crafting_table":1,"minecraft:stick":43,"minecraft:apple":1,"minecraft:oak_log":98,"minecraft:oak_sapling":50,"minecraft:oak_planks":1},"minecraft:mined":{"minecraft:oak_log":22,"minecraft:oak_sapling":1,"minecraft:oak_planks":2,"minecraft:crafting_table":1,"minecraft:oak_leaves":5},"minecraft:custom":{"minecraft:time_since_rest":28088,"minecraft:crouch_one_cm":24191,"minecraft:play_time":28088,"minecraft:sprint_one_cm":12924,"minecraft:walk_one_cm":45113,"minecraft:sneak_time":6588,"minecraft:jump":145,"minecraft:time_since_death":28088,"minecraft:total_world_time":28088,"minecraft:fall_one_cm":3553,"minecraft:talked_to_villager":1,"minecraft:interact_with_crafting_table":3,"minecraft:fly_one_cm":27661}},"DataVersion":3465}