{"stats":{"minecraft:crafted":{"minecraft:oak_planks":66,"minecraft:crafting_table":1,"minecraft:air":248},"minecraft:used":{"minecraft:wooden_axe":26,"minecraft:crafting_table":1,"minecraft:oak_sapling":11,"minecraft:oak_planks":58},"minecraft:picked_up":{"minecraft:stick":29,"minecraft:apple":1,"minecraft:oak_log":63,"minecraft:oak_sapling":33,"minecraft:oak_planks":1},"minecraft:mined":{"minecraft:oak_log":11,"minecraft:oak_planks":2,"minecraft:oak_leaves":3},"minecraft:custom":{"minecraft:time_since_rest":16088,"minecraft:crouch_one_cm":7227,"minecraft:play_time":16088,"minecraft:sprint_one_cm":2346,"minecraft:walk_one_cm":22003,"minecraft:sneak_time":2359,"minecraft:jump":73,"minecraft:time_since_death":16088,"minecraft:total_world_time":16088,"minecraft:fall_one_cm":3135,"minecraft:talked_to_villager":1,"minecraft:interact_with_crafting_table":3,"minecraft:fly_one_cm":9083}},"DataVersion":3465}