{"stats":{"minecraft:crafted":{"minecraft:oak_planks":209,"minecraft:crafting_table":1,"minecraft:wooden_axe":1,"minecraft:chest":2,"minecraft:iron_ore":1,"minecraft:air":806},"minecraft:used":{"minecraft:wooden_axe":78,"minecraft:iron_ore":1,"minecraft:oak_planks":714,"minecraft:chest":2,"minecraft:dirt":1,"minecraft:wooden_sword":2,"minecraft:crafting_table":2,"minecraft:oak_sapling":38,"minecraft:cooked_beef":1},"minecraft:picked_up":{"exdeorum:osmium_ore_chunk":30,"minecraft:raw_iron":1,"minecraft:stick":74,"minecraft:crafting_table":1,"exdeorum:lead_ore_chunk":1,"minecraft:lead":1,"exdeorum:iron_ore_chunk":5,"minecraft:amethyst_shard":1,"minecraft:oak_log":203,"exdeorum:silver_ore_chunk":1,"create:pink_seat":1,"minecraft:dirt":1,"ars_elemental:spore_blossom_up":1,"exdeorum:aluminum_ore_chunk":2,"minecraft:apple":9,"minecraft:diamond":1,"minecraft:emerald":1,"minecraft:oak_sapling":125,"minecraft:coal":1,"minecraft:oak_planks":8},"minecraft:mined":{"minecraft:oak_sapling":2,"create:pink_seat":1,"minecraft:crafting_table":1,"minecraft:oak_log":28,"minecraft:dirt":1,"minecraft:oak_planks":10,"minecraft:oak_leaves":5,"ars_elemental:spore_blossom_up":1},"minecraft:custom":{"minecraft:time_since_rest":52088,"minecraft:sprint_one_cm":32853,"minecraft:damage_taken":90,"minecraft:walk_one_cm":99226,"minecraft:mob_kills":1,"minecraft:drop":7,"minecraft:damage_dealt":180,"minecraft:interact_with_crafting_table":5,"minecraft:talked_to_villager":1,"minecraft:fly_one_cm":64434,"minecraft:open_chest":4,"minecraft:crouch_one_cm":51199,"minecraft:play_time":52088,"minecraft:sneak_time":12162,"tombstone:villager_killed":1,"minecraft:jump":330,"minecraft:walk_on_water_one_cm":164,"minecraft:time_since_death":52088,"minecraft:total_world_time":52088,"minecraft:fall_one_cm":7164},"minecraft:dropped":{"exdeorum:aluminum_ore_chunk":1,"minecraft:diamond":1,"minecraft:amethyst_shard":1,"exdeorum:silver_ore_chunk":1,"exdeorum:iron_ore_chunk":1,"exdeorum:osmium_ore_chunk":1,"minecraft:emerald":1},"minecraft:killed":{"minecraft:wandering_trader":1}},"DataVersion":3465}