{"stats":{"minecraft:dropped":{"regions_unexplored:larch_log":18,"minecraft:cooked_beef":1,"quark:birch_ladder":48},"minecraft:custom":{"minecraft:mob_kills":7,"minecraft:interact_with_crafting_table":15,"minecraft:leave_game":1,"minecraft:time_since_death":7113,"minecraft:sleep_in_bed":1,"minecraft:climb_one_cm":8172,"minecraft:time_since_rest":7138,"minecraft:sprint_one_cm":79386,"minecraft:damage_taken":2190,"minecraft:walk_one_cm":170160,"minecraft:drop":4,"minecraft:damage_dealt":1400,"minecraft:swim_one_cm":13031,"minecraft:fly_one_cm":196952,"minecraft:player_kills":1,"minecraft:open_chest":1,"minecraft:crouch_one_cm":36967,"minecraft:play_time":74495,"minecraft:deaths":7,"minecraft:sneak_time":11672,"minecraft:walk_under_water_one_cm":3607,"minecraft:jump":928,"minecraft:walk_on_water_one_cm":4423,"minecraft:total_world_time":74495,"minecraft:fall_one_cm":28735},"minecraft:used":{"minecraft:stone_sword":49,"minecraft:stone_pickaxe":43,"regions_unexplored:peat_dirt":26,"minecraft:wooden_pickaxe":45,"minecraft:torch":9,"minecraft:crafting_table":6,"regions_unexplored:larch_shrub":1,"minecraft:black_bed":1,"minecraft:granite":1,"quark:birch_ladder":66,"regions_unexplored:golden_larch_sapling":17,"minecraft:gravel":12,"minecraft:stone_axe":86,"minecraft:cobblestone":12,"regions_unexplored:larch_planks":127,"minecraft:cooked_beef":2,"minecraft:cobweb":6},"minecraft:picked_up":{"minecraft:birch_log":6,"regions_unexplored:peat_dirt":27,"minecraft:crafting_table":7,"minecraft:cooked_beef":3,"regions_unexplored:larch_planks":21,"minecraft:black_bed":1,"minecraft:flint":6,"minecraft:gunpowder":4,"minecraft:string":12,"minecraft:raw_copper":10,"minecraft:bone":6,"boh:kindness_flower":1,"minecraft:wheat_seeds":5,"regions_unexplored:larch_log":162,"regions_unexplored:larch_shrub":1,"minecraft:sugar_cane":4,"minecraft:stick":184,"minecraft:torch":7,"minecraft:gravel":62,"hexerei:sage_seed":2,"minecraft:arrow":5,"immersiveengineering:seed":3,"minecraft:granite":1,"born_in_chaos_v1:rotten_fish":1,"minecraft:coal":6,"minecraft:cobblestone":53,"regions_unexplored:golden_larch_sapling":41},"minecraft:killed":{"minecraft:spider":2,"minecraft:creeper":3,"born_in_chaos_v1:corpse_fish":1},"minecraft:killed_by":{"minecraft:player":1,"minecraft:skeleton":1,"minecraft:creeper":2,"born_in_chaos_v1:corpse_fish":1,"boh:jeff_the_killer":1,"born_in_chaos_v1:dread_hound":1},"minecraft:mined":{"regions_unexplored:larch_planks":36,"boh:kindness_flower":1,"minecraft:crafting_table":6,"minecraft:torch":4,"regions_unexplored:peat_grass_block":2,"minecraft:copper_ore":4,"minecraft:sugar_cane":2,"minecraft:wall_torch":1,"minecraft:seagrass":1,"minecraft:tall_seagrass":2,"treechop:chopped_log":4,"minecraft:grass":33,"minecraft:coal_ore":6,"minecraft:vine":1,"regions_unexplored:peat_dirt":22,"minecraft:gravel":17,"minecraft:cobweb":13,"regions_unexplored:medium_grass":2,"realmrpg_skeletons:arrow_skeleton":1,"minecraft:stone":56,"regions_unexplored:larch_shrub":1},"minecraft:crafted":{"minecraft:crafting_table":1,"minecraft:wooden_pickaxe":1,"quark:birch_ladder":96,"regions_unexplored:larch_planks":192,"minecraft:birch_planks":24,"minecraft:stone_axe":2,"minecraft:white_wool":1,"minecraft:bow":1,"minecraft:stick":56,"minecraft:stone_pickaxe":2,"minecraft:stone_sword":2,"minecraft:torch":4}},"DataVersion":3120}