{"stats":{"minecraft:custom":{"minecraft:interact_with_crafting_table":24,"minecraft:time_since_death":14166,"minecraft:time_since_rest":13476,"minecraft:sprint_one_cm":70569,"minecraft:damage_taken":17224,"minecraft:walk_one_cm":103000,"minecraft:drop":17,"minecraft:damage_dealt":70,"minecraft:swim_one_cm":5683,"minecraft:talked_to_villager":1,"minecraft:fly_one_cm":69644,"minecraft:open_chest":34,"minecraft:crouch_one_cm":15851,"minecraft:sneak_time":5349,"minecraft:play_time":79312,"minecraft:deaths":4,"minecraft:walk_under_water_one_cm":1802,"minecraft:jump":371,"minecraft:walk_on_water_one_cm":298,"minecraft:total_world_time":79312,"minecraft:fall_one_cm":337555},"minecraft:broken":{"exdeorum:crook":1},"minecraft:crafted":{"minecraft:oak_slab":63,"minecraft:oak_planks":103,"minecraft:cobblestone_slab":6,"minecraft:crafting_table":1,"minecraft:air":605,"exdeorum:crook":1,"minecraft:granite":4,"minecraft:cobblestone":20,"exdeorum:string_mesh":5,"minecraft:stone_pickaxe":1,"minecraft:chest":2,"exdeorum:oak_sieve":2},"minecraft:used":{"exdeorum:oak_sieve":15,"minecraft:water_bucket":2,"minecraft:stone_pickaxe":10,"minecraft:chest":2,"exdeorum:crook":128,"minecraft:cobblestone_slab":26,"minecraft:torch":2,"minecraft:dirt":2,"minecraft:oak_slab":282,"minecraft:crafting_table":2,"minecraft:wooden_axe":74,"minecraft:lava_bucket":1,"minecraft:gravel":7,"minecraft:cobblestone":41,"exdeorum:stone_hammer":28,"minecraft:oak_sapling":12,"minecraft:bucket":1,"tombstone:gift":2,"minecraft:cooked_beef":2},"minecraft:dropped":{"exdeorum:basalt_pebble":15,"exdeorum:diamond_mesh":12,"minecraft:wheat_seeds":1,"minecraft:cobblestone":11,"minecraft:granite":5,"tombstone:grave_dust":2,"exdeorum:granite_pebble":3,"exdeorum:blackstone_pebble":16,"exdeorum:andesite_pebble":17,"exdeorum:wooden_watering_can":1},"minecraft:mined":{"minecraft:oak_slab":3,"minecraft:oak_sapling":1,"minecraft:crafting_table":1,"minecraft:grass_block":13,"minecraft:rose_bush":3,"minecraft:glass":1,"minecraft:cobblestone":32,"minecraft:wall_torch":8,"minecraft:fire":1,"minecraft:oak_sign":2,"minecraft:oak_log":33,"minecraft:cobblestone_slab":6,"minecraft:sunflower":3,"minecraft:dirt":22,"exdeorum:oak_sieve":13,"minecraft:oak_leaves":132},"minecraft:picked_up":{"minecraft:crafting_table":1,"exdeorum:basalt_pebble":15,"minecraft:oak_log":84,"exdeorum:blackstone_pebble":16,"exdeorum:nickel_ore_chunk":1,"minecraft:dirt":4,"exdeorum:granite_pebble":19,"exdeorum:string_mesh":2,"minecraft:oak_sign":2,"minecraft:apple":4,"exdeorum:oak_sieve":13,"exdeorum:stone_pebble":107,"minecraft:rose_bush":3,"exdeorum:zinc_ore_chunk":1,"minecraft:cobblestone_slab":3,"minecraft:oak_slab":3,"minecraft:stick":21,"exdeorum:deepslate_pebble":21,"exdeorum:lead_ore_chunk":1,"minecraft:torch":10,"minecraft:gravel":27,"tombstone:grave_dust":1,"minecraft:cactus":1,"exdeorum:diamond_mesh":13,"exdeorum:aluminum_ore_chunk":1,"minecraft:diamond":1,"exdeorum:diorite_pebble":18,"exdeorum:tin_ore_chunk":1,"minecraft:granite":1,"everlastingabilities:ability_bottle":1,"exdeorum:andesite_pebble":17,"minecraft:oak_sapling":33,"minecraft:cobblestone":42,"minecraft:sunflower":3}},"DataVersion":3465}