{"stats":{"minecraft:dropped":{"minecraft:stone_axe":1,"butchersdelight:dead_cow":2,"regions_unexplored:larch_log":21,"minecraft:cooked_beef":1,"minecraft:stone_sword":1,"minecraft:stick":151,"minecraft:flint":2,"regions_unexplored:peat_dirt":3,"minecraft:stone_pickaxe":1},"minecraft:custom":{"minecraft:interact_with_crafting_table":14,"minecraft:time_since_death":5265,"minecraft:climb_one_cm":9644,"minecraft:time_since_rest":5299,"minecraft:sprint_one_cm":73281,"minecraft:damage_taken":4495,"minecraft:walk_one_cm":173022,"minecraft:drop":12,"minecraft:damage_dealt":524,"minecraft:swim_one_cm":5824,"minecraft:fly_one_cm":140266,"minecraft:player_kills":1,"minecraft:open_chest":1,"minecraft:crouch_one_cm":26327,"minecraft:play_time":66449,"minecraft:deaths":13,"minecraft:sneak_time":7951,"minecraft:walk_under_water_one_cm":3010,"minecraft:jump":846,"minecraft:walk_on_water_one_cm":2395,"minecraft:total_world_time":66449,"minecraft:fall_one_cm":32297},"minecraft:used":{"minecraft:stone_pickaxe":12,"regions_unexplored:peat_dirt":6,"minecraft:torch":16,"minecraft:crafting_table":3,"minecraft:black_bed":2,"minecraft:granite":1,"minecraft:oak_log":1,"quark:birch_ladder":3,"regions_unexplored:golden_larch_sapling":1,"minecraft:gravel":2,"minecraft:stone_axe":55,"minecraft:fishing_rod":14,"minecraft:cobblestone":7,"regions_unexplored:larch_planks":259,"minecraft:oak_sapling":2,"minecraft:cooked_beef":4,"minecraft:cobweb":7},"minecraft:picked_up":{"regions_unexplored:peat_dirt":9,"minecraft:crafting_table":1,"minecraft:cooked_beef":5,"regions_unexplored:larch_planks":59,"minecraft:andesite":13,"minecraft:black_bed":1,"minecraft:flint":11,"minecraft:oak_log":11,"minecraft:string":2,"minecraft:raw_copper":11,"butchersdelight:dead_cow":7,"minecraft:wheat_seeds":1,"minecraft:cobweb":1,"regions_unexplored:larch_log":47,"minecraft:sugar_cane":2,"minecraft:stick":8,"minecraft:torch":12,"minecraft:gravel":26,"quark:birch_ladder":51,"hexerei:sage_seed":1,"immersiveengineering:seed":1,"minecraft:granite":1,"minecraft:oak_sapling":6,"minecraft:cobblestone":16,"regions_unexplored:golden_larch_sapling":11},"minecraft:killed_by":{"minecraft:player":4,"undead_unleashed:graveriser":1,"minecraft:creeper":2,"minecraft:spider":1,"born_in_chaos_v1:skeleton_thrasher":1,"minecraft:zombie":1,"born_in_chaos_v1:zombie_bruiser":1},"minecraft:mined":{"minecraft:crafting_table":2,"regions_unexplored:larch_planks":21,"minecraft:torch":4,"minecraft:granite":1,"regions_unexplored:peat_grass_block":1,"minecraft:copper_ore":3,"minecraft:wall_torch":10,"butchersdelight:deadcowblock":6,"regions_unexplored:golden_larch_sapling":1,"treechop:chopped_log":2,"minecraft:black_bed":1,"minecraft:grass":6,"quark:birch_ladder":3,"minecraft:oak_log":1,"regions_unexplored:peat_dirt":4,"minecraft:gravel":20,"regions_unexplored:medium_grass":3,"minecraft:stone":4},"minecraft:crafted":{"minecraft:fishing_rod":1,"minecraft:crafting_table":2,"regions_unexplored:larch_planks":224,"minecraft:stone_axe":1,"minecraft:stick":152,"minecraft:stone_pickaxe":1}},"DataVersion":3120}