{"stats":{"minecraft:custom":{"minecraft:time_since_rest":42488,"minecraft:sprint_one_cm":55103,"minecraft:damage_taken":16980,"minecraft:walk_one_cm":88687,"minecraft:drop":8,"minecraft:damage_dealt":55,"minecraft:swim_one_cm":5683,"minecraft:talked_to_villager":1,"minecraft:interact_with_crafting_table":22,"minecraft:fly_one_cm":51220,"minecraft:open_chest":23,"minecraft:crouch_one_cm":14923,"minecraft:play_time":60475,"minecraft:deaths":3,"minecraft:sneak_time":5107,"minecraft:walk_under_water_one_cm":1802,"minecraft:jump":275,"minecraft:walk_on_water_one_cm":298,"minecraft:time_since_death":42634,"minecraft:total_world_time":60475,"minecraft:fall_one_cm":292940},"minecraft:broken":{"exdeorum:crook":1},"minecraft:crafted":{"minecraft:granite":1,"minecraft:oak_slab":63,"minecraft:oak_planks":103,"minecraft:cobblestone_slab":6,"minecraft:cobblestone":20,"minecraft:crafting_table":1,"exdeorum:string_mesh":4,"minecraft:stone_pickaxe":1,"minecraft:chest":2,"exdeorum:oak_sieve":2,"minecraft:air":601,"exdeorum:crook":1},"minecraft:used":{"exdeorum:oak_sieve":15,"minecraft:wooden_axe":73,"minecraft:water_bucket":2,"minecraft:lava_bucket":1,"minecraft:stone_pickaxe":10,"minecraft:chest":2,"exdeorum:crook":128,"minecraft:cobblestone_slab":26,"minecraft:torch":2,"minecraft:dirt":2,"minecraft:cobblestone":13,"minecraft:oak_slab":282,"minecraft:crafting_table":1,"minecraft:oak_sapling":11,"minecraft:bucket":1,"tombstone:gift":2,"minecraft:cooked_beef":2},"minecraft:dropped":{"exdeorum:diamond_mesh":12,"tombstone:grave_dust":2,"minecraft:cobblestone":2,"minecraft:granite":1,"exdeorum:wooden_watering_can":1},"minecraft:mined":{"minecraft:oak_slab":3,"minecraft:fire":1,"minecraft:cobblestone_slab":6,"minecraft:grass_block":13,"minecraft:oak_log":33,"minecraft:oak_sign":2,"minecraft:rose_bush":3,"minecraft:sunflower":3,"minecraft:dirt":22,"exdeorum:oak_sieve":13,"minecraft:glass":1,"minecraft:cobblestone":4,"minecraft:oak_leaves":132,"minecraft:wall_torch":8},"minecraft:picked_up":{"exdeorum:deepslate_pebble":21,"minecraft:oak_slab":3,"minecraft:stick":21,"exdeorum:basalt_pebble":15,"minecraft:torch":10,"minecraft:oak_log":84,"tombstone:grave_dust":1,"minecraft:apple":4,"exdeorum:blackstone_pebble":16,"minecraft:dirt":4,"exdeorum:string_mesh":2,"exdeorum:granite_pebble":19,"minecraft:cactus":1,"exdeorum:diamond_mesh":13,"minecraft:oak_sign":2,"exdeorum:diorite_pebble":18,"exdeorum:stone_pebble":107,"exdeorum:oak_sieve":13,"minecraft:rose_bush":3,"everlastingabilities:ability_bottle":1,"minecraft:cobblestone_slab":3,"exdeorum:andesite_pebble":17,"minecraft:oak_sapling":32,"minecraft:cobblestone":42,"minecraft:sunflower":3}},"DataVersion":3465}