{"stats":{"minecraft:custom":{"minecraft:time_since_rest":30488,"minecraft:sprint_one_cm":42978,"minecraft:damage_taken":16770,"minecraft:walk_one_cm":63177,"minecraft:drop":5,"minecraft:damage_dealt":55,"minecraft:interact_with_crafting_table":18,"minecraft:fly_one_cm":38813,"minecraft:open_chest":17,"minecraft:crouch_one_cm":10444,"minecraft:play_time":48475,"minecraft:deaths":3,"minecraft:sneak_time":3313,"minecraft:jump":199,"minecraft:time_since_death":30634,"minecraft:total_world_time":48475,"minecraft:fall_one_cm":251870},"minecraft:crafted":{"minecraft:granite":1,"minecraft:oak_slab":63,"minecraft:oak_planks":103,"minecraft:cobblestone_slab":6,"minecraft:cobblestone":20,"minecraft:crafting_table":1,"exdeorum:string_mesh":4,"minecraft:chest":2,"exdeorum:oak_sieve":2,"minecraft:air":600},"minecraft:used":{"exdeorum:oak_sieve":15,"minecraft:wooden_axe":73,"minecraft:lava_bucket":1,"minecraft:chest":2,"minecraft:cobblestone_slab":24,"minecraft:dirt":2,"minecraft:oak_slab":282,"minecraft:crafting_table":1,"minecraft:oak_sapling":5,"tombstone:gift":2,"minecraft:cooked_beef":2},"minecraft:dropped":{"exdeorum:diamond_mesh":10,"tombstone:grave_dust":1,"minecraft:cobblestone":1,"minecraft:granite":1,"exdeorum:wooden_watering_can":1},"minecraft:mined":{"minecraft:oak_slab":3,"minecraft:fire":1,"minecraft:grass_block":13,"minecraft:oak_log":4,"minecraft:oak_sign":2,"minecraft:rose_bush":3,"minecraft:sunflower":3,"minecraft:dirt":22,"exdeorum:oak_sieve":13,"minecraft:glass":1,"minecraft:oak_leaves":2,"minecraft:wall_torch":8},"minecraft:picked_up":{"exdeorum:deepslate_pebble":18,"minecraft:oak_slab":3,"minecraft:stick":14,"exdeorum:basalt_pebble":12,"minecraft:torch":8,"minecraft:oak_log":55,"exdeorum:blackstone_pebble":15,"minecraft:dirt":4,"exdeorum:granite_pebble":16,"minecraft:cactus":1,"exdeorum:diamond_mesh":13,"minecraft:oak_sign":2,"exdeorum:diorite_pebble":14,"exdeorum:stone_pebble":82,"exdeorum:oak_sieve":13,"minecraft:rose_bush":3,"everlastingabilities:ability_bottle":1,"exdeorum:andesite_pebble":12,"minecraft:oak_sapling":17,"minecraft:cobblestone":1,"minecraft:sunflower":3}},"DataVersion":3465}