{"stats":{"minecraft:custom":{"minecraft:time_since_rest":7557,"minecraft:crouch_one_cm":1161,"minecraft:play_time":12475,"minecraft:sprint_one_cm":10329,"minecraft:walk_one_cm":11113,"minecraft:damage_taken":1650,"minecraft:deaths":2,"minecraft:sneak_time":460,"minecraft:jump":19,"minecraft:time_since_death":8974,"minecraft:total_world_time":12475,"minecraft:fall_one_cm":16599,"minecraft:fly_one_cm":3994},"minecraft:used":{"minecraft:wooden_axe":51,"minecraft:oak_sapling":5,"tombstone:gift":2},"minecraft:mined":{"minecraft:oak_log":4,"minecraft:grass_block":11,"minecraft:oak_sign":2,"minecraft:rose_bush":3,"minecraft:sunflower":3,"minecraft:dirt":22,"minecraft:glass":1,"minecraft:wall_torch":8},"minecraft:picked_up":{"minecraft:stick":12,"minecraft:oak_sign":2,"minecraft:torch":8,"everlastingabilities:ability_bottle":1,"minecraft:rose_bush":3,"minecraft:oak_log":51,"minecraft:oak_sapling":11,"minecraft:dirt":2,"minecraft:sunflower":3}},"DataVersion":3465}