{"stats":{"minecraft:custom":{"minecraft:time_since_rest":18488,"minecraft:sprint_one_cm":33066,"minecraft:damage_taken":16770,"minecraft:walk_one_cm":53117,"minecraft:damage_dealt":55,"minecraft:interact_with_crafting_table":10,"minecraft:fly_one_cm":25137,"minecraft:open_chest":8,"minecraft:crouch_one_cm":6933,"minecraft:play_time":36475,"minecraft:deaths":3,"minecraft:sneak_time":1843,"minecraft:jump":120,"minecraft:time_since_death":18634,"minecraft:total_world_time":36475,"minecraft:fall_one_cm":248526},"minecraft:crafted":{"minecraft:oak_slab":63,"minecraft:oak_planks":103,"minecraft:crafting_table":1,"exdeorum:string_mesh":4,"minecraft:chest":2,"exdeorum:oak_sieve":2,"minecraft:air":543},"minecraft:used":{"exdeorum:oak_sieve":15,"minecraft:wooden_axe":73,"minecraft:chest":2,"minecraft:dirt":2,"minecraft:oak_slab":282,"minecraft:crafting_table":1,"minecraft:oak_sapling":5,"tombstone:gift":2,"minecraft:cooked_beef":1},"minecraft:mined":{"minecraft:oak_slab":3,"minecraft:fire":1,"minecraft:grass_block":13,"minecraft:oak_log":4,"minecraft:oak_sign":2,"minecraft:rose_bush":3,"minecraft:sunflower":3,"minecraft:dirt":22,"exdeorum:oak_sieve":13,"minecraft:glass":1,"minecraft:oak_leaves":2,"minecraft:wall_torch":8},"minecraft:picked_up":{"minecraft:oak_slab":3,"minecraft:stick":14,"minecraft:torch":8,"minecraft:oak_log":55,"minecraft:dirt":4,"exdeorum:diamond_mesh":13,"minecraft:oak_sign":2,"exdeorum:oak_sieve":13,"minecraft:rose_bush":3,"everlastingabilities:ability_bottle":1,"minecraft:oak_sapling":17,"minecraft:sunflower":3}},"DataVersion":3465}