{"stats":{"minecraft:custom":{"minecraft:time_since_rest":6488,"minecraft:crouch_one_cm":6933,"minecraft:play_time":24475,"minecraft:sprint_one_cm":25296,"minecraft:walk_one_cm":41373,"minecraft:damage_taken":16770,"minecraft:deaths":3,"minecraft:sneak_time":1837,"minecraft:jump":58,"minecraft:time_since_death":6634,"minecraft:total_world_time":24475,"minecraft:open_chest":1,"minecraft:interact_with_crafting_table":6,"minecraft:fall_one_cm":245809,"minecraft:fly_one_cm":14947},"minecraft:used":{"minecraft:wooden_axe":58,"minecraft:dirt":1,"minecraft:oak_slab":272,"minecraft:crafting_table":1,"minecraft:oak_sapling":5,"tombstone:gift":2,"minecraft:chest":2},"minecraft:crafted":{"minecraft:oak_slab":63,"minecraft:oak_planks":103,"minecraft:crafting_table":1,"minecraft:air":537,"minecraft:chest":2},"minecraft:mined":{"minecraft:oak_slab":3,"minecraft:oak_log":4,"minecraft:grass_block":12,"minecraft:oak_sign":2,"minecraft:rose_bush":3,"minecraft:sunflower":3,"minecraft:dirt":22,"minecraft:glass":1,"minecraft:oak_leaves":2,"minecraft:wall_torch":8},"minecraft:picked_up":{"minecraft:oak_slab":3,"minecraft:stick":14,"minecraft:oak_sign":2,"minecraft:torch":8,"everlastingabilities:ability_bottle":1,"minecraft:rose_bush":3,"minecraft:oak_log":55,"minecraft:oak_sapling":17,"minecraft:dirt":3,"minecraft:sunflower":3}},"DataVersion":3465}