{"stats":{"minecraft:mined":{"minecraft:grass_block":3,"minecraft:oak_leaves":2},"minecraft:used":{"minecraft:dirt":3},"minecraft:custom":{"minecraft:jump":49,"minecraft:time_since_rest":4466,"minecraft:leave_game":1,"minecraft:crouch_one_cm":236,"minecraft:sprint_one_cm":6822,"minecraft:play_time":4466,"minecraft:damage_taken":20,"minecraft:time_since_death":4466,"minecraft:walk_one_cm":1191,"minecraft:sneak_time":66,"minecraft:total_world_time":4466,"minecraft:fall_one_cm":1658,"minecraft:fly_one_cm":10647},"minecraft:picked_up":{"minecraft:dirt":3}},"DataVersion":3465}