{"stats":{"minecraft:crafted":{"minecraft:crafting_table":1,"minecraft:wooden_pickaxe":1,"regions_unexplored:larch_planks":462,"minecraft:stone_axe":1,"minecraft:stick":12,"minecraft:stone_pickaxe":1,"minecraft:torch":16},"minecraft:killed":{"minecraft:bat":1,"minecraft:skeleton":2,"boh:jeff_the_killer":1},"minecraft:custom":{"minecraft:mob_kills":7,"minecraft:interact_with_crafting_table":4,"minecraft:damage_dealt_resisted":33,"minecraft:leave_game":1,"minecraft:time_since_death":48812,"minecraft:sleep_in_bed":3,"minecraft:climb_one_cm":14951,"minecraft:time_since_rest":48838,"minecraft:sprint_one_cm":89159,"minecraft:walk_one_cm":171326,"minecraft:damage_taken":3397,"minecraft:drop":22,"minecraft:damage_dealt":2172,"minecraft:swim_one_cm":16787,"minecraft:fly_one_cm":139125,"minecraft:player_kills":3,"minecraft:open_chest":1,"minecraft:crouch_one_cm":28644,"minecraft:play_time":116736,"minecraft:deaths":8,"minecraft:sneak_time":7512,"minecraft:walk_under_water_one_cm":16128,"minecraft:jump":993,"minecraft:walk_on_water_one_cm":2269,"minecraft:total_world_time":116736,"minecraft:fall_one_cm":29445},"minecraft:killed_by":{"minecraft:player":3,"minecraft:skeleton":1,"minecraft:creeper":1,"minecraft:spider":1,"minecraft:zombie":1,"undead_unleashed:shadewraith":1},"minecraft:picked_up":{"regions_unexplored:peat_dirt":18,"minecraft:crafting_table":3,"minecraft:cooked_beef":6,"regions_unexplored:larch_planks":9,"minecraft:andesite":13,"minecraft:black_bed":2,"minecraft:shield":1,"minecraft:bone":5,"butchersdelight:dead_cow":2,"minecraft:stone_pickaxe":2,"regions_unexplored:larch_log":116,"regions_unexplored:larch_sapling":2,"minecraft:raw_iron":2,"minecraft:stick":13,"minecraft:torch":5,"regions_unexplored:larch_door":3,"minecraft:gravel":1,"undead_unleashed:grave_metal_scrap":4,"hexerei:sage_seed":1,"minecraft:stone_sword":2,"minecraft:arrow":5,"minecraft:stone_axe":2,"minecraft:campfire":2,"minecraft:shears":1,"minecraft:granite":4,"butchersdelight:roaster":1,"minecraft:coal":13,"regions_unexplored:golden_larch_sapling":19,"minecraft:cobblestone":12},"minecraft:mined":{"regions_unexplored:larch_planks":12,"minecraft:crafting_table":2,"minecraft:torch":2,"minecraft:granite":3,"regions_unexplored:peat_grass_block":3,"minecraft:cobblestone":1,"minecraft:wall_torch":3,"regions_unexplored:larch_door":1,"butchersdelight:deadcowblock":3,"minecraft:iron_ore":2,"minecraft:andesite":13,"minecraft:black_bed":2,"treechop:chopped_log":2,"minecraft:grass":3,"minecraft:coal_ore":11,"regions_unexplored:peat_dirt":17,"minecraft:gravel":1,"regions_unexplored:medium_grass":4,"regions_unexplored:larch_log":1,"minecraft:stone":9},"minecraft:used":{"minecraft:stone_sword":32,"minecraft:stone_pickaxe":21,"regions_unexplored:peat_dirt":9,"minecraft:wooden_pickaxe":21,"minecraft:torch":14,"minecraft:crafting_table":4,"minecraft:campfire":1,"minecraft:black_bed":2,"butchersdelight:roaster":1,"minecraft:stone_axe":40,"regions_unexplored:larch_door":2,"minecraft:cobblestone":5,"regions_unexplored:larch_planks":238,"minecraft:cooked_beef":6},"minecraft:dropped":{"minecraft:gravel":1,"minecraft:stone_axe":1,"hexerei:sage_seed":1,"regions_unexplored:larch_door":1,"regions_unexplored:larch_planks":128,"minecraft:black_bed":1,"minecraft:granite":1,"regions_unexplored:larch_sapling":2,"minecraft:shears":2,"minecraft:coal":5,"minecraft:stick":15,"minecraft:cobweb":6,"regions_unexplored:peat_dirt":9,"minecraft:torch":7,"minecraft:andesite":13,"regions_unexplored:golden_larch_sapling":19,"minecraft:bamboo":8,"minecraft:stone_pickaxe":1,"minecraft:wooden_pickaxe":1,"minecraft:bone":2}},"DataVersion":3120}