{"stats":{"minecraft:crafted":{"minecraft:crafting_table":1,"minecraft:wooden_pickaxe":1,"regions_unexplored:larch_planks":462,"minecraft:stone_axe":1,"minecraft:stick":12,"minecraft:stone_pickaxe":1,"minecraft:torch":16},"minecraft:killed":{"minecraft:bat":1,"minecraft:skeleton":2,"boh:jeff_the_killer":1},"minecraft:custom":{"minecraft:mob_kills":7,"minecraft:interact_with_crafting_table":4,"minecraft:leave_game":1,"minecraft:time_since_death":5654,"minecraft:sleep_in_bed":1,"minecraft:climb_one_cm":11746,"minecraft:time_since_rest":5684,"minecraft:sprint_one_cm":76102,"minecraft:walk_one_cm":160013,"minecraft:damage_taken":1389,"minecraft:drop":22,"minecraft:damage_dealt":2055,"minecraft:swim_one_cm":10297,"minecraft:fly_one_cm":112755,"minecraft:player_kills":3,"minecraft:open_chest":1,"minecraft:crouch_one_cm":28086,"minecraft:play_time":62736,"minecraft:deaths":3,"minecraft:sneak_time":7296,"minecraft:walk_under_water_one_cm":7879,"minecraft:jump":836,"minecraft:walk_on_water_one_cm":1350,"minecraft:total_world_time":62736,"minecraft:fall_one_cm":17785},"minecraft:killed_by":{"minecraft:player":2,"minecraft:zombie":1},"minecraft:picked_up":{"regions_unexplored:peat_dirt":18,"minecraft:crafting_table":3,"minecraft:cooked_beef":6,"regions_unexplored:larch_planks":8,"minecraft:andesite":13,"minecraft:black_bed":2,"minecraft:bone":3,"butchersdelight:dead_cow":2,"minecraft:stone_pickaxe":1,"regions_unexplored:larch_log":116,"regions_unexplored:larch_sapling":2,"minecraft:stick":13,"minecraft:torch":5,"regions_unexplored:larch_door":3,"minecraft:gravel":1,"undead_unleashed:grave_metal_scrap":4,"hexerei:sage_seed":1,"minecraft:stone_sword":1,"minecraft:arrow":5,"minecraft:stone_axe":1,"minecraft:campfire":1,"minecraft:shears":1,"minecraft:granite":4,"butchersdelight:roaster":1,"minecraft:coal":10,"regions_unexplored:golden_larch_sapling":19,"minecraft:cobblestone":9},"minecraft:mined":{"regions_unexplored:larch_planks":11,"minecraft:crafting_table":2,"minecraft:torch":2,"minecraft:granite":3,"regions_unexplored:peat_grass_block":3,"minecraft:wall_torch":3,"regions_unexplored:larch_door":1,"butchersdelight:deadcowblock":3,"minecraft:iron_ore":1,"minecraft:andesite":13,"minecraft:black_bed":2,"treechop:chopped_log":2,"minecraft:grass":3,"minecraft:coal_ore":9,"regions_unexplored:peat_dirt":17,"minecraft:gravel":1,"regions_unexplored:medium_grass":4,"regions_unexplored:larch_log":1,"minecraft:stone":6},"minecraft:used":{"minecraft:stone_sword":29,"minecraft:stone_pickaxe":14,"regions_unexplored:peat_dirt":9,"minecraft:wooden_pickaxe":21,"minecraft:torch":13,"minecraft:crafting_table":4,"minecraft:campfire":1,"minecraft:black_bed":2,"butchersdelight:roaster":1,"minecraft:stone_axe":39,"regions_unexplored:larch_door":2,"minecraft:cobblestone":3,"regions_unexplored:larch_planks":238,"minecraft:cooked_beef":6},"minecraft:dropped":{"minecraft:gravel":1,"minecraft:stone_axe":1,"hexerei:sage_seed":1,"regions_unexplored:larch_door":1,"regions_unexplored:larch_planks":128,"minecraft:black_bed":1,"minecraft:granite":1,"regions_unexplored:larch_sapling":2,"minecraft:shears":2,"minecraft:coal":5,"minecraft:stick":15,"minecraft:cobweb":6,"regions_unexplored:peat_dirt":9,"minecraft:torch":7,"minecraft:andesite":13,"regions_unexplored:golden_larch_sapling":19,"minecraft:bamboo":8,"minecraft:stone_pickaxe":1,"minecraft:wooden_pickaxe":1,"minecraft:bone":2}},"DataVersion":3120}