{"stats":{"minecraft:custom":{"minecraft:interact_with_furnace":41,"minecraft:mob_kills":1,"minecraft:interact_with_crafting_table":47,"minecraft:leave_game":1,"minecraft:time_since_death":5157,"minecraft:time_since_rest":4994,"minecraft:sprint_one_cm":130051,"minecraft:damage_taken":1768,"minecraft:walk_one_cm":141316,"minecraft:drop":101,"minecraft:use_wand":358,"minecraft:damage_dealt":1057,"minecraft:fly_one_cm":174810,"minecraft:open_chest":66,"minecraft:crouch_one_cm":17636,"minecraft:play_time":126211,"minecraft:deaths":5,"minecraft:sneak_time":15964,"minecraft:jump":1008,"minecraft:walk_on_water_one_cm":63,"minecraft:total_world_time":126211,"minecraft:fall_one_cm":223654},"minecraft:broken":{"constructionwand:stone_wand":2,"exdeorum:crook":1},"minecraft:used":{"minecraft:stone_pickaxe":10,"minecraft:chest":2,"exdeorum:crook":305,"allthecompressed:cobblestone_1x":441,"minecraft:clay":3,"minecraft:cobblestone_slab":274,"minecraft:torch":8,"minecraft:dirt":3,"minecraft:sand":6,"minecraft:oak_slab":1,"cobblefordays:tier_2":1,"constructionwand:stone_wand":49,"exdeorum:silk_worm":2,"exdeorum:stone_barrel":1,"exdeorum:dust":37,"exdeorum:oak_barrel":1,"minecraft:stone_slab":3,"minecraft:gravel":6,"cobblefordays:tier_1":2,"exdeorum:porcelain_crucible":2,"minecraft:wooden_sword":2,"minecraft:cobblestone":6,"exdeorum:stone_hammer":54,"functionalstorage:oak_1":3,"minecraft:oak_sapling":7,"minecraft:furnace":1,"exdeorum:compressed_stone_hammer":491,"minecraft:cooked_beef":5},"minecraft:crafted":{"exdeorum:stone_barrel":1,"minecraft:oak_slab":6,"minecraft:oak_planks":33,"minecraft:cobblestone_slab":39,"minecraft:barrel":1,"pickletweaks:flint_shears":1,"minecraft:furnace":1,"minecraft:stone":24,"exdeorum:compressed_stone_hammer":11,"exdeorum:unfired_porcelain_crucible":1,"allthecompressed:cobblestone_1x":441,"cobblefordays:tier_1":1,"minecraft:air":1076,"exdeorum:crook":9,"exdeorum:porcelain_clay_ball":7,"minecraft:basalt":34,"minecraft:glass":1,"minecraft:cobblestone":187,"minecraft:charcoal":17,"constructionwand:stone_wand":4,"minecraft:stick":70,"minecraft:stone_slab":6,"minecraft:blackstone":32,"minecraft:stone_pickaxe":1,"minecraft:chest":4,"exdeorum:oak_sieve":9,"exdeorum:stone_hammer":10,"functionalstorage:oak_1":1,"exdeorum:porcelain_crucible":1,"dankstorage:dank_1":1,"cobblefordays:tier_2":1},"minecraft:killed":{"minecraft:trader_llama":1},"minecraft:killed_by":{"minecraft:player":1},"minecraft:dropped":{"minecraft:gravel":4147,"dankstorage:dank_1":1,"minecraft:glowstone_dust":1,"minecraft:apple":1,"minecraft:leather":1,"exdeorum:oak_sieve":9,"ae2:sky_dust":4,"minecraft:cobblestone_slab":357,"minecraft:gunpowder":3,"exdeorum:dust":9,"minecraft:wooden_hoe":1,"exdeorum:silk_worm":7,"minecraft:wooden_axe":1,"ae2:certus_quartz_dust":3,"exdeorum:crook":2,"minecraft:string":3,"exdeorum:stone_pebble":1,"enderio:grains_of_infinity":2,"minecraft:redstone":2},"minecraft:mined":{"minecraft:oak_slab":21,"minecraft:oak_sapling":3,"exdeorum:infested_leaves":227,"functionalstorage:oak_1":2,"minecraft:clay":3,"minecraft:torch":1,"minecraft:grass_block":1,"minecraft:stone_slab":2,"minecraft:cobblestone":6,"cobblefordays:tier_1":2,"exdeorum:dust":1,"minecraft:andesite":35,"minecraft:oak_log":29,"exdeorum:oak_barrel":1,"minecraft:cobblestone_slab":7,"minecraft:gravel":6,"minecraft:sand":6,"allthecompressed:cobblestone_1x":441,"translocators:crafting_grid":10,"minecraft:oak_leaves":205,"exdeorum:porcelain_crucible":1},"minecraft:picked_up":{"functionalstorage:oak_1":2,"exdeorum:crook":2,"exdeorum:basalt_pebble":138,"exdeorum:dust":9,"minecraft:clay_ball":12,"minecraft:lead":2,"minecraft:leather":4,"minecraft:stone_slab":2,"enderio:grains_of_infinity":2,"minecraft:ice":1,"minecraft:flint":1,"minecraft:oak_log":22,"exdeorum:oak_barrel":1,"exdeorum:grass_seeds":1,"minecraft:dirt":3,"minecraft:gunpowder":3,"exdeorum:blackstone_pebble":132,"minecraft:string":56,"exdeorum:granite_pebble":122,"ae2:sky_dust":4,"minecraft:apple":1,"cobblefordays:tier_1":2,"exdeorum:stone_pebble":763,"minecraft:cobblestone_slab":511,"minecraft:glowstone_dust":1,"minecraft:sugar_cane":1,"allthecompressed:sand_1x":1,"minecraft:oak_slab":1,"minecraft:stick":9,"exdeorum:deepslate_pebble":119,"exdeorum:porcelain_crucible":1,"minecraft:lava_bucket":1,"minecraft:gravel":4153,"minecraft:sand":6,"minecraft:redstone":2,"exdeorum:silk_worm":2,"ae2:certus_quartz_dust":3,"exdeorum:diorite_pebble":135,"minecraft:bone_meal":7,"everlastingabilities:ability_bottle":1,"exdeorum:andesite_pebble":135,"minecraft:oak_sapling":28,"minecraft:oak_leaves":40,"minecraft:cobblestone":32}},"DataVersion":3465}