{"stats":{"minecraft:custom":{"minecraft:mob_kills":1,"minecraft:interact_with_crafting_table":67,"minecraft:leave_game":2,"minecraft:time_since_death":64894,"minecraft:sprint_one_cm":241526,"minecraft:walk_one_cm":281818,"minecraft:drop":163,"minecraft:play_time":258894,"minecraft:deaths":6,"minecraft:sneak_time":17740,"minecraft:jump":1974,"minecraft:walk_on_water_one_cm":2444,"minecraft:total_world_time":258894,"minecraft:interact_with_furnace":110,"minecraft:sleep_in_bed":4,"minecraft:time_since_rest":45648,"minecraft:damage_taken":2753,"tombstone:sneak_grave":7,"minecraft:damage_dealt":1167,"minecraft:use_wand":698,"minecraft:fly_one_cm":324103,"minecraft:open_chest":92,"minecraft:crouch_one_cm":20944,"minecraft:fall_one_cm":292848},"minecraft:broken":{"constructionwand:stone_wand":5,"exdeorum:crook":2},"minecraft:used":{"minecraft:redstone":4,"minecraft:chest":2,"exdeorum:crook":413,"allthecompressed:cobblestone_1x":635,"minecraft:torch":12,"minecraft:dirt":5,"cobblefordays:tier_2":1,"exdeorum:silk_worm":4,"integrateddynamics:squeezer":3,"exdeorum:porcelain_crucible":2,"minecraft:repeater":2,"ironfurnaces:iron_furnace":2,"cobblefordays:tier_1":2,"exdeorum:stone_hammer":54,"minecraft:oak_sapling":9,"minecraft:furnace":5,"minecraft:cooked_beef":13,"minecraft:wheat_seeds":4,"minecraft:water_bucket":9,"minecraft:iron_ore":95,"minecraft:stone_pickaxe":121,"minecraft:oak_planks":1,"minecraft:clay":3,"minecraft:cobblestone_slab":300,"minecraft:sand":6,"minecraft:oak_slab":1,"constructionwand:stone_wand":93,"minecraft:white_bed":2,"croptopia:scrambled_eggs":1,"exdeorum:stone_barrel":2,"minecraft:redstone_torch":1,"exdeorum:dust":37,"exdeorum:oak_barrel":2,"cobblefordays:tier_3":1,"allthecompressed:sand_1x":49,"allthecompressed:gravel_1x":51,"minecraft:stone_slab":3,"minecraft:gravel":6,"minecraft:wooden_sword":2,"minecraft:cobblestone":8,"functionalstorage:oak_1":3,"minecraft:bucket":38,"exdeorum:compressed_stone_hammer":785,"minecraft:ice":2,"exdeorum:mycelium_spores":2},"minecraft:crafted":{"minecraft:oak_planks":49,"minecraft:cobblestone_slab":39,"minecraft:barrel":1,"minecraft:sand":1,"minecraft:furnace":5,"ironfurnaces:iron_furnace":1,"croptopia:toast":0,"minecraft:stone":24,"exdeorum:unfired_porcelain_crucible":1,"allthecompressed:cobblestone_1x":636,"allthecompressed:gravel_1x":51,"alltheores:copper_ore_hammer":1,"minecraft:basalt":34,"minecraft:glass":1,"allthecompressed:sand_1x":49,"minecraft:stone_pickaxe":2,"minecraft:chest":4,"minecraft:copper_block":2,"exdeorum:stone_hammer":10,"exdeorum:porcelain_crucible":1,"functionalstorage:oak_1":1,"dankstorage:dank_1":1,"cobblefordays:tier_2":1,"integrateddynamics:squeezer":1,"exdeorum:stone_barrel":1,"minecraft:oak_slab":6,"pickletweaks:flint_shears":1,"ironfurnaces:upgrade_iron":2,"minecraft:copper_ingot":27,"minecraft:copper_ore":27,"exdeorum:compressed_stone_hammer":17,"cobblefordays:tier_1":1,"minecraft:air":1642,"cobblefordays:tier_3":1,"exdeorum:crook":9,"exdeorum:porcelain_clay_ball":7,"minecraft:white_wool":6,"minecraft:cobblestone":187,"minecraft:charcoal":17,"constructionwand:stone_wand":6,"minecraft:stick":83,"minecraft:stone_slab":6,"minecraft:blackstone":32,"minecraft:iron_block":1,"minecraft:iron_ore":95,"exdeorum:oak_sieve":9,"alltheores:iron_dust":64,"minecraft:white_bed":2},"minecraft:killed":{"minecraft:trader_llama":1},"minecraft:killed_by":{"minecraft:player":2},"minecraft:dropped":{"minecraft:iron_ingot":22,"minecraft:soul_sand":46,"dankstorage:dank_1":1,"minecraft:wheat_seeds":44,"minecraft:cobblestone":44,"minecraft:leather":1,"constructionwand:stone_wand":1,"minecraft:apple":1,"exdeorum:oak_sieve":9,"minecraft:copper_ingot":9,"exdeorum:iron_ore_chunk":2,"minecraft:stick":3,"minecraft:lava_bucket":1,"minecraft:dirt":1,"exdeorum:dust":386,"minecraft:wooden_hoe":1,"exdeorum:silk_worm":7,"minecraft:wooden_axe":1,"alltheores:copper_ore_hammer":1,"exdeorum:crook":2,"minecraft:string":102,"exdeorum:stone_pebble":1,"alltheores:iron_dust":204,"enderio:grains_of_infinity":2,"minecraft:redstone":3,"minecraft:gravel":5875,"minecraft:wheat":42,"minecraft:raw_iron":31,"minecraft:glowstone_dust":1,"minecraft:white_bed":1,"patchouli:guide_book":2,"ae2:sky_dust":4,"minecraft:cobblestone_slab":357,"minecraft:gunpowder":3,"ae2:certus_quartz_dust":3,"minecraft:raw_gold":3},"minecraft:mined":{"minecraft:oak_sapling":3,"functionalstorage:oak_1":2,"minecraft:grass_block":1,"integrateddynamics:squeezer":2,"minecraft:redstone_wire":5,"cobblefordays:tier_1":2,"allthecompressed:sand_1x":49,"minecraft:furnace":1,"minecraft:iron_ore":95,"minecraft:andesite":35,"minecraft:cobblestone_slab":17,"translocators:crafting_grid":10,"exdeorum:porcelain_crucible":1,"minecraft:oak_slab":21,"exdeorum:infested_leaves":335,"ironfurnaces:iron_furnace":1,"minecraft:clay":3,"minecraft:torch":3,"allthecompressed:gravel_1x":51,"minecraft:stone_slab":2,"minecraft:cobblestone":8,"minecraft:oak_planks":2,"minecraft:wall_torch":1,"minecraft:repeater":2,"cobblefordays:tier_2":1,"minecraft:wheat":4,"minecraft:redstone_torch":1,"minecraft:ice":1,"exdeorum:dust":1,"exdeorum:stone_barrel":1,"minecraft:oak_log":46,"exdeorum:oak_barrel":2,"minecraft:sand":6,"minecraft:gravel":6,"allthecompressed:cobblestone_1x":635,"minecraft:oak_leaves":205},"minecraft:picked_up":{"functionalstorage:oak_1":2,"minecraft:wheat":42,"exdeorum:dust":386,"minecraft:clay_ball":12,"minecraft:stone_slab":2,"minecraft:lead":2,"exdeorum:iron_ore_chunk":242,"exdeorum:oak_barrel":2,"exdeorum:blackstone_pebble":132,"exdeorum:grass_seeds":1,"minecraft:string":132,"exdeorum:granite_pebble":122,"minecraft:oak_sign":2,"cobblefordays:tier_1":2,"minecraft:redstone_torch":1,"minecraft:rose_bush":3,"minecraft:cobblestone_slab":521,"minecraft:sugar_cane":1,"croptopia:scrambled_eggs":1,"minecraft:furnace":1,"minecraft:stick":9,"minecraft:raw_iron":95,"exdeorum:porcelain_crucible":1,"minecraft:torch":16,"minecraft:redstone":8,"exdeorum:silk_worm":3,"ae2:certus_quartz_dust":3,"exdeorum:diorite_pebble":135,"everlastingabilities:ability_bottle":2,"exdeorum:andesite_pebble":135,"alltheores:iron_dust":156,"minecraft:cobblestone":34,"exdeorum:crook":2,"exdeorum:stone_barrel":1,"exdeorum:basalt_pebble":138,"minecraft:repeater":2,"minecraft:leather":4,"enderio:grains_of_infinity":2,"minecraft:ice":1,"minecraft:flint":1,"minecraft:oak_log":39,"minecraft:gunpowder":3,"minecraft:wooden_hoe":1,"minecraft:dirt":7,"ae2:sky_dust":4,"minecraft:apple":1,"minecraft:wheat_seeds":48,"minecraft:raw_gold":2,"exdeorum:stone_pebble":763,"minecraft:iron_ingot":68,"minecraft:glowstone_dust":1,"minecraft:oak_planks":33,"ironfurnaces:iron_furnace":1,"minecraft:soul_sand":46,"minecraft:oak_slab":1,"allthecompressed:sand_1x":1,"exdeorum:deepslate_pebble":119,"patchouli:guide_book":1,"minecraft:gravel":6347,"minecraft:lava_bucket":2,"minecraft:sand":465,"integrateddynamics:squeezer":2,"minecraft:white_bed":1,"exdeorum:wooden_watering_can":1,"exdeorum:diamond_mesh":12,"constructionwand:stone_wand":1,"cobblefordays:tier_2":1,"minecraft:bone_meal":7,"minecraft:oak_sapling":29,"minecraft:coal":59,"minecraft:oak_leaves":40,"minecraft:sunflower":3,"alltheores:copper_ore_hammer":2}},"DataVersion":3465}