{"stats":{"minecraft:custom":{"minecraft:interact_with_furnace":41,"minecraft:mob_kills":1,"minecraft:interact_with_crafting_table":42,"minecraft:leave_game":1,"minecraft:time_since_death":9012,"minecraft:time_since_rest":8830,"minecraft:sprint_one_cm":106402,"minecraft:damage_taken":1183,"minecraft:walk_one_cm":118241,"minecraft:drop":52,"minecraft:use_wand":144,"minecraft:damage_dealt":1057,"minecraft:fly_one_cm":146739,"minecraft:open_chest":57,"minecraft:crouch_one_cm":17237,"minecraft:play_time":114211,"minecraft:deaths":3,"minecraft:sneak_time":15661,"minecraft:jump":842,"minecraft:walk_on_water_one_cm":63,"minecraft:total_world_time":114211,"minecraft:fall_one_cm":140663},"minecraft:broken":{"constructionwand:stone_wand":1,"exdeorum:crook":1},"minecraft:used":{"minecraft:stone_pickaxe":10,"minecraft:chest":2,"exdeorum:crook":194,"allthecompressed:cobblestone_1x":161,"minecraft:clay":3,"minecraft:cobblestone_slab":274,"minecraft:torch":8,"minecraft:sand":6,"minecraft:oak_slab":1,"cobblefordays:tier_2":1,"constructionwand:stone_wand":24,"exdeorum:stone_barrel":1,"exdeorum:dust":37,"exdeorum:oak_barrel":1,"minecraft:stone_slab":3,"minecraft:gravel":6,"cobblefordays:tier_1":2,"exdeorum:porcelain_crucible":2,"minecraft:wooden_sword":2,"minecraft:cobblestone":6,"exdeorum:stone_hammer":54,"functionalstorage:oak_1":3,"minecraft:oak_sapling":5,"minecraft:furnace":1,"exdeorum:compressed_stone_hammer":211,"minecraft:cooked_beef":5},"minecraft:crafted":{"exdeorum:stone_barrel":1,"minecraft:oak_slab":6,"minecraft:oak_planks":29,"minecraft:cobblestone_slab":39,"minecraft:barrel":1,"pickletweaks:flint_shears":1,"minecraft:furnace":1,"minecraft:stone":24,"exdeorum:compressed_stone_hammer":5,"exdeorum:unfired_porcelain_crucible":1,"allthecompressed:cobblestone_1x":200,"cobblefordays:tier_1":1,"minecraft:air":810,"exdeorum:crook":2,"exdeorum:porcelain_clay_ball":7,"minecraft:basalt":34,"minecraft:glass":1,"minecraft:cobblestone":187,"minecraft:charcoal":17,"constructionwand:stone_wand":2,"minecraft:stick":38,"minecraft:stone_slab":6,"minecraft:blackstone":32,"minecraft:stone_pickaxe":1,"minecraft:chest":4,"exdeorum:oak_sieve":9,"exdeorum:stone_hammer":10,"functionalstorage:oak_1":1,"exdeorum:porcelain_crucible":1,"dankstorage:dank_1":1,"cobblefordays:tier_2":1},"minecraft:killed":{"minecraft:trader_llama":1},"minecraft:killed_by":{"minecraft:player":1},"minecraft:dropped":{"minecraft:gravel":1548,"dankstorage:dank_1":1,"minecraft:glowstone_dust":1,"minecraft:apple":1,"minecraft:leather":1,"exdeorum:oak_sieve":9,"ae2:sky_dust":4,"minecraft:gunpowder":3,"exdeorum:dust":9,"minecraft:wooden_hoe":1,"exdeorum:silk_worm":7,"minecraft:wooden_axe":1,"ae2:certus_quartz_dust":3,"exdeorum:crook":2,"minecraft:string":3,"exdeorum:stone_pebble":1,"enderio:grains_of_infinity":2,"minecraft:redstone":2},"minecraft:mined":{"minecraft:oak_slab":21,"minecraft:oak_sapling":3,"exdeorum:infested_leaves":116,"functionalstorage:oak_1":2,"minecraft:clay":3,"minecraft:torch":1,"minecraft:grass_block":1,"minecraft:stone_slab":2,"minecraft:cobblestone":6,"cobblefordays:tier_1":2,"exdeorum:dust":1,"minecraft:andesite":35,"minecraft:oak_log":23,"exdeorum:oak_barrel":1,"minecraft:cobblestone_slab":7,"minecraft:gravel":6,"minecraft:sand":6,"allthecompressed:cobblestone_1x":161,"translocators:crafting_grid":10,"minecraft:oak_leaves":205,"exdeorum:porcelain_crucible":1},"minecraft:picked_up":{"functionalstorage:oak_1":2,"exdeorum:crook":2,"exdeorum:basalt_pebble":138,"exdeorum:dust":9,"minecraft:clay_ball":12,"minecraft:leather":2,"minecraft:stone_slab":2,"enderio:grains_of_infinity":2,"minecraft:oak_log":16,"exdeorum:oak_barrel":1,"minecraft:dirt":2,"minecraft:gunpowder":3,"exdeorum:blackstone_pebble":132,"minecraft:string":33,"exdeorum:granite_pebble":122,"ae2:sky_dust":4,"minecraft:apple":1,"cobblefordays:tier_1":2,"exdeorum:stone_pebble":752,"minecraft:cobblestone_slab":511,"minecraft:glowstone_dust":1,"minecraft:oak_slab":1,"minecraft:stick":9,"exdeorum:deepslate_pebble":119,"exdeorum:porcelain_crucible":1,"minecraft:gravel":1554,"minecraft:sand":6,"minecraft:redstone":2,"exdeorum:silk_worm":1,"ae2:certus_quartz_dust":3,"exdeorum:diorite_pebble":135,"minecraft:bone_meal":7,"everlastingabilities:ability_bottle":1,"exdeorum:andesite_pebble":135,"minecraft:oak_sapling":28,"minecraft:oak_leaves":40}},"DataVersion":3465}