{"stats":{"minecraft:custom":{"minecraft:time_since_rest":18211,"minecraft:crouch_one_cm":3798,"minecraft:play_time":18211,"minecraft:sprint_one_cm":2835,"minecraft:damage_taken":10,"minecraft:walk_one_cm":5746,"minecraft:sneak_time":7217,"minecraft:drop":2,"minecraft:jump":21,"minecraft:leave_game":1,"minecraft:time_since_death":18211,"minecraft:total_world_time":18211,"minecraft:fly_one_cm":3562},"minecraft:used":{"minecraft:wooden_sword":2},"minecraft:dropped":{"minecraft:wooden_hoe":1,"minecraft:wooden_axe":1},"minecraft:mined":{"minecraft:grass_block":1,"minecraft:oak_log":1,"minecraft:oak_sapling":1,"translocators:crafting_grid":10},"minecraft:picked_up":{"exdeorum:granite_pebble":93,"exdeorum:basalt_pebble":114,"minecraft:stick":3,"exdeorum:deepslate_pebble":90,"exdeorum:diorite_pebble":106,"exdeorum:stone_pebble":589,"everlastingabilities:ability_bottle":1,"exdeorum:andesite_pebble":102,"minecraft:oak_sapling":3,"exdeorum:blackstone_pebble":104}},"DataVersion":3465}