{"stats":{"minecraft:custom":{"minecraft:time_since_rest":30211,"minecraft:crouch_one_cm":4150,"minecraft:play_time":30211,"minecraft:sprint_one_cm":3135,"minecraft:damage_taken":200,"minecraft:walk_one_cm":5845,"minecraft:sneak_time":11935,"minecraft:drop":3,"minecraft:jump":23,"minecraft:leave_game":1,"minecraft:time_since_death":30211,"minecraft:total_world_time":30211,"minecraft:fall_one_cm":39469,"minecraft:fly_one_cm":3740},"minecraft:used":{"minecraft:wooden_sword":2},"minecraft:crafted":{"minecraft:basalt":34,"minecraft:cobblestone":187,"minecraft:air":252,"minecraft:blackstone":32},"minecraft:dropped":{"minecraft:wooden_hoe":1,"exdeorum:stone_pebble":1,"minecraft:wooden_axe":1},"minecraft:mined":{"minecraft:grass_block":1,"minecraft:oak_log":1,"minecraft:oak_sapling":1,"translocators:crafting_grid":10},"minecraft:picked_up":{"exdeorum:granite_pebble":122,"exdeorum:basalt_pebble":138,"minecraft:stick":5,"exdeorum:deepslate_pebble":119,"exdeorum:diorite_pebble":135,"exdeorum:stone_pebble":752,"everlastingabilities:ability_bottle":1,"exdeorum:andesite_pebble":135,"minecraft:oak_sapling":8,"exdeorum:blackstone_pebble":132}},"DataVersion":3465}