{"stats":{"minecraft:custom":{"minecraft:mob_kills":1,"minecraft:interact_with_crafting_table":64,"minecraft:leave_game":1,"minecraft:time_since_death":47157,"minecraft:sprint_one_cm":168778,"minecraft:walk_one_cm":222534,"minecraft:drop":155,"minecraft:play_time":168211,"minecraft:deaths":5,"minecraft:sneak_time":17156,"minecraft:jump":1304,"minecraft:walk_on_water_one_cm":1244,"minecraft:total_world_time":168211,"minecraft:interact_with_furnace":107,"minecraft:sleep_in_bed":2,"minecraft:time_since_rest":27780,"minecraft:damage_taken":2138,"minecraft:use_wand":698,"minecraft:damage_dealt":1077,"minecraft:fly_one_cm":209826,"minecraft:open_chest":87,"minecraft:crouch_one_cm":20191,"minecraft:fall_one_cm":228251},"minecraft:broken":{"constructionwand:stone_wand":5,"exdeorum:crook":2},"minecraft:used":{"minecraft:chest":2,"exdeorum:crook":413,"allthecompressed:cobblestone_1x":633,"minecraft:torch":12,"minecraft:dirt":5,"cobblefordays:tier_2":1,"exdeorum:silk_worm":4,"integrateddynamics:squeezer":3,"exdeorum:porcelain_crucible":2,"ironfurnaces:iron_furnace":2,"cobblefordays:tier_1":2,"exdeorum:stone_hammer":54,"minecraft:furnace":5,"minecraft:oak_sapling":9,"minecraft:cooked_beef":9,"minecraft:water_bucket":3,"minecraft:iron_ore":95,"minecraft:stone_pickaxe":121,"minecraft:cobblestone_slab":300,"minecraft:clay":3,"minecraft:sand":6,"minecraft:oak_slab":1,"constructionwand:stone_wand":93,"minecraft:white_bed":2,"exdeorum:stone_barrel":2,"exdeorum:dust":37,"exdeorum:oak_barrel":2,"cobblefordays:tier_3":1,"allthecompressed:sand_1x":49,"allthecompressed:gravel_1x":49,"minecraft:stone_slab":3,"minecraft:gravel":6,"minecraft:wooden_sword":2,"minecraft:cobblestone":8,"functionalstorage:oak_1":3,"minecraft:bucket":6,"exdeorum:compressed_stone_hammer":781,"minecraft:ice":2,"exdeorum:mycelium_spores":2},"minecraft:crafted":{"minecraft:oak_planks":49,"minecraft:cobblestone_slab":39,"minecraft:barrel":1,"minecraft:sand":1,"minecraft:furnace":5,"ironfurnaces:iron_furnace":1,"minecraft:stone":24,"exdeorum:unfired_porcelain_crucible":1,"allthecompressed:cobblestone_1x":634,"allthecompressed:gravel_1x":49,"alltheores:copper_ore_hammer":1,"minecraft:basalt":34,"minecraft:glass":1,"allthecompressed:sand_1x":49,"minecraft:stone_pickaxe":2,"minecraft:chest":4,"minecraft:copper_block":2,"exdeorum:stone_hammer":10,"exdeorum:porcelain_crucible":1,"functionalstorage:oak_1":1,"dankstorage:dank_1":1,"cobblefordays:tier_2":1,"integrateddynamics:squeezer":1,"exdeorum:stone_barrel":1,"minecraft:oak_slab":6,"pickletweaks:flint_shears":1,"ironfurnaces:upgrade_iron":2,"minecraft:copper_ingot":27,"exdeorum:compressed_stone_hammer":17,"minecraft:copper_ore":27,"cobblefordays:tier_3":1,"minecraft:air":1640,"cobblefordays:tier_1":1,"exdeorum:crook":9,"exdeorum:porcelain_clay_ball":7,"minecraft:white_wool":6,"minecraft:charcoal":17,"minecraft:cobblestone":187,"constructionwand:stone_wand":6,"minecraft:stick":83,"minecraft:stone_slab":6,"minecraft:blackstone":32,"minecraft:iron_block":1,"minecraft:iron_ore":95,"exdeorum:oak_sieve":9,"alltheores:iron_dust":64,"minecraft:white_bed":2},"minecraft:killed":{"minecraft:trader_llama":1},"minecraft:killed_by":{"minecraft:player":1},"minecraft:dropped":{"minecraft:iron_ingot":22,"dankstorage:dank_1":1,"minecraft:cobblestone":4,"minecraft:leather":1,"minecraft:apple":1,"constructionwand:stone_wand":1,"exdeorum:oak_sieve":9,"minecraft:copper_ingot":9,"exdeorum:iron_ore_chunk":2,"minecraft:stick":3,"minecraft:lava_bucket":1,"minecraft:dirt":1,"exdeorum:dust":386,"minecraft:wooden_hoe":1,"exdeorum:silk_worm":7,"minecraft:wooden_axe":1,"alltheores:copper_ore_hammer":1,"exdeorum:crook":2,"exdeorum:stone_pebble":1,"minecraft:string":102,"minecraft:redstone":2,"enderio:grains_of_infinity":2,"alltheores:iron_dust":204,"minecraft:gravel":5875,"minecraft:raw_iron":31,"minecraft:glowstone_dust":1,"minecraft:white_bed":1,"ae2:sky_dust":4,"minecraft:cobblestone_slab":357,"minecraft:gunpowder":3,"ae2:certus_quartz_dust":3,"minecraft:raw_gold":3},"minecraft:mined":{"minecraft:oak_sapling":3,"functionalstorage:oak_1":2,"minecraft:grass_block":1,"integrateddynamics:squeezer":2,"cobblefordays:tier_1":2,"allthecompressed:sand_1x":49,"minecraft:furnace":1,"minecraft:iron_ore":95,"minecraft:andesite":35,"minecraft:cobblestone_slab":17,"translocators:crafting_grid":10,"exdeorum:porcelain_crucible":1,"minecraft:oak_slab":21,"exdeorum:infested_leaves":335,"ironfurnaces:iron_furnace":1,"minecraft:clay":3,"minecraft:torch":3,"allthecompressed:gravel_1x":49,"minecraft:stone_slab":2,"minecraft:cobblestone":8,"minecraft:oak_planks":1,"minecraft:wall_torch":1,"cobblefordays:tier_2":1,"minecraft:ice":1,"exdeorum:dust":1,"exdeorum:stone_barrel":1,"minecraft:oak_log":46,"exdeorum:oak_barrel":2,"minecraft:gravel":6,"minecraft:sand":6,"allthecompressed:cobblestone_1x":633,"minecraft:oak_leaves":205},"minecraft:picked_up":{"functionalstorage:oak_1":2,"exdeorum:dust":386,"minecraft:clay_ball":12,"minecraft:stone_slab":2,"minecraft:lead":2,"exdeorum:iron_ore_chunk":242,"exdeorum:oak_barrel":2,"exdeorum:blackstone_pebble":132,"minecraft:string":132,"exdeorum:grass_seeds":1,"exdeorum:granite_pebble":122,"cobblefordays:tier_1":2,"minecraft:cobblestone_slab":521,"minecraft:sugar_cane":1,"croptopia:scrambled_eggs":1,"minecraft:furnace":1,"minecraft:stick":9,"minecraft:raw_iron":95,"exdeorum:porcelain_crucible":1,"minecraft:torch":5,"minecraft:redstone":2,"exdeorum:silk_worm":3,"ae2:certus_quartz_dust":3,"exdeorum:diorite_pebble":135,"everlastingabilities:ability_bottle":1,"exdeorum:andesite_pebble":135,"alltheores:iron_dust":156,"minecraft:cobblestone":34,"exdeorum:crook":2,"exdeorum:basalt_pebble":138,"exdeorum:stone_barrel":1,"minecraft:leather":4,"enderio:grains_of_infinity":2,"minecraft:ice":1,"minecraft:flint":1,"minecraft:oak_log":39,"minecraft:gunpowder":3,"minecraft:wooden_hoe":1,"minecraft:dirt":5,"ae2:sky_dust":4,"minecraft:apple":1,"minecraft:raw_gold":2,"exdeorum:stone_pebble":763,"minecraft:iron_ingot":68,"minecraft:glowstone_dust":1,"minecraft:soul_sand":1,"ironfurnaces:iron_furnace":1,"minecraft:oak_slab":1,"allthecompressed:sand_1x":1,"exdeorum:deepslate_pebble":119,"minecraft:gravel":6329,"minecraft:lava_bucket":2,"minecraft:sand":447,"integrateddynamics:squeezer":2,"minecraft:white_bed":1,"constructionwand:stone_wand":1,"cobblefordays:tier_2":1,"minecraft:bone_meal":7,"minecraft:oak_sapling":29,"minecraft:coal":59,"minecraft:oak_leaves":40,"alltheores:copper_ore_hammer":2}},"DataVersion":3465}