{"stats":{"minecraft:crafted":{"minecraft:crafting_table":1,"minecraft:stick":8,"minecraft:wooden_pickaxe":1,"minecraft:stone_pickaxe":1,"regions_unexplored:larch_planks":462,"minecraft:stone_axe":1},"minecraft:killed":{"boh:jeff_the_killer":1},"minecraft:custom":{"minecraft:time_since_rest":17883,"minecraft:sprint_one_cm":38516,"minecraft:damage_taken":654,"minecraft:walk_one_cm":90579,"minecraft:mob_kills":2,"minecraft:drop":6,"minecraft:damage_dealt":1158,"minecraft:interact_with_crafting_table":4,"minecraft:fly_one_cm":68029,"minecraft:player_kills":3,"minecraft:crouch_one_cm":15625,"minecraft:play_time":38736,"minecraft:deaths":2,"minecraft:sneak_time":4398,"minecraft:jump":468,"minecraft:walk_on_water_one_cm":299,"minecraft:leave_game":1,"minecraft:time_since_death":17860,"minecraft:climb_one_cm":5740,"minecraft:total_world_time":38736,"minecraft:fall_one_cm":11135},"minecraft:killed_by":{"minecraft:player":2},"minecraft:picked_up":{"regions_unexplored:peat_dirt":17,"minecraft:stick":13,"minecraft:crafting_table":3,"regions_unexplored:larch_planks":8,"minecraft:andesite":13,"minecraft:black_bed":2,"minecraft:torch":3,"minecraft:gravel":1,"hexerei:sage_seed":1,"minecraft:stone_sword":1,"butchersdelight:dead_cow":1,"minecraft:stone_axe":1,"minecraft:stone_pickaxe":1,"regions_unexplored:larch_log":116,"regions_unexplored:larch_sapling":2,"minecraft:cobblestone":6,"regions_unexplored:golden_larch_sapling":19},"minecraft:mined":{"butchersdelight:deadcowblock":2,"minecraft:andesite":13,"treechop:chopped_log":2,"minecraft:black_bed":2,"minecraft:crafting_table":2,"regions_unexplored:larch_planks":11,"minecraft:torch":1,"minecraft:grass":3,"regions_unexplored:peat_grass_block":3,"regions_unexplored:peat_dirt":16,"minecraft:gravel":1,"regions_unexplored:medium_grass":4,"regions_unexplored:larch_log":1,"minecraft:stone":6,"minecraft:wall_torch":2},"minecraft:used":{"minecraft:stone_sword":11,"regions_unexplored:peat_dirt":8,"minecraft:wooden_pickaxe":21,"minecraft:stone_axe":36,"minecraft:torch":10,"regions_unexplored:larch_planks":127,"minecraft:crafting_table":4,"minecraft:black_bed":1},"minecraft:dropped":{"minecraft:torch":7,"regions_unexplored:larch_planks":128,"minecraft:andesite":13,"minecraft:black_bed":1,"minecraft:coal":5}},"DataVersion":3120}