{"stats":{"minecraft:custom":{"minecraft:time_since_rest":20569,"minecraft:interact_with_furnace":18,"minecraft:sprint_one_cm":39614,"minecraft:walk_one_cm":44444,"minecraft:damage_taken":575,"minecraft:mob_kills":1,"minecraft:drop":8,"minecraft:damage_dealt":827,"minecraft:interact_with_crafting_table":21,"minecraft:fly_one_cm":51572,"minecraft:open_chest":23,"minecraft:crouch_one_cm":7879,"minecraft:play_time":54211,"minecraft:deaths":2,"minecraft:sneak_time":13176,"minecraft:jump":280,"minecraft:time_since_death":20700,"minecraft:leave_game":1,"minecraft:total_world_time":54211,"minecraft:fall_one_cm":81842},"minecraft:broken":{"exdeorum:crook":1},"minecraft:crafted":{"minecraft:basalt":34,"exdeorum:stone_barrel":1,"minecraft:oak_planks":25,"minecraft:cobblestone_slab":39,"minecraft:charcoal":5,"minecraft:cobblestone":187,"minecraft:stick":36,"minecraft:stone_slab":6,"minecraft:blackstone":32,"minecraft:stone_pickaxe":1,"exdeorum:oak_sieve":9,"minecraft:furnace":1,"minecraft:stone":10,"exdeorum:compressed_stone_hammer":1,"allthecompressed:cobblestone_1x":1,"exdeorum:stone_hammer":10,"minecraft:air":595,"exdeorum:crook":1},"minecraft:used":{"exdeorum:dust":1,"minecraft:stone_pickaxe":4,"exdeorum:crook":128,"minecraft:gravel":6,"minecraft:cobblestone_slab":123,"minecraft:wooden_sword":2,"minecraft:sand":6,"minecraft:cobblestone":6,"minecraft:oak_slab":1,"exdeorum:stone_hammer":19,"minecraft:furnace":1,"minecraft:oak_sapling":3,"exdeorum:oak_barrel":1,"exdeorum:stone_barrel":1},"minecraft:killed_by":{"minecraft:player":1},"minecraft:killed":{"minecraft:trader_llama":1},"minecraft:dropped":{"minecraft:wooden_hoe":1,"exdeorum:silk_worm":2,"minecraft:wooden_axe":1,"exdeorum:crook":1,"minecraft:leather":1,"exdeorum:oak_sieve":9,"exdeorum:stone_pebble":1},"minecraft:mined":{"minecraft:oak_slab":21,"minecraft:oak_sapling":2,"exdeorum:dust":1,"exdeorum:oak_barrel":1,"minecraft:grass_block":1,"minecraft:oak_log":13,"minecraft:cobblestone_slab":4,"minecraft:sand":6,"minecraft:gravel":6,"minecraft:cobblestone":6,"translocators:crafting_grid":10,"minecraft:oak_leaves":129},"minecraft:picked_up":{"minecraft:oak_slab":1,"exdeorum:crook":1,"exdeorum:dust":7,"minecraft:stick":9,"exdeorum:deepslate_pebble":119,"exdeorum:basalt_pebble":138,"minecraft:leather":2,"minecraft:gravel":6,"minecraft:sand":6,"minecraft:oak_log":6,"exdeorum:oak_barrel":1,"exdeorum:blackstone_pebble":132,"exdeorum:granite_pebble":122,"minecraft:apple":1,"exdeorum:diorite_pebble":135,"exdeorum:stone_pebble":752,"everlastingabilities:ability_bottle":1,"minecraft:cobblestone_slab":3,"exdeorum:andesite_pebble":135,"minecraft:oak_sapling":22}},"DataVersion":3465}