{"stats":{"minecraft:custom":{"minecraft:time_since_rest":8569,"minecraft:sprint_one_cm":30139,"minecraft:walk_one_cm":26419,"minecraft:damage_taken":545,"minecraft:drop":3,"minecraft:interact_with_crafting_table":10,"minecraft:fly_one_cm":36475,"minecraft:open_chest":8,"minecraft:crouch_one_cm":7458,"minecraft:play_time":42211,"minecraft:deaths":2,"minecraft:sneak_time":12992,"minecraft:jump":178,"minecraft:time_since_death":8700,"minecraft:leave_game":1,"minecraft:total_world_time":42211,"minecraft:fall_one_cm":79218},"minecraft:crafted":{"minecraft:basalt":34,"minecraft:cobblestone_slab":39,"minecraft:cobblestone":187,"minecraft:blackstone":32,"minecraft:stone_pickaxe":1,"exdeorum:stone_hammer":1,"minecraft:air":487,"exdeorum:crook":1},"minecraft:used":{"exdeorum:dust":1,"minecraft:stone_pickaxe":4,"exdeorum:crook":55,"minecraft:gravel":6,"minecraft:cobblestone_slab":123,"minecraft:wooden_sword":2,"minecraft:sand":6,"minecraft:cobblestone":6,"exdeorum:stone_hammer":19},"minecraft:killed_by":{"minecraft:player":1},"minecraft:dropped":{"minecraft:wooden_hoe":1,"minecraft:wooden_axe":1,"exdeorum:stone_pebble":1},"minecraft:mined":{"minecraft:oak_slab":20,"minecraft:oak_sapling":1,"exdeorum:dust":1,"minecraft:grass_block":1,"minecraft:oak_log":7,"minecraft:cobblestone_slab":4,"minecraft:sand":6,"minecraft:gravel":6,"minecraft:cobblestone":6,"translocators:crafting_grid":10,"minecraft:oak_leaves":55},"minecraft:picked_up":{"exdeorum:dust":7,"minecraft:stick":8,"exdeorum:deepslate_pebble":119,"exdeorum:basalt_pebble":138,"minecraft:gravel":6,"minecraft:sand":6,"exdeorum:blackstone_pebble":132,"exdeorum:granite_pebble":122,"exdeorum:diorite_pebble":135,"exdeorum:stone_pebble":752,"everlastingabilities:ability_bottle":1,"minecraft:cobblestone_slab":3,"exdeorum:andesite_pebble":135,"minecraft:oak_sapling":16}},"DataVersion":3465}