{"stats":{"minecraft:crafted":{"minecraft:crafting_table":1,"minecraft:wooden_pickaxe":1,"regions_unexplored:larch_planks":462,"minecraft:stone_axe":1,"minecraft:stick":12,"minecraft:stone_pickaxe":1,"minecraft:torch":16},"minecraft:killed":{"minecraft:pig":2,"graveyard:revenant":1,"minecraft:bat":1,"minecraft:skeleton":3,"boh:jeff_the_killer":1},"minecraft:custom":{"minecraft:interact_with_furnace":7,"minecraft:mob_kills":11,"minecraft:interact_with_crafting_table":10,"minecraft:damage_dealt_resisted":33,"minecraft:leave_game":2,"minecraft:time_since_death":73765,"minecraft:sleep_in_bed":38,"minecraft:climb_one_cm":39280,"minecraft:time_since_rest":58694,"minecraft:sprint_one_cm":191690,"minecraft:walk_one_cm":255101,"minecraft:damage_taken":3947,"minecraft:drop":41,"minecraft:damage_dealt":2848,"minecraft:swim_one_cm":23668,"minecraft:fly_one_cm":388702,"minecraft:player_kills":3,"minecraft:open_chest":18,"minecraft:crouch_one_cm":43953,"minecraft:play_time":204554,"minecraft:deaths":9,"minecraft:sneak_time":13377,"minecraft:walk_under_water_one_cm":21745,"minecraft:jump":1771,"minecraft:walk_on_water_one_cm":4866,"minecraft:total_world_time":204554,"minecraft:fall_one_cm":42742},"minecraft:killed_by":{"minecraft:player":3,"minecraft:skeleton":1,"minecraft:creeper":1,"minecraft:spider":1,"minecraft:zombie":1,"undead_unleashed:shadewraith":1,"minecraft:pig":1},"minecraft:picked_up":{"minecraft:birch_log":6,"regions_unexplored:peat_dirt":18,"minecraft:crafting_table":3,"minecraft:cooked_beef":6,"regions_unexplored:larch_planks":32,"minecraft:andesite":13,"minecraft:black_bed":2,"minecraft:shield":1,"minecraft:string":1,"minecraft:cooked_salmon":2,"minecraft:bone":7,"butchersdelight:dead_cow":2,"minecraft:stone_pickaxe":2,"regions_unexplored:larch_log":165,"regions_unexplored:larch_sapling":2,"minecraft:bamboo":4,"minecraft:oak_slab":6,"minecraft:raw_iron":2,"minecraft:stick":24,"minecraft:torch":6,"regions_unexplored:larch_door":3,"minecraft:gravel":1,"undead_unleashed:grave_metal_scrap":4,"hexerei:sage_seed":1,"minecraft:stone_sword":2,"minecraft:arrow":7,"minecraft:cooked_cod":3,"minecraft:stone_axe":3,"minecraft:campfire":2,"minecraft:shears":1,"minecraft:granite":4,"butchersdelight:roaster":1,"minecraft:coal":13,"regions_unexplored:golden_larch_sapling":36,"minecraft:cobblestone":12},"minecraft:mined":{"minecraft:oak_slab":1,"regions_unexplored:golden_larch_leaves":5,"regions_unexplored:larch_planks":12,"minecraft:crafting_table":2,"minecraft:torch":3,"minecraft:granite":3,"regions_unexplored:peat_grass_block":3,"minecraft:cobblestone":1,"minecraft:wall_torch":3,"regions_unexplored:larch_door":1,"butchersdelight:deadcowblock":3,"minecraft:birch_log":5,"minecraft:iron_ore":2,"regions_unexplored:larch_slab":1,"minecraft:andesite":13,"minecraft:black_bed":2,"treechop:chopped_log":2,"supplementaries:stick":1,"minecraft:grass":4,"minecraft:coal_ore":11,"regions_unexplored:peat_dirt":17,"minecraft:gravel":1,"minecraft:cobweb":1,"regions_unexplored:medium_grass":4,"regions_unexplored:larch_log":1,"minecraft:stone":9},"minecraft:used":{"minecraft:stone_sword":45,"minecraft:stone_pickaxe":21,"regions_unexplored:peat_dirt":9,"minecraft:wooden_pickaxe":21,"minecraft:cooked_salmon":2,"minecraft:stick":1,"minecraft:torch":15,"minecraft:oak_slab":1,"minecraft:crafting_table":4,"minecraft:campfire":1,"minecraft:black_bed":2,"regions_unexplored:golden_larch_sapling":1,"butchersdelight:roaster":1,"minecraft:stone_axe":59,"regions_unexplored:larch_door":2,"minecraft:cobblestone":5,"regions_unexplored:larch_planks":238,"minecraft:cooked_cod":5,"minecraft:birch_log":3,"minecraft:cooked_beef":6,"minecraft:cobweb":1},"minecraft:dropped":{"minecraft:gravel":1,"minecraft:stone_axe":2,"minecraft:oak_slab":5,"minecraft:sugar_cane":7,"regions_unexplored:larch_log":14,"hexerei:sage_seed":1,"regions_unexplored:larch_door":1,"regions_unexplored:larch_planks":128,"hexerei:herb_drying_rack":1,"minecraft:rotten_flesh":6,"minecraft:black_bed":1,"minecraft:granite":1,"regions_unexplored:larch_sapling":2,"minecraft:shears":2,"minecraft:coal":5,"minecraft:stick":16,"minecraft:cobweb":6,"regions_unexplored:peat_dirt":9,"minecraft:torch":7,"minecraft:andesite":13,"minecraft:cooked_cod":2,"regions_unexplored:golden_larch_sapling":21,"minecraft:bamboo":10,"minecraft:stone_pickaxe":1,"minecraft:wooden_pickaxe":1,"minecraft:bone":2}},"DataVersion":3120}