{"stats":{"minecraft:custom":{"minecraft:interact_with_furnace":32,"minecraft:mob_kills":1,"minecraft:interact_with_crafting_table":27,"minecraft:leave_game":1,"minecraft:time_since_death":32700,"minecraft:time_since_rest":32569,"minecraft:sprint_one_cm":54625,"minecraft:damage_taken":575,"minecraft:walk_one_cm":59397,"minecraft:drop":21,"minecraft:damage_dealt":827,"minecraft:fly_one_cm":70533,"minecraft:open_chest":38,"minecraft:crouch_one_cm":8060,"minecraft:play_time":66211,"minecraft:deaths":2,"minecraft:sneak_time":13292,"minecraft:jump":393,"minecraft:total_world_time":66211,"minecraft:fall_one_cm":87125},"minecraft:broken":{"exdeorum:crook":1},"minecraft:used":{"minecraft:stone_pickaxe":4,"exdeorum:crook":186,"allthecompressed:cobblestone_1x":8,"minecraft:cobblestone_slab":123,"minecraft:sand":6,"minecraft:oak_slab":1,"exdeorum:stone_barrel":1,"exdeorum:dust":37,"exdeorum:oak_barrel":1,"minecraft:gravel":6,"minecraft:wooden_sword":2,"minecraft:cobblestone":6,"exdeorum:stone_hammer":54,"minecraft:oak_sapling":3,"minecraft:furnace":1,"exdeorum:compressed_stone_hammer":8,"minecraft:cooked_beef":2},"minecraft:crafted":{"exdeorum:stone_barrel":1,"minecraft:oak_slab":6,"minecraft:oak_planks":25,"minecraft:cobblestone_slab":39,"minecraft:barrel":1,"minecraft:furnace":1,"minecraft:stone":24,"exdeorum:compressed_stone_hammer":1,"allthecompressed:cobblestone_1x":8,"minecraft:air":603,"exdeorum:crook":2,"minecraft:basalt":34,"minecraft:cobblestone":187,"minecraft:charcoal":15,"minecraft:stick":36,"minecraft:stone_slab":6,"minecraft:blackstone":32,"minecraft:stone_pickaxe":1,"exdeorum:oak_sieve":9,"exdeorum:stone_hammer":10,"dankstorage:dank_1":1},"minecraft:killed":{"minecraft:trader_llama":1},"minecraft:killed_by":{"minecraft:player":1},"minecraft:dropped":{"minecraft:gravel":107,"dankstorage:dank_1":1,"minecraft:glowstone_dust":1,"minecraft:apple":1,"minecraft:leather":1,"exdeorum:oak_sieve":9,"ae2:sky_dust":4,"minecraft:gunpowder":3,"minecraft:wooden_hoe":1,"exdeorum:silk_worm":2,"minecraft:wooden_axe":1,"ae2:certus_quartz_dust":3,"exdeorum:crook":2,"exdeorum:stone_pebble":1,"enderio:grains_of_infinity":2,"minecraft:redstone":2},"minecraft:mined":{"minecraft:oak_slab":21,"minecraft:oak_sapling":2,"exdeorum:infested_leaves":58,"minecraft:grass_block":1,"minecraft:cobblestone":6,"exdeorum:dust":1,"minecraft:andesite":35,"minecraft:oak_log":19,"exdeorum:oak_barrel":1,"minecraft:cobblestone_slab":4,"minecraft:gravel":6,"minecraft:sand":6,"allthecompressed:cobblestone_1x":8,"translocators:crafting_grid":10,"minecraft:oak_leaves":129},"minecraft:picked_up":{"exdeorum:crook":2,"exdeorum:basalt_pebble":138,"exdeorum:dust":7,"minecraft:leather":2,"enderio:grains_of_infinity":2,"minecraft:oak_log":12,"exdeorum:oak_barrel":1,"minecraft:gunpowder":3,"exdeorum:blackstone_pebble":132,"minecraft:string":30,"exdeorum:granite_pebble":122,"ae2:sky_dust":4,"minecraft:apple":1,"exdeorum:stone_pebble":752,"minecraft:cobblestone_slab":3,"minecraft:glowstone_dust":1,"minecraft:oak_slab":1,"minecraft:stick":9,"exdeorum:deepslate_pebble":119,"minecraft:gravel":113,"minecraft:sand":6,"minecraft:redstone":2,"exdeorum:silk_worm":1,"ae2:certus_quartz_dust":3,"exdeorum:diorite_pebble":135,"minecraft:bone_meal":7,"everlastingabilities:ability_bottle":1,"exdeorum:andesite_pebble":135,"minecraft:oak_sapling":22}},"DataVersion":3465}