{"stats":{"minecraft:custom":{"minecraft:mob_kills":1,"minecraft:interact_with_crafting_table":56,"minecraft:leave_game":1,"minecraft:time_since_death":29157,"minecraft:sprint_one_cm":153846,"minecraft:walk_one_cm":188197,"minecraft:drop":121,"minecraft:play_time":150211,"minecraft:deaths":5,"minecraft:sneak_time":16582,"minecraft:jump":1223,"minecraft:walk_on_water_one_cm":815,"minecraft:total_world_time":150211,"minecraft:interact_with_furnace":96,"minecraft:sleep_in_bed":2,"minecraft:time_since_rest":9780,"minecraft:damage_taken":2008,"minecraft:use_wand":435,"minecraft:damage_dealt":1077,"minecraft:fly_one_cm":200360,"minecraft:open_chest":73,"minecraft:crouch_one_cm":18302,"minecraft:fall_one_cm":226278},"minecraft:broken":{"constructionwand:stone_wand":3,"exdeorum:crook":2},"minecraft:used":{"minecraft:chest":2,"exdeorum:crook":413,"allthecompressed:cobblestone_1x":441,"minecraft:torch":12,"minecraft:dirt":3,"cobblefordays:tier_2":1,"exdeorum:silk_worm":4,"integrateddynamics:squeezer":3,"exdeorum:porcelain_crucible":2,"ironfurnaces:iron_furnace":2,"cobblefordays:tier_1":2,"exdeorum:stone_hammer":54,"minecraft:furnace":5,"minecraft:oak_sapling":9,"minecraft:cooked_beef":8,"minecraft:iron_ore":95,"minecraft:stone_pickaxe":109,"minecraft:cobblestone_slab":274,"minecraft:clay":3,"minecraft:sand":6,"minecraft:oak_slab":1,"constructionwand:stone_wand":58,"minecraft:white_bed":2,"exdeorum:stone_barrel":1,"exdeorum:dust":37,"exdeorum:oak_barrel":1,"cobblefordays:tier_3":1,"minecraft:stone_slab":3,"minecraft:gravel":6,"minecraft:wooden_sword":2,"minecraft:cobblestone":7,"functionalstorage:oak_1":3,"exdeorum:compressed_stone_hammer":491,"minecraft:ice":1},"minecraft:crafted":{"minecraft:oak_planks":49,"minecraft:cobblestone_slab":39,"minecraft:barrel":1,"minecraft:furnace":5,"ironfurnaces:iron_furnace":1,"minecraft:stone":24,"exdeorum:unfired_porcelain_crucible":1,"allthecompressed:cobblestone_1x":441,"alltheores:copper_ore_hammer":1,"minecraft:basalt":34,"minecraft:glass":1,"minecraft:stone_pickaxe":2,"minecraft:chest":4,"minecraft:copper_block":2,"exdeorum:stone_hammer":10,"exdeorum:porcelain_crucible":1,"functionalstorage:oak_1":1,"dankstorage:dank_1":1,"cobblefordays:tier_2":1,"integrateddynamics:squeezer":1,"exdeorum:stone_barrel":1,"minecraft:oak_slab":6,"pickletweaks:flint_shears":1,"minecraft:copper_ingot":27,"exdeorum:compressed_stone_hammer":11,"minecraft:copper_ore":27,"cobblefordays:tier_3":1,"minecraft:air":1334,"cobblefordays:tier_1":1,"exdeorum:crook":9,"exdeorum:porcelain_clay_ball":7,"minecraft:white_wool":6,"minecraft:charcoal":17,"minecraft:cobblestone":187,"constructionwand:stone_wand":4,"minecraft:stick":82,"minecraft:stone_slab":6,"minecraft:blackstone":32,"minecraft:iron_block":1,"minecraft:iron_ore":95,"exdeorum:oak_sieve":9,"alltheores:iron_dust":64,"minecraft:white_bed":2},"minecraft:killed":{"minecraft:trader_llama":1},"minecraft:killed_by":{"minecraft:player":1},"minecraft:dropped":{"minecraft:iron_ingot":22,"dankstorage:dank_1":1,"minecraft:cobblestone":4,"minecraft:leather":1,"minecraft:apple":1,"constructionwand:stone_wand":1,"exdeorum:oak_sieve":9,"minecraft:copper_ingot":9,"exdeorum:iron_ore_chunk":2,"minecraft:stick":3,"minecraft:lava_bucket":1,"exdeorum:dust":9,"minecraft:wooden_hoe":1,"exdeorum:silk_worm":7,"minecraft:wooden_axe":1,"alltheores:copper_ore_hammer":1,"exdeorum:crook":2,"exdeorum:stone_pebble":1,"minecraft:string":102,"minecraft:redstone":2,"enderio:grains_of_infinity":2,"alltheores:iron_dust":204,"minecraft:gravel":4147,"minecraft:raw_iron":31,"minecraft:glowstone_dust":1,"minecraft:white_bed":1,"ae2:sky_dust":4,"minecraft:cobblestone_slab":357,"minecraft:gunpowder":3,"ae2:certus_quartz_dust":3,"minecraft:raw_gold":3},"minecraft:mined":{"minecraft:oak_sapling":3,"functionalstorage:oak_1":2,"minecraft:grass_block":1,"integrateddynamics:squeezer":2,"cobblefordays:tier_1":2,"minecraft:furnace":1,"minecraft:iron_ore":95,"minecraft:andesite":35,"minecraft:cobblestone_slab":7,"translocators:crafting_grid":10,"exdeorum:porcelain_crucible":1,"minecraft:oak_slab":21,"exdeorum:infested_leaves":335,"ironfurnaces:iron_furnace":1,"minecraft:clay":3,"minecraft:torch":3,"minecraft:stone_slab":2,"minecraft:cobblestone":7,"minecraft:oak_planks":1,"minecraft:wall_torch":1,"cobblefordays:tier_2":1,"exdeorum:dust":1,"minecraft:oak_log":46,"exdeorum:oak_barrel":1,"minecraft:gravel":6,"minecraft:sand":6,"allthecompressed:cobblestone_1x":441,"minecraft:oak_leaves":205},"minecraft:picked_up":{"functionalstorage:oak_1":2,"exdeorum:dust":9,"minecraft:clay_ball":12,"minecraft:stone_slab":2,"minecraft:lead":2,"exdeorum:iron_ore_chunk":242,"exdeorum:oak_barrel":1,"exdeorum:blackstone_pebble":132,"minecraft:string":132,"exdeorum:grass_seeds":1,"exdeorum:granite_pebble":122,"cobblefordays:tier_1":2,"minecraft:cobblestone_slab":511,"minecraft:sugar_cane":1,"minecraft:furnace":1,"minecraft:stick":9,"minecraft:raw_iron":95,"exdeorum:porcelain_crucible":1,"minecraft:torch":5,"minecraft:redstone":2,"exdeorum:silk_worm":3,"ae2:certus_quartz_dust":3,"exdeorum:diorite_pebble":135,"everlastingabilities:ability_bottle":1,"exdeorum:andesite_pebble":135,"alltheores:iron_dust":156,"minecraft:cobblestone":33,"exdeorum:crook":2,"exdeorum:basalt_pebble":138,"minecraft:leather":4,"enderio:grains_of_infinity":2,"minecraft:ice":1,"minecraft:flint":1,"minecraft:oak_log":39,"minecraft:gunpowder":3,"minecraft:dirt":3,"ae2:sky_dust":4,"minecraft:apple":1,"minecraft:raw_gold":2,"exdeorum:stone_pebble":763,"minecraft:iron_ingot":52,"minecraft:glowstone_dust":1,"ironfurnaces:iron_furnace":1,"minecraft:oak_slab":1,"allthecompressed:sand_1x":1,"exdeorum:deepslate_pebble":119,"minecraft:gravel":4153,"minecraft:lava_bucket":2,"minecraft:sand":6,"integrateddynamics:squeezer":2,"minecraft:white_bed":1,"constructionwand:stone_wand":1,"cobblefordays:tier_2":1,"minecraft:bone_meal":7,"minecraft:oak_sapling":29,"minecraft:coal":59,"minecraft:oak_leaves":40,"alltheores:copper_ore_hammer":1}},"DataVersion":3465}