{"stats":{"minecraft:picked_up":{"minecraft:stick":2,"minecraft:oak_log":5,"minecraft:oak_sapling":2,"twigs:twig":1},"minecraft:mined":{"minecraft:grass":2,"supplementaries:stick":2,"minecraft:oak_log":5,"twigs:twig":1,"minecraft:oak_leaves":4},"minecraft:custom":{"minecraft:time_since_rest":17159,"minecraft:play_time":17159,"minecraft:crouch_one_cm":1077,"minecraft:sprint_one_cm":944,"minecraft:walk_one_cm":2662,"minecraft:sneak_time":277,"minecraft:jump":4,"minecraft:leave_game":2,"minecraft:time_since_death":17159,"minecraft:total_world_time":17159,"minecraft:interact_with_crafting_table":1,"minecraft:fall_one_cm":209,"minecraft:fly_one_cm":471},"minecraft:crafted":{"minecraft:oak_planks":5,"minecraft:crafting_table":1,"minecraft:stick":2,"minecraft:wooden_pickaxe":1,"minecraft:air":30},"minecraft:used":{"minecraft:stick":2,"minecraft:crafting_table":1}},"DataVersion":3465}