{"stats":{"minecraft:used":{"exdeorum:compressed_diamond_hammer":77,"minecraft:iron_sword":31,"allthecompressed:cobblestone_1x":219,"minecraft:dirt":90,"minecraft:lava_bucket":1,"minecraft:copper_ore":95,"minecraft:oak_sapling":14,"tombstone:gift":2,"minecraft:wheat_seeds":1,"minecraft:water_bucket":4,"minecraft:diorite":56,"minecraft:iron_ore":198,"minecraft:diamond_axe":80,"minecraft:sugar_cane":3,"minecraft:gold_ore":44,"minecraft:diamond_pickaxe":367,"allthecompressed:sand_1x":1,"minecraft:gravel":4943,"exdeorum:diamond_hammer":56,"croptopia:toast":7,"minecraft:bucket":16,"exdeorum:compressed_stone_hammer":432},"minecraft:crafted":{"minecraft:oak_planks":64,"alltheores:copper_dust":302,"alltheores:iron_ore_hammer":6,"minecraft:sand":1,"alltheores:gold_dust":44,"croptopia:toast":0,"minecraft:diamond_block":5,"alltheores:copper_ore_hammer":1,"minecraft:diamond":1,"minecraft:chest":28,"functionalstorage:gold_upgrade":1,"minecraft:copper_block":21,"exdeorum:stone_hammer":30,"minecraft:sugar":1,"exdeorum:diamond_hammer":10,"minecraft:gold_ore":44,"minecraft:gravel":1,"functionalstorage:oak_4":2,"minecraft:copper_ingot":3,"minecraft:gold_block":3,"exdeorum:compressed_stone_hammer":6,"minecraft:copper_ore":95,"minecraft:bucket":1,"minecraft:air":1938,"ironfurnaces:augment_speed":1,"functionalstorage:diamond_upgrade":1,"functionalstorage:copper_upgrade":8,"minecraft:paper":1,"minecraft:stick":17,"minecraft:iron_ingot":0,"minecraft:iron_block":12,"exdeorum:compressed_diamond_hammer":1,"minecraft:iron_ore":198,"minecraft:gold_ingot":0,"alltheores:iron_dust":198},"minecraft:picked_up":{"exdeorum:gold_ore_chunk":379,"minecraft:wheat":6,"exdeorum:dust":35,"minecraft:clay_ball":9,"minecraft:lead":4,"alltheores:copper_dust":1,"exdeorum:iron_ore_chunk":744,"exdeorum:stone_hammer":16,"minecraft:string":4,"minecraft:raw_copper":327,"functionalstorage:oak_4":1,"exdeorum:zinc_ore_chunk":391,"allthecompressed:cobblestone_1x":5,"minecraft:sugar_cane":4,"minecraft:phantom_membrane":3,"croptopia:scrambled_eggs":1,"minecraft:stick":26,"minecraft:raw_iron":202,"allthecompressed:soul_sand_1x":1,"minecraft:copper_ingot":4,"minecraft:torch":4,"powah:book":1,"tombstone:grave_dust":1,"minecraft:diorite":28,"powah:wrench":1,"exdeorum:tin_ore_chunk":514,"everlastingabilities:ability_bottle":1,"minecraft:gold_ingot":2,"reliquary:mob_charm_fragment":1,"minecraft:obsidian":1,"minecraft:cobblestone":74,"exdeorum:osmium_ore_chunk":314,"minecraft:leather":6,"functionalstorage:copper_upgrade":1,"minecraft:flint":265,"minecraft:oak_log":73,"ironfurnaces:upgrade_iron":1,"minecraft:dirt":144,"minecraft:lapis_lazuli":489,"exdeorum:nickel_ore_chunk":457,"minecraft:bone":1,"minecraft:apple":3,"minecraft:wheat_seeds":16,"minecraft:raw_gold":44,"minecraft:oak_planks":28,"minecraft:soul_sand":18,"minecraft:oak_slab":2,"allthecompressed:sand_1x":1,"exdeorum:lead_ore_chunk":415,"allthecompressed:gravel_1x":1,"patchouli:guide_book":1,"minecraft:gravel":4530,"minecraft:sand":28,"minecraft:amethyst_shard":279,"exdeorum:silver_ore_chunk":398,"minecraft:barrel":1,"minecraft:clay":6,"exdeorum:aluminum_ore_chunk":393,"minecraft:diamond":269,"minecraft:bone_meal":8,"exdeorum:copper_ore_chunk":349,"minecraft:emerald":207,"minecraft:bread":10,"minecraft:oak_sapling":42,"minecraft:coal":305,"alltheores:copper_ore_hammer":1},"minecraft:custom":{"minecraft:mob_kills":11,"minecraft:interact_with_crafting_table":45,"minecraft:open_barrel":2,"minecraft:leave_game":1,"minecraft:time_since_death":118736,"minecraft:sprint_one_cm":115021,"minecraft:walk_one_cm":341165,"minecraft:drop":91,"minecraft:talked_to_villager":3,"minecraft:play_time":127415,"minecraft:deaths":3,"minecraft:sneak_time":3271,"minecraft:jump":714,"minecraft:walk_on_water_one_cm":35,"minecraft:total_world_time":127415,"minecraft:interact_with_furnace":98,"tombstone:raider_killed":5,"minecraft:time_since_rest":118606,"minecraft:damage_taken":4759,"tombstone:sneak_grave":1,"minecraft:damage_dealt":2708,"minecraft:fly_one_cm":42662,"minecraft:player_kills":2,"minecraft:open_chest":133,"minecraft:crouch_one_cm":5820,"tombstone:undead_killed":5,"tombstone:villager_killed":2,"minecraft:fall_one_cm":165511},"minecraft:mined":{"minecraft:oak_sapling":1,"minecraft:obsidian":1,"minecraft:iron_ore":198,"functionalstorage:oak_4":1,"minecraft:copper_ore":95,"minecraft:sugar_cane":1,"minecraft:diorite":56,"minecraft:oak_log":41,"minecraft:gravel":42,"minecraft:dirt":5,"allthecompressed:cobblestone_1x":506,"minecraft:gold_ore":44},"minecraft:killed_by":{"minecraft:player":1},"minecraft:dropped":{"minecraft:bread":20,"minecraft:clay":6,"minecraft:oak_slab":4,"minecraft:wheat_seeds":4,"minecraft:cooked_beef":16,"allthecompressed:cobblestone_1x":4,"minecraft:diamond":2,"minecraft:cobblestone":106,"ironfurnaces:upgrade_iron":2,"minecraft:copper_ingot":8,"allthecompressed:gravel_1x":2,"minecraft:flint":10,"minecraft:stick":8,"minecraft:dirt":1,"exdeorum:dust":70,"minecraft:torch":8,"alltheores:iron_ore_hammer":1,"croptopia:scrambled_eggs":2,"alltheores:copper_ore_hammer":2,"minecraft:bone_meal":16,"allthecompressed:soul_sand_1x":2,"allthecompressed:sand_1x":2,"minecraft:string":8,"minecraft:gold_ingot":19,"minecraft:bone":2,"minecraft:redstone":44,"minecraft:gravel":65,"powah:book":1,"minecraft:wheat":2,"minecraft:raw_iron":8,"minecraft:clay_ball":9,"minecraft:oak_planks":28,"exdeorum:compressed_diamond_hammer":1,"patchouli:guide_book":1,"exdeorum:diamond_hammer":1,"minecraft:oak_sapling":4,"minecraft:barrel":2,"powah:wrench":1,"exdeorum:stone_hammer":16},"minecraft:killed":{"minecraft:phantom":5,"minecraft:wandering_trader":2,"minecraft:trader_llama":4}},"DataVersion":3465}