{"stats":{"minecraft:used":{"minecraft:wheat_seeds":1,"minecraft:iron_ore":198,"allthecompressed:cobblestone_1x":219,"minecraft:iron_sword":23,"minecraft:gold_ore":44,"minecraft:sugar_cane":3,"minecraft:diamond_axe":74,"minecraft:dirt":86,"minecraft:diamond_pickaxe":338,"allthecompressed:sand_1x":1,"minecraft:copper_ore":95,"minecraft:gravel":4252,"croptopia:toast":4,"minecraft:oak_sapling":14,"tombstone:gift":2,"exdeorum:compressed_stone_hammer":432},"minecraft:crafted":{"minecraft:sugar":1,"minecraft:oak_planks":64,"minecraft:gold_ore":44,"minecraft:gravel":1,"alltheores:copper_dust":302,"functionalstorage:oak_4":2,"alltheores:iron_ore_hammer":6,"minecraft:sand":1,"alltheores:gold_dust":44,"croptopia:toast":0,"minecraft:copper_ingot":3,"exdeorum:compressed_stone_hammer":6,"minecraft:gold_block":3,"minecraft:copper_ore":95,"minecraft:diamond_block":5,"minecraft:air":1899,"ironfurnaces:augment_speed":1,"alltheores:copper_ore_hammer":1,"minecraft:diamond":1,"functionalstorage:diamond_upgrade":1,"functionalstorage:copper_upgrade":8,"minecraft:paper":1,"minecraft:stick":10,"minecraft:iron_ingot":0,"minecraft:iron_block":12,"functionalstorage:gold_upgrade":1,"minecraft:chest":28,"minecraft:iron_ore":198,"minecraft:gold_ingot":0,"alltheores:iron_dust":198,"minecraft:copper_block":21,"exdeorum:stone_hammer":30},"minecraft:picked_up":{"exdeorum:gold_ore_chunk":325,"exdeorum:osmium_ore_chunk":274,"minecraft:wheat":6,"exdeorum:dust":35,"minecraft:clay_ball":9,"minecraft:leather":6,"minecraft:lead":4,"alltheores:copper_dust":1,"functionalstorage:copper_upgrade":1,"exdeorum:iron_ore_chunk":628,"minecraft:flint":234,"minecraft:oak_log":73,"exdeorum:stone_hammer":16,"ironfurnaces:upgrade_iron":1,"minecraft:lapis_lazuli":426,"exdeorum:nickel_ore_chunk":388,"minecraft:dirt":139,"minecraft:string":4,"minecraft:raw_copper":327,"minecraft:bone":1,"functionalstorage:oak_4":1,"minecraft:apple":3,"minecraft:wheat_seeds":16,"minecraft:raw_gold":44,"exdeorum:zinc_ore_chunk":348,"allthecompressed:cobblestone_1x":5,"minecraft:sugar_cane":4,"minecraft:oak_planks":28,"croptopia:scrambled_eggs":1,"allthecompressed:sand_1x":1,"minecraft:oak_slab":2,"minecraft:stick":26,"minecraft:raw_iron":202,"patchouli:guide_book":1,"exdeorum:lead_ore_chunk":344,"allthecompressed:gravel_1x":1,"allthecompressed:soul_sand_1x":1,"minecraft:copper_ingot":4,"minecraft:torch":4,"minecraft:gravel":3839,"powah:book":1,"minecraft:amethyst_shard":225,"tombstone:grave_dust":1,"exdeorum:silver_ore_chunk":352,"minecraft:barrel":1,"exdeorum:aluminum_ore_chunk":339,"minecraft:clay":6,"minecraft:diamond":236,"powah:wrench":1,"exdeorum:tin_ore_chunk":438,"minecraft:bone_meal":8,"everlastingabilities:ability_bottle":1,"minecraft:bread":10,"exdeorum:copper_ore_chunk":293,"minecraft:gold_ingot":2,"minecraft:emerald":178,"minecraft:oak_sapling":42,"minecraft:coal":257,"minecraft:cobblestone":74,"alltheores:copper_ore_hammer":1},"minecraft:mined":{"minecraft:oak_sapling":1,"minecraft:copper_ore":95,"minecraft:sugar_cane":1,"minecraft:iron_ore":198,"functionalstorage:oak_4":1,"minecraft:oak_log":41,"minecraft:gravel":6,"minecraft:dirt":1,"allthecompressed:cobblestone_1x":433,"minecraft:gold_ore":44},"minecraft:custom":{"minecraft:interact_with_furnace":98,"minecraft:mob_kills":6,"minecraft:interact_with_crafting_table":39,"minecraft:open_barrel":2,"minecraft:leave_game":1,"minecraft:time_since_death":94736,"minecraft:time_since_rest":94606,"minecraft:sprint_one_cm":102463,"minecraft:damage_taken":4609,"minecraft:walk_one_cm":261588,"tombstone:sneak_grave":1,"minecraft:drop":88,"minecraft:damage_dealt":1683,"minecraft:talked_to_villager":3,"minecraft:fly_one_cm":35757,"minecraft:player_kills":2,"minecraft:open_chest":104,"minecraft:crouch_one_cm":4913,"minecraft:play_time":103415,"minecraft:deaths":3,"minecraft:sneak_time":2582,"tombstone:villager_killed":2,"minecraft:jump":460,"minecraft:total_world_time":103415,"minecraft:fall_one_cm":163721},"minecraft:killed_by":{"minecraft:player":1},"minecraft:dropped":{"minecraft:gravel":65,"minecraft:bread":20,"minecraft:clay":6,"minecraft:oak_slab":4,"minecraft:wheat_seeds":4,"minecraft:cooked_beef":16,"allthecompressed:cobblestone_1x":4,"minecraft:diamond":2,"minecraft:wheat":2,"powah:book":1,"minecraft:raw_iron":8,"minecraft:cobblestone":106,"minecraft:clay_ball":9,"minecraft:oak_planks":28,"ironfurnaces:upgrade_iron":2,"minecraft:copper_ingot":8,"allthecompressed:gravel_1x":2,"patchouli:guide_book":1,"minecraft:stick":8,"minecraft:flint":10,"exdeorum:dust":70,"minecraft:torch":8,"alltheores:iron_ore_hammer":1,"minecraft:oak_sapling":4,"croptopia:scrambled_eggs":2,"alltheores:copper_ore_hammer":2,"minecraft:bone_meal":16,"minecraft:barrel":2,"allthecompressed:sand_1x":2,"allthecompressed:soul_sand_1x":2,"minecraft:string":8,"powah:wrench":1,"minecraft:gold_ingot":19,"minecraft:bone":2,"minecraft:redstone":44,"exdeorum:stone_hammer":16},"minecraft:killed":{"minecraft:wandering_trader":2,"minecraft:trader_llama":4}},"DataVersion":3465}