{"stats":{"minecraft:custom":{"minecraft:interact_with_furnace":4,"minecraft:mob_kills":2,"tombstone:raider_killed":2,"minecraft:interact_with_crafting_table":40,"minecraft:time_since_death":113609,"minecraft:time_since_rest":113609,"minecraft:sprint_one_cm":76702,"minecraft:damage_taken":774,"minecraft:walk_one_cm":158888,"minecraft:drop":12,"minecraft:damage_dealt":1184,"minecraft:talked_to_villager":4,"minecraft:fly_one_cm":90146,"minecraft:player_kills":1,"minecraft:open_chest":107,"minecraft:crouch_one_cm":62210,"tombstone:undead_killed":2,"minecraft:play_time":113609,"minecraft:sneak_time":20178,"minecraft:jump":669,"minecraft:walk_on_water_one_cm":324,"minecraft:total_world_time":113609,"minecraft:fall_one_cm":94874},"minecraft:broken":{"exdeorum:crook":2},"minecraft:crafted":{"minecraft:oak_slab":50,"minecraft:oak_planks":107,"minecraft:cobblestone_slab":139,"exdeorum:oak_barrel":1,"minecraft:crafting_table":1,"minecraft:gravel":1,"minecraft:cobbled_deepslate":35,"pickletweaks:flint_shears":1,"functionalstorage:oak_4":10,"minecraft:bucket":1,"minecraft:diorite":28,"minecraft:air":2010,"exdeorum:crook":3,"exdeorum:oak_crucible":1,"minecraft:granite":36,"minecraft:basalt":33,"minecraft:cobblestone":193,"exdeorum:string_mesh":13,"minecraft:iron_ingot":3,"minecraft:blackstone":33,"minecraft:stone_pickaxe":1,"minecraft:chest":18,"minecraft:iron_ore":3,"exdeorum:oak_sieve":4,"minecraft:andesite":35},"minecraft:used":{"exdeorum:oak_sieve":16,"minecraft:water_bucket":4,"minecraft:stone_pickaxe":40,"minecraft:chest":2,"exdeorum:crook":295,"minecraft:cobblestone_slab":458,"minecraft:torch":5,"minecraft:dirt":1,"minecraft:oak_slab":248,"minecraft:crafting_table":2,"exdeorum:silk_worm":6,"minecraft:oak_log":3,"exdeorum:oak_barrel":1,"minecraft:wooden_axe":164,"functionalstorage:oak_4":27,"minecraft:gravel":1543,"exdeorum:oak_crucible":1,"minecraft:cobblestone":1,"minecraft:oak_sapling":23,"minecraft:bucket":4,"minecraft:andesite":35,"minecraft:cooked_beef":8},"minecraft:killed":{"minecraft:phantom":2},"minecraft:dropped":{"minecraft:gravel":64,"minecraft:oak_log":19,"exdeorum:zinc_ore_chunk":1,"minecraft:cobblestone_slab":506,"exdeorum:blackstone_pebble":5},"minecraft:mined":{"minecraft:oak_slab":9,"minecraft:oak_sapling":1,"exdeorum:infested_leaves":168,"minecraft:crafting_table":1,"minecraft:torch":1,"minecraft:cobblestone":1,"functionalstorage:oak_4":11,"minecraft:oak_log":121,"minecraft:cobblestone_slab":39,"minecraft:gravel":47,"exdeorum:oak_sieve":3,"translocators:crafting_grid":7,"minecraft:oak_leaves":182},"minecraft:picked_up":{"minecraft:wooden_axe":1,"exdeorum:osmium_ore_chunk":50,"minecraft:crafting_table":1,"exdeorum:basalt_pebble":133,"minecraft:lead":2,"enderio:grains_of_infinity":3,"exdeorum:iron_ore_chunk":153,"minecraft:flint":309,"minecraft:oak_log":174,"minecraft:gunpowder":3,"minecraft:lapis_lazuli":41,"exdeorum:nickel_ore_chunk":52,"exdeorum:blackstone_pebble":139,"minecraft:wooden_hoe":1,"minecraft:dirt":3,"minecraft:string":86,"exdeorum:granite_pebble":147,"exdeorum:string_mesh":3,"ae2:sky_dust":4,"functionalstorage:oak_4":11,"minecraft:apple":4,"exdeorum:stone_pebble":775,"exdeorum:oak_sieve":12,"exdeorum:zinc_ore_chunk":57,"minecraft:cobblestone_slab":16,"minecraft:glowstone_dust":1,"dankstorage:dank_1":1,"minecraft:oak_slab":3,"minecraft:stick":46,"exdeorum:deepslate_pebble":140,"exdeorum:lead_ore_chunk":72,"minecraft:torch":5,"minecraft:gravel":1593,"minecraft:amethyst_shard":16,"minecraft:redstone":3,"exdeorum:silver_ore_chunk":58,"exdeorum:silk_worm":9,"exdeorum:aluminum_ore_chunk":64,"ae2:certus_quartz_dust":3,"exdeorum:diorite_pebble":113,"exdeorum:tin_ore_chunk":105,"exdeorum:andesite_pebble":140,"exdeorum:copper_ore_chunk":109,"minecraft:oak_sapling":55,"minecraft:coal":158,"minecraft:oak_leaves":51,"minecraft:cobblestone":1,"exdeorum:gold_ore_chunk":50}},"DataVersion":3465}