{"stats":{"minecraft:broken":{"minecraft:stone_sword":1,"minecraft:stone_axe":1},"minecraft:crafted":{"minecraft:wooden_sword":2,"minecraft:oak_planks":4,"minecraft:furnace":2,"regions_unexplored:larch_planks":544,"supplementaries:bamboo_spikes":14,"minecraft:bone_meal":3,"butchersdelight:rack":1,"minecraft:bow":1,"regions_unexplored:larch_door":3,"butchersdelight:roaster":1,"minecraft:stone_pickaxe":1,"minecraft:chest":4,"minecraft:crafting_table":2,"minecraft:wooden_pickaxe":1,"minecraft:campfire":1,"minecraft:birch_planks":8,"minecraft:stone_axe":2,"minecraft:shield":2,"minecraft:stick":88,"minecraft:iron_pickaxe":1,"minecraft:stone_sword":3,"regions_unexplored:larch_slab":384,"minecraft:torch":60},"minecraft:killed":{"born_in_chaos_v1:restless_spirit":1,"minecraft:spider":6,"minecraft:cod":17,"minecraft:skeleton":6,"minecraft:chicken":3,"born_in_chaos_v1:corpse_fish":3,"minecraft:drowned":1,"born_in_chaos_v1:bonescaller":1,"graveyard:ghoul":1,"minecraft:salmon":13,"minecraft:creeper":6,"minecraft:squid":1,"spore:inf_pillager":1,"born_in_chaos_v1:bloody_gadfly":2,"minecraft:zombie":3,"undead_unleashed:shadewraith":1,"born_in_chaos_v1:corpse_fly":1,"minecraft:cow":1},"minecraft:custom":{"minecraft:mob_kills":69,"minecraft:interact_with_crafting_table":42,"minecraft:interact_with_campfire":7,"minecraft:damage_dealt_resisted":100,"minecraft:leave_game":1,"minecraft:time_since_death":9797,"minecraft:climb_one_cm":97292,"minecraft:sprint_one_cm":205664,"minecraft:walk_one_cm":453238,"minecraft:damage_blocked_by_shield":110,"minecraft:drop":26,"minecraft:play_time":268709,"minecraft:deaths":26,"minecraft:sneak_time":25460,"minecraft:walk_under_water_one_cm":65595,"minecraft:jump":1921,"minecraft:walk_on_water_one_cm":34611,"minecraft:total_world_time":268709,"minecraft:interact_with_furnace":13,"minecraft:sleep_in_bed":2,"minecraft:time_since_rest":9832,"minecraft:damage_taken":8497,"minecraft:damage_dealt":8357,"minecraft:player_kills":3,"minecraft:swim_one_cm":141475,"minecraft:fly_one_cm":332743,"minecraft:open_chest":65,"minecraft:crouch_one_cm":55076,"minecraft:fall_one_cm":41478},"minecraft:killed_by":{"born_in_chaos_v1:bloody_gadfly":1,"minecraft:creeper":2,"minecraft:spider":3,"born_in_chaos_v1:glutton_fish":1,"spore:inf_human":2,"undead_unleashed:shadewraith":4,"spore:inf_pillager":1,"fear_the_dark:fever_dream":2,"undead_unleashed:frenzied_knight":1,"born_in_chaos_v1:bonescaller":1,"minecraft:skeleton":6,"minecraft:zombie":2},"minecraft:picked_up":{"minecraft:charcoal":2,"minecraft:crafting_table":5,"regions_unexplored:larch_planks":257,"born_in_chaos_v1:seedof_chaos":1,"undead_unleashed:cursed_cloth":1,"minecraft:wooden_pickaxe":2,"minecraft:chain":1,"minecraft:string":11,"minecraft:raw_copper":71,"minecraft:cooked_salmon":1,"butchersdelight:dead_cow":4,"graveyard:corruption":1,"regions_unexplored:larch_log":435,"minecraft:sugar_cane":15,"minecraft:egg":1,"minecraft:stick":80,"minecraft:raw_iron":12,"minecraft:torch":46,"minecraft:prismarine_crystals":2,"hexerei:sage_seed":1,"minecraft:stone_sword":1,"minecraft:arrow":4,"minecraft:rotten_flesh":14,"minecraft:cooked_cod":5,"minecraft:shears":2,"hexerei:herb_drying_rack":1,"butchersdelight:roaster":1,"minecraft:cod":14,"regions_unexplored:golden_larch_sapling":131,"minecraft:cobblestone":85,"minecraft:birch_log":2,"born_in_chaos_v1:corpse_maggot":3,"regions_unexplored:peat_dirt":14,"minecraft:cooked_beef":15,"minecraft:salmon":14,"minecraft:black_bed":1,"minecraft:flint":5,"minecraft:oak_log":1,"minecraft:gunpowder":6,"butchersdelight:rack":3,"minecraft:dirt":1,"butchersdelight:deadchiken":3,"minecraft:bone":24,"regions_unexplored:stripped_larch_log":1,"minecraft:wheat_seeds":2,"minecraft:stone_pickaxe":2,"minecraft:cobweb":6,"regions_unexplored:larch_sapling":2,"regions_unexplored:larch_shrub":1,"minecraft:bamboo":110,"minecraft:oak_slab":10,"regions_unexplored:larch_door":11,"minecraft:gravel":50,"regions_unexplored:larch_slab":82,"undead_unleashed:grave_metal_scrap":4,"minecraft:spider_eye":2,"quark:birch_ladder":2,"supplementaries:bamboo_spikes":1,"minecraft:stone_axe":2,"minecraft:granite":7,"minecraft:bone_meal":3,"undead_unleashed:grave_metal_axe":1,"born_in_chaos_v1:rotten_fish":2,"minecraft:oak_sapling":7,"minecraft:coal":58},"minecraft:mined":{"regions_unexplored:golden_larch_leaves":10,"minecraft:oak_sapling":3,"butchersdelight:rack":3,"minecraft:sea_lantern":1,"regions_unexplored:larch_planks":155,"minecraft:granite":7,"minecraft:tall_seagrass":1,"regions_unexplored:larch_door":12,"butchersdelight:roaster":1,"minecraft:iron_ore":12,"supplementaries:bamboo_spikes":1,"regions_unexplored:larch_slab":63,"treechop:chopped_log":9,"regions_unexplored:medium_grass":3,"minecraft:bamboo":24,"regions_unexplored:larch_log":4,"minecraft:stone":55,"minecraft:crafting_table":6,"minecraft:torch":20,"regions_unexplored:peat_grass_block":2,"minecraft:campfire":1,"minecraft:copper_ore":21,"minecraft:cobblestone":5,"minecraft:sugar_cane":4,"minecraft:wall_torch":11,"butchersdelight:deadcowblock":1,"realmrpg_skeletons:webbed_skeleton":1,"regions_unexplored:golden_larch_sapling":1,"minecraft:birch_leaves":1,"minecraft:black_bed":1,"minecraft:grass":2,"quark:birch_ladder":2,"minecraft:oak_log":1,"minecraft:coal_ore":55,"regions_unexplored:peat_dirt":4,"minecraft:gravel":35,"minecraft:dirt":1,"minecraft:cobweb":4,"minecraft:oak_leaves":23,"regions_unexplored:larch_shrub":1},"minecraft:used":{"minecraft:stone_sword":178,"minecraft:chest":4,"minecraft:shield":3,"minecraft:cooked_salmon":9,"minecraft:torch":105,"undead_unleashed:grave_metal_axe":293,"minecraft:granite":7,"quark:birch_ladder":1,"regions_unexplored:golden_larch_sapling":7,"minecraft:bamboo":6,"minecraft:bow":9,"regions_unexplored:larch_planks":507,"minecraft:furnace":2,"minecraft:cooked_cod":3,"minecraft:cooked_beef":9,"hexerei:herb_drying_rack":1,"minecraft:birch_planks":6,"minecraft:stone_pickaxe":82,"minecraft:oak_planks":1,"regions_unexplored:peat_dirt":2,"minecraft:wooden_pickaxe":25,"minecraft:sugar_cane":4,"minecraft:crafting_table":6,"minecraft:campfire":1,"minecraft:black_bed":2,"minecraft:shears":1,"regions_unexplored:larch_slab":372,"minecraft:iron_pickaxe":63,"butchersdelight:roaster":1,"minecraft:gravel":24,"minecraft:stone_axe":143,"regions_unexplored:larch_door":13,"minecraft:wooden_sword":15,"minecraft:cobblestone":23,"supplementaries:bamboo_spikes":17,"butchersdelight:rack":4,"minecraft:bone_meal":3},"minecraft:dropped":{"minecraft:oak_slab":10,"minecraft:cooked_beef":6,"regions_unexplored:larch_planks":47,"undead_unleashed:grave_metal_scrap":1,"minecraft:torch":1,"minecraft:cooked_salmon":2,"regions_unexplored:golden_larch_sapling":16,"minecraft:gravel":25,"minecraft:stone_axe":2,"minecraft:stone_sword":2,"butchersdelight:roaster":1,"minecraft:shears":1,"minecraft:shield":1,"minecraft:stone_pickaxe":2,"minecraft:campfire":2}},"DataVersion":3120}