{"stats":{"minecraft:broken":{"minecraft:stone_axe":1},"minecraft:crafted":{"minecraft:oak_planks":4,"minecraft:crafting_table":1,"minecraft:wooden_pickaxe":1,"regions_unexplored:larch_planks":284,"minecraft:bone_meal":3,"minecraft:campfire":1,"minecraft:stone_axe":2,"butchersdelight:rack":1,"regions_unexplored:larch_door":3,"butchersdelight:roaster":1,"minecraft:stick":12,"minecraft:stone_pickaxe":1,"minecraft:stone_sword":1,"minecraft:chest":1},"minecraft:killed":{"minecraft:spider":5,"minecraft:skeleton":1,"minecraft:cow":1},"minecraft:custom":{"minecraft:mob_kills":6,"minecraft:interact_with_crafting_table":15,"minecraft:leave_game":1,"minecraft:time_since_death":67583,"minecraft:sleep_in_bed":1,"minecraft:climb_one_cm":13997,"minecraft:time_since_rest":1357,"minecraft:sprint_one_cm":43217,"minecraft:damage_taken":778,"minecraft:walk_one_cm":147121,"minecraft:drop":16,"minecraft:damage_dealt":1491,"minecraft:swim_one_cm":2767,"minecraft:fly_one_cm":59146,"minecraft:player_kills":2,"minecraft:open_chest":2,"minecraft:crouch_one_cm":27408,"minecraft:play_time":82709,"minecraft:deaths":2,"minecraft:sneak_time":9435,"minecraft:walk_under_water_one_cm":2332,"minecraft:jump":438,"minecraft:walk_on_water_one_cm":1999,"minecraft:total_world_time":82709,"minecraft:fall_one_cm":8501},"minecraft:killed_by":{"minecraft:skeleton":1,"minecraft:spider":1},"minecraft:picked_up":{"minecraft:charcoal":2,"regions_unexplored:peat_dirt":12,"minecraft:crafting_table":3,"minecraft:cooked_beef":15,"regions_unexplored:larch_planks":196,"minecraft:black_bed":1,"minecraft:wooden_pickaxe":2,"minecraft:flint":5,"minecraft:oak_log":1,"butchersdelight:rack":3,"minecraft:dirt":1,"minecraft:string":5,"minecraft:bone":5,"butchersdelight:dead_cow":4,"minecraft:wheat_seeds":2,"minecraft:cobweb":6,"regions_unexplored:larch_sapling":2,"minecraft:stone_pickaxe":2,"regions_unexplored:larch_log":129,"regions_unexplored:larch_shrub":1,"minecraft:bamboo":8,"minecraft:raw_iron":2,"minecraft:stick":32,"minecraft:torch":30,"regions_unexplored:larch_door":9,"minecraft:gravel":50,"minecraft:spider_eye":2,"hexerei:sage_seed":1,"minecraft:stone_sword":1,"minecraft:stone_axe":2,"minecraft:shears":2,"minecraft:granite":2,"minecraft:oak_sapling":7,"butchersdelight:roaster":1,"minecraft:coal":5,"minecraft:cobblestone":11,"regions_unexplored:golden_larch_sapling":78},"minecraft:mined":{"minecraft:oak_sapling":3,"butchersdelight:rack":3,"minecraft:crafting_table":4,"regions_unexplored:larch_planks":71,"minecraft:torch":15,"minecraft:granite":1,"minecraft:campfire":1,"minecraft:wall_torch":6,"regions_unexplored:larch_door":10,"butchersdelight:roaster":1,"butchersdelight:deadcowblock":1,"minecraft:iron_ore":2,"treechop:chopped_log":2,"minecraft:black_bed":1,"minecraft:grass":2,"minecraft:oak_log":1,"regions_unexplored:peat_dirt":4,"minecraft:gravel":35,"minecraft:dirt":1,"minecraft:cobweb":3,"regions_unexplored:medium_grass":2,"regions_unexplored:larch_log":4,"minecraft:stone":11,"minecraft:oak_leaves":21,"regions_unexplored:larch_shrub":1},"minecraft:used":{"minecraft:stone_sword":27,"minecraft:stone_pickaxe":3,"regions_unexplored:peat_dirt":1,"minecraft:chest":1,"minecraft:wooden_pickaxe":23,"minecraft:torch":32,"minecraft:crafting_table":4,"minecraft:campfire":1,"minecraft:black_bed":2,"minecraft:granite":1,"minecraft:shears":1,"regions_unexplored:golden_larch_sapling":3,"butchersdelight:roaster":1,"minecraft:gravel":24,"minecraft:stone_axe":142,"regions_unexplored:larch_door":11,"regions_unexplored:larch_planks":400,"minecraft:cooked_beef":3,"butchersdelight:rack":4,"minecraft:bone_meal":3},"minecraft:dropped":{"minecraft:gravel":25,"minecraft:stone_axe":1,"minecraft:cooked_beef":6,"minecraft:stone_sword":1,"butchersdelight:roaster":1,"regions_unexplored:larch_planks":47,"minecraft:shears":1,"minecraft:torch":1,"regions_unexplored:golden_larch_sapling":16,"minecraft:campfire":1,"minecraft:stone_pickaxe":1}},"DataVersion":3120}