{"stats":{"minecraft:broken":{"minecraft:stone_sword":1,"undead_unleashed:grave_metal_axe":1,"minecraft:stone_axe":1},"minecraft:crafted":{"minecraft:wooden_sword":2,"minecraft:oak_planks":4,"minecraft:stone_shovel":1,"minecraft:furnace":2,"regions_unexplored:larch_planks":692,"supplementaries:bamboo_spikes":60,"minecraft:bone_meal":3,"butchersdelight:rack":1,"minecraft:bow":1,"regions_unexplored:larch_door":3,"butchersdelight:roaster":1,"minecraft:stone_pickaxe":1,"minecraft:chest":4,"minecraft:crafting_table":3,"minecraft:wooden_pickaxe":1,"minecraft:campfire":1,"minecraft:birch_planks":8,"minecraft:stone_axe":2,"regions_unexplored:larch_sign":3,"minecraft:shield":2,"minecraft:stick":92,"minecraft:iron_pickaxe":1,"minecraft:stone_sword":3,"regions_unexplored:larch_slab":486,"minecraft:torch":60},"minecraft:killed":{"born_in_chaos_v1:restless_spirit":1,"minecraft:spider":6,"minecraft:cod":17,"minecraft:skeleton":7,"minecraft:chicken":3,"born_in_chaos_v1:corpse_fish":3,"minecraft:drowned":1,"born_in_chaos_v1:bonescaller":1,"graveyard:ghoul":1,"minecraft:salmon":17,"minecraft:creeper":6,"minecraft:squid":1,"spore:inf_pillager":1,"born_in_chaos_v1:bloody_gadfly":2,"minecraft:zombie":3,"undead_unleashed:shadewraith":1,"born_in_chaos_v1:corpse_fly":1,"minecraft:cow":2},"minecraft:custom":{"minecraft:mob_kills":75,"minecraft:interact_with_crafting_table":49,"minecraft:interact_with_campfire":18,"minecraft:damage_dealt_resisted":100,"minecraft:leave_game":1,"minecraft:time_since_death":81797,"minecraft:climb_one_cm":118075,"minecraft:sprint_one_cm":279670,"minecraft:walk_one_cm":524333,"minecraft:damage_blocked_by_shield":340,"minecraft:drop":26,"minecraft:play_time":340709,"minecraft:deaths":26,"minecraft:sneak_time":27877,"minecraft:walk_under_water_one_cm":85439,"minecraft:jump":2401,"minecraft:walk_on_water_one_cm":41724,"minecraft:total_world_time":340709,"minecraft:interact_with_furnace":13,"minecraft:sleep_in_bed":2,"minecraft:time_since_rest":81832,"minecraft:damage_taken":8942,"minecraft:damage_dealt":8826,"minecraft:player_kills":3,"minecraft:swim_one_cm":159084,"minecraft:fly_one_cm":437007,"minecraft:open_chest":81,"minecraft:crouch_one_cm":58899,"minecraft:fall_one_cm":55340},"minecraft:killed_by":{"born_in_chaos_v1:bloody_gadfly":1,"minecraft:creeper":2,"minecraft:spider":3,"born_in_chaos_v1:glutton_fish":1,"spore:inf_human":2,"undead_unleashed:shadewraith":4,"spore:inf_pillager":1,"fear_the_dark:fever_dream":2,"undead_unleashed:frenzied_knight":1,"born_in_chaos_v1:bonescaller":1,"minecraft:skeleton":6,"minecraft:zombie":2},"minecraft:picked_up":{"minecraft:charcoal":2,"minecraft:crafting_table":6,"regions_unexplored:larch_planks":296,"born_in_chaos_v1:seedof_chaos":1,"undead_unleashed:cursed_cloth":1,"minecraft:wooden_pickaxe":2,"minecraft:chain":1,"minecraft:string":13,"minecraft:raw_copper":71,"minecraft:cooked_salmon":8,"butchersdelight:dead_cow":5,"graveyard:corruption":1,"regions_unexplored:larch_log":879,"minecraft:sugar_cane":23,"minecraft:egg":2,"minecraft:stick":163,"minecraft:raw_iron":12,"minecraft:torch":53,"minecraft:prismarine_crystals":2,"hexerei:sage_seed":1,"minecraft:stone_sword":1,"minecraft:arrow":6,"minecraft:rotten_flesh":17,"minecraft:cooked_cod":9,"minecraft:shears":2,"minecraft:hay_block":1,"minecraft:carved_pumpkin":1,"hexerei:herb_drying_rack":1,"butchersdelight:roaster":1,"minecraft:cod":14,"regions_unexplored:golden_larch_sapling":223,"minecraft:cobblestone":94,"minecraft:birch_log":2,"born_in_chaos_v1:corpse_maggot":3,"regions_unexplored:peat_dirt":14,"minecraft:cooked_beef":15,"minecraft:salmon":18,"minecraft:black_bed":1,"minecraft:flint":10,"minecraft:oak_log":1,"minecraft:gunpowder":6,"butchersdelight:rack":3,"minecraft:dirt":1,"butchersdelight:deadchiken":3,"minecraft:bone":25,"regions_unexplored:stripped_larch_log":1,"minecraft:wheat_seeds":3,"minecraft:stone_pickaxe":2,"minecraft:cobweb":6,"regions_unexplored:larch_sapling":21,"regions_unexplored:larch_shrub":4,"minecraft:bamboo":139,"minecraft:oak_slab":10,"regions_unexplored:larch_sign":1,"regions_unexplored:larch_door":11,"minecraft:gravel":98,"regions_unexplored:larch_slab":91,"undead_unleashed:grave_metal_scrap":6,"minecraft:spider_eye":2,"quark:birch_ladder":2,"supplementaries:bamboo_spikes":15,"minecraft:stone_axe":2,"minecraft:granite":7,"minecraft:bone_meal":3,"undead_unleashed:grave_metal_axe":1,"born_in_chaos_v1:rotten_fish":2,"minecraft:oak_sapling":7,"minecraft:coal":58},"minecraft:mined":{"regions_unexplored:golden_larch_leaves":10,"minecraft:oak_sapling":3,"butchersdelight:rack":3,"minecraft:sea_lantern":1,"minecraft:carved_pumpkin":1,"regions_unexplored:larch_planks":195,"minecraft:granite":7,"minecraft:hay_block":1,"minecraft:tall_seagrass":1,"regions_unexplored:larch_door":12,"butchersdelight:roaster":1,"minecraft:iron_ore":12,"supplementaries:bamboo_spikes":15,"regions_unexplored:larch_slab":73,"regions_unexplored:larch_sign":1,"treechop:chopped_log":20,"regions_unexplored:medium_grass":5,"minecraft:bamboo":30,"regions_unexplored:larch_log":16,"minecraft:stone":64,"minecraft:crafting_table":7,"minecraft:torch":25,"regions_unexplored:peat_grass_block":2,"minecraft:campfire":1,"minecraft:copper_ore":21,"minecraft:cobblestone":5,"minecraft:sugar_cane":8,"minecraft:wall_torch":11,"butchersdelight:deadcowblock":1,"realmrpg_skeletons:webbed_skeleton":1,"regions_unexplored:golden_larch_sapling":6,"minecraft:birch_leaves":1,"minecraft:black_bed":1,"minecraft:grass":3,"quark:birch_ladder":2,"minecraft:oak_log":1,"minecraft:coal_ore":55,"regions_unexplored:peat_dirt":4,"minecraft:gravel":89,"minecraft:dirt":1,"minecraft:cobweb":6,"minecraft:oak_leaves":23,"regions_unexplored:larch_shrub":4},"minecraft:used":{"minecraft:stone_sword":202,"minecraft:stone_shovel":43,"minecraft:chest":4,"minecraft:shield":9,"minecraft:cooked_salmon":13,"minecraft:torch":131,"regions_unexplored:larch_shrub":3,"undead_unleashed:grave_metal_axe":403,"minecraft:granite":7,"quark:birch_ladder":2,"regions_unexplored:golden_larch_sapling":7,"minecraft:bamboo":6,"minecraft:bow":9,"regions_unexplored:larch_planks":597,"minecraft:furnace":2,"minecraft:cooked_cod":9,"minecraft:egg":2,"minecraft:cooked_beef":9,"hexerei:herb_drying_rack":1,"minecraft:birch_planks":6,"minecraft:stone_pickaxe":82,"minecraft:oak_planks":1,"regions_unexplored:peat_dirt":2,"minecraft:wooden_pickaxe":25,"minecraft:sugar_cane":6,"minecraft:crafting_table":7,"minecraft:campfire":1,"minecraft:black_bed":2,"minecraft:shears":1,"regions_unexplored:larch_slab":404,"minecraft:iron_pickaxe":72,"butchersdelight:roaster":1,"minecraft:gravel":25,"minecraft:stone_axe":243,"regions_unexplored:larch_door":13,"minecraft:wooden_sword":15,"minecraft:cobblestone":23,"supplementaries:bamboo_spikes":62,"regions_unexplored:larch_sign":4,"butchersdelight:rack":4,"minecraft:bone_meal":3},"minecraft:dropped":{"minecraft:oak_slab":10,"minecraft:cooked_beef":6,"regions_unexplored:larch_planks":47,"undead_unleashed:grave_metal_scrap":1,"minecraft:torch":1,"minecraft:cooked_salmon":2,"regions_unexplored:golden_larch_sapling":16,"minecraft:gravel":25,"minecraft:stone_axe":2,"minecraft:stone_sword":2,"butchersdelight:roaster":1,"minecraft:shears":1,"minecraft:shield":1,"minecraft:stone_pickaxe":2,"minecraft:campfire":2}},"DataVersion":3120}