{"stats":{"minecraft:custom":{"minecraft:interact_with_furnace":71,"minecraft:mob_kills":7,"tombstone:raider_killed":4,"minecraft:interact_with_crafting_table":52,"minecraft:damage_dealt_resisted":0,"minecraft:time_since_death":149609,"minecraft:sleep_in_bed":5,"minecraft:time_since_rest":9739,"minecraft:sprint_one_cm":125432,"minecraft:damage_taken":1254,"minecraft:walk_one_cm":291172,"minecraft:drop":30,"minecraft:damage_dealt":2719,"minecraft:talked_to_villager":5,"minecraft:fly_one_cm":110596,"minecraft:player_kills":1,"minecraft:open_chest":128,"minecraft:crouch_one_cm":63969,"tombstone:undead_killed":4,"minecraft:play_time":149609,"minecraft:sneak_time":21305,"tombstone:villager_killed":1,"minecraft:jump":971,"minecraft:walk_on_water_one_cm":324,"minecraft:total_world_time":149609,"minecraft:fall_one_cm":98655},"minecraft:broken":{"exdeorum:crook":2},"minecraft:crafted":{"minecraft:oak_slab":50,"minecraft:oak_planks":107,"minecraft:cobblestone_slab":139,"exdeorum:oak_barrel":1,"minecraft:gold_ore":30,"alltheores:copper_dust":159,"minecraft:crafting_table":1,"minecraft:gravel":2,"minecraft:cobbled_deepslate":35,"pickletweaks:flint_shears":1,"alltheores:iron_ore_hammer":2,"functionalstorage:oak_4":10,"minecraft:iron_sword":1,"minecraft:copper_ore":51,"minecraft:bucket":1,"minecraft:diorite":28,"minecraft:air":2515,"exdeorum:crook":3,"exdeorum:oak_crucible":1,"minecraft:granite":36,"minecraft:basalt":33,"minecraft:cobblestone":193,"minecraft:iron_axe":1,"exdeorum:flint_mesh":13,"exdeorum:string_mesh":13,"minecraft:iron_pickaxe":1,"minecraft:iron_ingot":131,"minecraft:blackstone":33,"minecraft:stone_pickaxe":1,"minecraft:iron_block":4,"minecraft:chest":18,"minecraft:iron_ore":3,"exdeorum:oak_sieve":4,"alltheores:iron_dust":33,"minecraft:andesite":35,"exdeorum:iron_mesh":13},"minecraft:used":{"exdeorum:oak_sieve":30,"minecraft:water_bucket":4,"minecraft:oak_planks":6,"minecraft:stone_pickaxe":40,"minecraft:gold_ore":1,"minecraft:chest":2,"exdeorum:crook":295,"minecraft:cobblestone_slab":458,"minecraft:torch":5,"minecraft:dirt":1,"minecraft:oak_slab":248,"minecraft:crafting_table":2,"exdeorum:silk_worm":6,"integrateddynamics:squeezer":2,"minecraft:oak_log":3,"exdeorum:oak_barrel":1,"minecraft:wooden_axe":165,"functionalstorage:oak_4":27,"minecraft:iron_axe":1,"minecraft:iron_pickaxe":54,"minecraft:copper_ore":51,"minecraft:gravel":4081,"minecraft:wooden_sword":25,"exdeorum:oak_crucible":1,"minecraft:cobblestone":1,"minecraft:oak_sapling":23,"minecraft:bucket":4,"minecraft:andesite":35,"minecraft:cooked_beef":13},"minecraft:killed":{"minecraft:wandering_trader":1,"minecraft:phantom":4,"minecraft:trader_llama":2},"minecraft:dropped":{"minecraft:gravel":64,"minecraft:iron_ingot":50,"minecraft:oak_log":19,"exdeorum:zinc_ore_chunk":1,"minecraft:lead":2,"constructionwand:stone_wand":1,"minecraft:leather":2,"exdeorum:iron_ore_chunk":242,"minecraft:lava_bucket":1,"minecraft:cobblestone_slab":506,"minecraft:ice":1,"alltheores:copper_ore_hammer":1,"exdeorum:blackstone_pebble":5,"allthecompressed:sand_1x":1,"alltheores:iron_dust":150},"minecraft:mined":{"minecraft:oak_slab":9,"minecraft:oak_sapling":1,"exdeorum:infested_leaves":168,"minecraft:crafting_table":1,"minecraft:torch":1,"integrateddynamics:squeezer":2,"minecraft:copper_ore":51,"minecraft:cobblestone":1,"minecraft:oak_planks":1,"functionalstorage:oak_4":11,"minecraft:oak_log":121,"minecraft:cobblestone_slab":39,"minecraft:gravel":56,"exdeorum:oak_sieve":17,"translocators:crafting_grid":7,"minecraft:gold_ore":1,"minecraft:oak_leaves":182},"minecraft:picked_up":{"minecraft:wooden_axe":1,"exdeorum:osmium_ore_chunk":116,"minecraft:crafting_table":1,"exdeorum:basalt_pebble":133,"minecraft:leather":2,"minecraft:lead":4,"enderio:grains_of_infinity":3,"exdeorum:iron_ore_chunk":397,"minecraft:flint":812,"minecraft:oak_log":174,"minecraft:raw_copper":179,"minecraft:gunpowder":3,"minecraft:lapis_lazuli":132,"exdeorum:nickel_ore_chunk":154,"exdeorum:blackstone_pebble":139,"minecraft:wooden_hoe":1,"minecraft:dirt":3,"minecraft:string":192,"exdeorum:granite_pebble":147,"exdeorum:string_mesh":16,"ae2:sky_dust":4,"functionalstorage:oak_4":11,"minecraft:apple":4,"minecraft:raw_gold":7,"exdeorum:stone_pebble":775,"exdeorum:oak_sieve":26,"minecraft:iron_ingot":22,"everlastingabilities:ability_totem":1,"exdeorum:zinc_ore_chunk":147,"minecraft:cobblestone_slab":373,"minecraft:glowstone_dust":1,"minecraft:oak_planks":2,"minecraft:raw_iron":31,"minecraft:phantom_membrane":2,"dankstorage:dank_1":1,"minecraft:oak_slab":3,"minecraft:stick":49,"exdeorum:deepslate_pebble":140,"exdeorum:lead_ore_chunk":168,"minecraft:copper_ingot":9,"minecraft:torch":5,"minecraft:gravel":3807,"integrateddynamics:squeezer":2,"minecraft:amethyst_shard":34,"minecraft:redstone":3,"exdeorum:silver_ore_chunk":175,"exdeorum:silk_worm":9,"exdeorum:aluminum_ore_chunk":181,"constructionwand:stone_wand":1,"ae2:certus_quartz_dust":3,"exdeorum:diorite_pebble":113,"exdeorum:tin_ore_chunk":266,"alltheores:iron_dust":212,"exdeorum:andesite_pebble":140,"exdeorum:copper_ore_chunk":313,"minecraft:oak_sapling":55,"minecraft:coal":420,"minecraft:oak_leaves":51,"alltheores:copper_ore_hammer":1,"minecraft:cobblestone":1,"exdeorum:gold_ore_chunk":123}},"DataVersion":3465}