{"stats":{"minecraft:broken":{"minecraft:stone_sword":1,"undead_unleashed:grave_metal_axe":1,"minecraft:stone_axe":2},"minecraft:crafted":{"minecraft:wooden_sword":2,"minecraft:oak_planks":4,"minecraft:stone_shovel":1,"minecraft:furnace":2,"regions_unexplored:larch_planks":692,"supplementaries:bamboo_spikes":60,"minecraft:bone_meal":3,"butchersdelight:rack":1,"minecraft:iron_boots":1,"minecraft:bow":1,"regions_unexplored:larch_door":3,"minecraft:iron_axe":1,"butchersdelight:roaster":1,"minecraft:stone_pickaxe":1,"minecraft:chest":8,"minecraft:iron_door":3,"minecraft:crafting_table":3,"minecraft:iron_helmet":1,"minecraft:wooden_pickaxe":1,"minecraft:iron_sword":1,"minecraft:campfire":1,"minecraft:birch_planks":8,"minecraft:stone_axe":2,"regions_unexplored:larch_sign":3,"minecraft:iron_chestplate":1,"minecraft:shield":2,"minecraft:stick":92,"minecraft:iron_ingot":576,"minecraft:iron_pickaxe":2,"minecraft:stone_sword":3,"minecraft:iron_leggings":1,"regions_unexplored:larch_slab":486,"minecraft:torch":60},"minecraft:killed":{"born_in_chaos_v1:restless_spirit":1,"minecraft:spider":6,"minecraft:cod":20,"minecraft:skeleton":7,"minecraft:chicken":3,"born_in_chaos_v1:corpse_fish":3,"minecraft:drowned":1,"born_in_chaos_v1:bonescaller":1,"graveyard:ghoul":1,"minecraft:salmon":19,"minecraft:creeper":6,"minecraft:squid":1,"spore:inf_pillager":1,"born_in_chaos_v1:bloody_gadfly":2,"minecraft:zombie":3,"undead_unleashed:shadewraith":1,"born_in_chaos_v1:corpse_fly":1,"minecraft:cow":5},"minecraft:custom":{"minecraft:mob_kills":83,"minecraft:interact_with_crafting_table":60,"minecraft:interact_with_campfire":18,"minecraft:damage_dealt_resisted":100,"minecraft:leave_game":2,"minecraft:time_since_death":103160,"minecraft:climb_one_cm":124687,"minecraft:sprint_one_cm":332031,"minecraft:walk_one_cm":556572,"minecraft:damage_blocked_by_shield":340,"minecraft:drop":26,"minecraft:play_time":362072,"minecraft:deaths":26,"minecraft:sneak_time":28694,"minecraft:walk_under_water_one_cm":86851,"minecraft:jump":2728,"minecraft:walk_on_water_one_cm":43377,"minecraft:total_world_time":362072,"minecraft:interact_with_furnace":13,"minecraft:sleep_in_bed":2,"minecraft:time_since_rest":103195,"minecraft:damage_taken":9152,"minecraft:damage_dealt":9266,"minecraft:player_kills":3,"minecraft:swim_one_cm":168014,"minecraft:fly_one_cm":527290,"minecraft:open_chest":117,"minecraft:crouch_one_cm":60987,"minecraft:fall_one_cm":64912},"minecraft:killed_by":{"born_in_chaos_v1:bloody_gadfly":1,"minecraft:creeper":2,"minecraft:spider":3,"born_in_chaos_v1:glutton_fish":1,"spore:inf_human":2,"undead_unleashed:shadewraith":4,"spore:inf_pillager":1,"fear_the_dark:fever_dream":2,"undead_unleashed:frenzied_knight":1,"born_in_chaos_v1:bonescaller":1,"minecraft:skeleton":6,"minecraft:zombie":2},"minecraft:picked_up":{"minecraft:charcoal":2,"minecraft:crafting_table":6,"regions_unexplored:larch_planks":310,"born_in_chaos_v1:seedof_chaos":1,"undead_unleashed:cursed_cloth":1,"minecraft:wooden_pickaxe":2,"minecraft:chain":1,"minecraft:string":13,"minecraft:raw_copper":71,"minecraft:cooked_salmon":8,"butchersdelight:dead_cow":8,"graveyard:corruption":1,"regions_unexplored:larch_log":879,"minecraft:sugar_cane":28,"minecraft:egg":2,"minecraft:stick":163,"minecraft:raw_iron":12,"minecraft:torch":55,"minecraft:prismarine_crystals":2,"hexerei:sage_seed":1,"minecraft:stone_sword":1,"minecraft:arrow":6,"minecraft:rotten_flesh":17,"minecraft:cooked_cod":9,"minecraft:shears":2,"minecraft:hay_block":1,"minecraft:iron_block":5568,"minecraft:carved_pumpkin":1,"hexerei:herb_drying_rack":1,"butchersdelight:roaster":1,"minecraft:cod":17,"regions_unexplored:golden_larch_sapling":223,"minecraft:cobblestone":96,"minecraft:birch_log":2,"born_in_chaos_v1:corpse_maggot":3,"regions_unexplored:peat_dirt":16,"minecraft:cooked_beef":27,"minecraft:iron_door":3,"minecraft:salmon":20,"minecraft:black_bed":1,"minecraft:flint":10,"minecraft:oak_log":1,"minecraft:gunpowder":6,"butchersdelight:rack":3,"minecraft:dirt":1,"butchersdelight:deadchiken":3,"minecraft:bone":29,"regions_unexplored:stripped_larch_log":1,"minecraft:wheat_seeds":3,"minecraft:stone_pickaxe":2,"minecraft:cobweb":6,"regions_unexplored:larch_sapling":21,"regions_unexplored:larch_shrub":4,"minecraft:bamboo":139,"minecraft:oak_slab":10,"regions_unexplored:larch_sign":1,"regions_unexplored:larch_door":13,"minecraft:gravel":107,"regions_unexplored:larch_slab":91,"undead_unleashed:grave_metal_scrap":6,"minecraft:spider_eye":2,"quark:birch_ladder":2,"supplementaries:bamboo_spikes":15,"minecraft:stone_axe":2,"minecraft:granite":7,"minecraft:bone_meal":3,"undead_unleashed:grave_metal_axe":1,"born_in_chaos_v1:rotten_fish":2,"minecraft:oak_sapling":7,"minecraft:coal":58},"minecraft:mined":{"regions_unexplored:golden_larch_leaves":10,"minecraft:oak_sapling":3,"butchersdelight:rack":3,"minecraft:sea_lantern":1,"minecraft:carved_pumpkin":1,"regions_unexplored:larch_planks":209,"minecraft:granite":7,"minecraft:hay_block":1,"minecraft:tall_seagrass":1,"regions_unexplored:larch_door":14,"butchersdelight:roaster":1,"minecraft:iron_ore":12,"supplementaries:bamboo_spikes":15,"regions_unexplored:larch_slab":73,"regions_unexplored:larch_sign":1,"treechop:chopped_log":20,"regions_unexplored:medium_grass":5,"minecraft:bamboo":30,"regions_unexplored:larch_log":16,"minecraft:stone":64,"minecraft:crafting_table":7,"minecraft:torch":27,"regions_unexplored:peat_grass_block":2,"minecraft:campfire":1,"minecraft:copper_ore":21,"minecraft:cobblestone":7,"minecraft:sugar_cane":13,"minecraft:iron_door":3,"minecraft:wall_torch":11,"butchersdelight:deadcowblock":1,"realmrpg_skeletons:webbed_skeleton":1,"regions_unexplored:golden_larch_sapling":6,"minecraft:birch_leaves":1,"minecraft:black_bed":1,"minecraft:grass":4,"quark:birch_ladder":2,"minecraft:oak_log":1,"minecraft:coal_ore":55,"regions_unexplored:peat_dirt":6,"minecraft:gravel":92,"minecraft:dirt":1,"minecraft:cobweb":6,"minecraft:oak_leaves":23,"regions_unexplored:larch_shrub":4},"minecraft:used":{"minecraft:stone_sword":214,"minecraft:stone_shovel":43,"minecraft:chest":8,"minecraft:shield":9,"minecraft:cooked_salmon":16,"minecraft:torch":133,"regions_unexplored:larch_shrub":3,"undead_unleashed:grave_metal_axe":403,"minecraft:granite":7,"quark:birch_ladder":2,"regions_unexplored:golden_larch_sapling":7,"minecraft:iron_axe":2,"minecraft:bamboo":6,"minecraft:bow":9,"regions_unexplored:larch_planks":597,"minecraft:furnace":2,"minecraft:cooked_cod":9,"minecraft:egg":2,"minecraft:cooked_beef":11,"hexerei:herb_drying_rack":1,"minecraft:birch_planks":6,"minecraft:stone_pickaxe":82,"minecraft:oak_planks":1,"regions_unexplored:peat_dirt":2,"minecraft:wooden_pickaxe":25,"minecraft:sugar_cane":6,"minecraft:crafting_table":7,"minecraft:campfire":1,"minecraft:black_bed":2,"minecraft:shears":1,"regions_unexplored:larch_slab":404,"minecraft:iron_pickaxe":77,"butchersdelight:roaster":1,"minecraft:iron_door":3,"minecraft:gravel":25,"minecraft:stone_axe":257,"regions_unexplored:larch_door":15,"minecraft:wooden_sword":15,"minecraft:cobblestone":23,"supplementaries:bamboo_spikes":62,"regions_unexplored:larch_sign":4,"butchersdelight:rack":4,"minecraft:bone_meal":3},"minecraft:dropped":{"minecraft:oak_slab":10,"minecraft:cooked_beef":6,"regions_unexplored:larch_planks":47,"undead_unleashed:grave_metal_scrap":1,"minecraft:torch":1,"minecraft:cooked_salmon":2,"regions_unexplored:golden_larch_sapling":16,"minecraft:gravel":25,"minecraft:stone_axe":2,"minecraft:stone_sword":2,"butchersdelight:roaster":1,"minecraft:shears":1,"minecraft:shield":1,"minecraft:stone_pickaxe":2,"minecraft:campfire":2}},"DataVersion":3120}