{"stats":{"minecraft:custom":{"minecraft:interact_with_furnace":3,"minecraft:interact_with_crafting_table":32,"minecraft:time_since_death":77609,"minecraft:time_since_rest":77609,"minecraft:sprint_one_cm":40486,"minecraft:damage_taken":454,"minecraft:walk_one_cm":113775,"minecraft:drop":3,"minecraft:damage_dealt":496,"minecraft:talked_to_villager":4,"minecraft:fly_one_cm":43392,"minecraft:player_kills":1,"minecraft:open_chest":75,"minecraft:crouch_one_cm":34697,"minecraft:play_time":77609,"minecraft:sneak_time":14424,"minecraft:jump":336,"minecraft:walk_on_water_one_cm":324,"minecraft:total_world_time":77609,"minecraft:fall_one_cm":86178},"minecraft:broken":{"exdeorum:crook":2},"minecraft:crafted":{"minecraft:oak_slab":50,"minecraft:oak_planks":103,"minecraft:cobblestone_slab":22,"exdeorum:oak_barrel":1,"minecraft:crafting_table":1,"minecraft:gravel":1,"minecraft:cobbled_deepslate":35,"pickletweaks:flint_shears":1,"functionalstorage:oak_4":10,"minecraft:bucket":1,"minecraft:diorite":28,"minecraft:air":1286,"exdeorum:crook":3,"exdeorum:oak_crucible":1,"minecraft:granite":36,"minecraft:basalt":33,"minecraft:cobblestone":193,"exdeorum:string_mesh":9,"minecraft:iron_ingot":3,"minecraft:blackstone":33,"minecraft:stone_pickaxe":1,"minecraft:chest":18,"minecraft:iron_ore":3,"minecraft:andesite":35},"minecraft:used":{"exdeorum:oak_sieve":12,"minecraft:water_bucket":4,"minecraft:stone_pickaxe":37,"minecraft:chest":2,"exdeorum:crook":295,"minecraft:cobblestone_slab":135,"minecraft:torch":4,"minecraft:dirt":1,"minecraft:oak_slab":148,"minecraft:crafting_table":2,"exdeorum:silk_worm":4,"minecraft:oak_log":3,"exdeorum:oak_barrel":1,"minecraft:wooden_axe":149,"functionalstorage:oak_4":27,"minecraft:gravel":188,"exdeorum:oak_crucible":1,"minecraft:oak_sapling":21,"minecraft:bucket":4,"minecraft:andesite":35,"minecraft:cooked_beef":5},"minecraft:dropped":{"minecraft:oak_log":19,"exdeorum:zinc_ore_chunk":1,"exdeorum:blackstone_pebble":5},"minecraft:mined":{"minecraft:oak_slab":7,"minecraft:oak_sapling":1,"exdeorum:infested_leaves":167,"minecraft:crafting_table":1,"minecraft:torch":1,"functionalstorage:oak_4":11,"minecraft:oak_log":114,"minecraft:cobblestone_slab":37,"minecraft:gravel":42,"exdeorum:oak_sieve":3,"translocators:crafting_grid":7,"minecraft:oak_leaves":182},"minecraft:picked_up":{"minecraft:wooden_axe":1,"exdeorum:osmium_ore_chunk":5,"minecraft:crafting_table":1,"exdeorum:basalt_pebble":133,"minecraft:lead":2,"enderio:grains_of_infinity":3,"exdeorum:iron_ore_chunk":17,"minecraft:flint":33,"minecraft:oak_log":166,"minecraft:gunpowder":3,"minecraft:lapis_lazuli":2,"exdeorum:nickel_ore_chunk":9,"exdeorum:blackstone_pebble":139,"minecraft:wooden_hoe":1,"minecraft:dirt":3,"minecraft:string":83,"exdeorum:granite_pebble":147,"exdeorum:string_mesh":3,"ae2:sky_dust":4,"functionalstorage:oak_4":11,"minecraft:apple":4,"exdeorum:stone_pebble":775,"exdeorum:oak_sieve":12,"exdeorum:zinc_ore_chunk":6,"minecraft:cobblestone_slab":14,"minecraft:glowstone_dust":1,"dankstorage:dank_1":1,"minecraft:oak_slab":1,"minecraft:stick":46,"exdeorum:deepslate_pebble":140,"exdeorum:lead_ore_chunk":6,"minecraft:torch":4,"minecraft:gravel":174,"minecraft:amethyst_shard":1,"minecraft:redstone":3,"exdeorum:silver_ore_chunk":6,"exdeorum:silk_worm":4,"exdeorum:aluminum_ore_chunk":5,"ae2:certus_quartz_dust":3,"exdeorum:diorite_pebble":113,"exdeorum:tin_ore_chunk":9,"exdeorum:andesite_pebble":140,"exdeorum:copper_ore_chunk":13,"minecraft:oak_sapling":55,"minecraft:coal":20,"minecraft:oak_leaves":51,"exdeorum:gold_ore_chunk":2}},"DataVersion":3465}