{"stats":{"minecraft:custom":{"minecraft:mob_kills":7,"minecraft:interact_with_crafting_table":59,"minecraft:damage_dealt_resisted":0,"minecraft:time_since_death":179609,"minecraft:sprint_one_cm":186057,"minecraft:walk_one_cm":332928,"minecraft:drop":323,"minecraft:talked_to_villager":5,"minecraft:play_time":179609,"minecraft:sneak_time":21626,"minecraft:jump":1071,"minecraft:walk_on_water_one_cm":324,"minecraft:total_world_time":179609,"minecraft:interact_with_furnace":130,"tombstone:raider_killed":4,"minecraft:sleep_in_bed":5,"minecraft:time_since_rest":39739,"minecraft:damage_taken":1264,"minecraft:damage_dealt":2719,"minecraft:player_kills":1,"minecraft:fly_one_cm":120940,"minecraft:open_chest":140,"minecraft:crouch_one_cm":64332,"tombstone:undead_killed":4,"tombstone:villager_killed":1,"minecraft:fall_one_cm":100835},"minecraft:broken":{"exdeorum:crook":2},"minecraft:used":{"minecraft:chest":2,"exdeorum:crook":295,"minecraft:torch":5,"minecraft:dirt":1,"exdeorum:silk_worm":6,"integrateddynamics:squeezer":3,"minecraft:wooden_axe":165,"minecraft:iron_axe":7,"minecraft:copper_ore":51,"minecraft:oak_sapling":23,"minecraft:cooked_beef":14,"exdeorum:oak_sieve":30,"minecraft:water_bucket":4,"minecraft:stone_pickaxe":40,"minecraft:oak_planks":7,"minecraft:cobblestone_slab":458,"minecraft:gold_ore":28,"minecraft:oak_slab":248,"minecraft:crafting_table":2,"exdeorum:dust":441,"minecraft:oak_log":3,"exdeorum:oak_barrel":1,"functionalstorage:oak_4":28,"minecraft:iron_pickaxe":84,"minecraft:gravel":5361,"minecraft:wooden_sword":25,"exdeorum:oak_crucible":1,"minecraft:cobblestone":3,"minecraft:andesite":35,"minecraft:bucket":4},"minecraft:crafted":{"minecraft:oak_planks":107,"minecraft:cobblestone_slab":139,"minecraft:cobbled_deepslate":35,"alltheores:copper_dust":159,"alltheores:iron_ore_hammer":2,"alltheores:gold_dust":32,"minecraft:granite":36,"minecraft:basalt":33,"minecraft:iron_axe":1,"exdeorum:string_mesh":13,"minecraft:stone_pickaxe":1,"minecraft:chest":20,"minecraft:copper_block":2,"exdeorum:iron_mesh":13,"exdeorum:golden_mesh":13,"minecraft:oak_slab":50,"exdeorum:oak_barrel":1,"minecraft:crafting_table":1,"minecraft:gold_ore":30,"pickletweaks:flint_shears":1,"minecraft:gravel":2,"functionalstorage:oak_4":10,"minecraft:iron_sword":1,"minecraft:copper_ingot":0,"minecraft:copper_ore":51,"minecraft:bucket":1,"minecraft:diorite":28,"minecraft:air":2596,"exdeorum:crook":3,"exdeorum:oak_crucible":1,"functionalstorage:copper_upgrade":1,"minecraft:cobblestone":193,"exdeorum:flint_mesh":13,"minecraft:iron_ingot":165,"minecraft:blackstone":33,"minecraft:iron_pickaxe":1,"minecraft:iron_block":4,"minecraft:iron_ore":3,"minecraft:gold_ingot":13,"exdeorum:oak_sieve":4,"alltheores:iron_dust":33,"minecraft:andesite":35},"minecraft:killed":{"minecraft:phantom":4,"minecraft:wandering_trader":1,"minecraft:trader_llama":2},"minecraft:dropped":{"minecraft:iron_ingot":50,"minecraft:oak_log":19,"exdeorum:zinc_ore_chunk":1,"minecraft:cobblestone":4,"minecraft:lead":2,"minecraft:leather":2,"constructionwand:stone_wand":1,"exdeorum:iron_ore_chunk":242,"minecraft:lava_bucket":1,"minecraft:ice":1,"exdeorum:dust":64,"minecraft:wooden_hoe":1,"croptopia:scrambled_eggs":1,"alltheores:copper_ore_hammer":2,"allthecompressed:sand_1x":1,"alltheores:iron_dust":150,"minecraft:gravel":512,"minecraft:oak_planks":64,"minecraft:cobblestone_slab":506,"exdeorum:blackstone_pebble":5},"minecraft:mined":{"minecraft:oak_sapling":1,"integrateddynamics:squeezer":3,"functionalstorage:oak_4":13,"minecraft:cobblestone_slab":39,"exdeorum:oak_sieve":17,"translocators:crafting_grid":7,"minecraft:oak_slab":9,"exdeorum:infested_leaves":168,"minecraft:crafting_table":1,"minecraft:torch":1,"minecraft:copper_ore":51,"minecraft:cobblestone":3,"minecraft:oak_planks":6,"minecraft:oak_log":121,"minecraft:gravel":56,"minecraft:gold_ore":28,"minecraft:oak_leaves":182},"minecraft:picked_up":{"minecraft:wooden_axe":1,"exdeorum:gold_ore_chunk":230,"minecraft:crafting_table":1,"exdeorum:dust":505,"minecraft:lead":4,"exdeorum:iron_ore_chunk":559,"exdeorum:blackstone_pebble":139,"minecraft:string":192,"exdeorum:string_mesh":16,"minecraft:raw_copper":179,"exdeorum:granite_pebble":147,"functionalstorage:oak_4":13,"minecraft:cobblestone_slab":373,"exdeorum:zinc_ore_chunk":221,"minecraft:phantom_membrane":2,"minecraft:stick":49,"minecraft:raw_iron":31,"minecraft:copper_ingot":9,"minecraft:torch":5,"minecraft:redstone":52,"exdeorum:silk_worm":9,"ae2:certus_quartz_dust":43,"exdeorum:diorite_pebble":113,"exdeorum:tin_ore_chunk":356,"exdeorum:andesite_pebble":140,"alltheores:iron_dust":212,"minecraft:blaze_powder":27,"minecraft:cobblestone":615,"exdeorum:osmium_ore_chunk":175,"exdeorum:basalt_pebble":133,"alltheores:gold_dust":19,"minecraft:leather":2,"enderio:grains_of_infinity":47,"forcecraft:force_gem":26,"minecraft:flint":977,"minecraft:oak_log":174,"minecraft:gunpowder":61,"minecraft:wooden_hoe":1,"minecraft:lapis_lazuli":261,"minecraft:dirt":3,"exdeorum:nickel_ore_chunk":251,"mekanism:salt":60,"ae2:sky_dust":39,"minecraft:apple":4,"exdeorum:oak_sieve":26,"minecraft:raw_gold":61,"exdeorum:stone_pebble":775,"everlastingabilities:ability_totem":1,"minecraft:iron_ingot":22,"minecraft:glowstone_dust":51,"minecraft:oak_planks":39,"dankstorage:dank_1":1,"minecraft:oak_slab":3,"exdeorum:deepslate_pebble":140,"exdeorum:lead_ore_chunk":239,"minecraft:gravel":5535,"minecraft:amethyst_shard":129,"integrateddynamics:squeezer":3,"exdeorum:silver_ore_chunk":317,"exdeorum:aluminum_ore_chunk":288,"minecraft:diamond":57,"constructionwand:stone_wand":1,"minecraft:bone_meal":58,"exdeorum:copper_ore_chunk":402,"minecraft:emerald":35,"minecraft:oak_sapling":55,"minecraft:coal":844,"minecraft:oak_leaves":51,"alltheores:copper_ore_hammer":1}},"DataVersion":3465}