{"stats":{"minecraft:custom":{"minecraft:time_since_rest":29609,"minecraft:sprint_one_cm":6213,"minecraft:walk_one_cm":12909,"minecraft:drop":1,"minecraft:damage_dealt":10,"minecraft:interact_with_crafting_table":8,"minecraft:fly_one_cm":7231,"minecraft:open_chest":9,"minecraft:crouch_one_cm":9158,"minecraft:play_time":29609,"minecraft:sneak_time":8382,"minecraft:jump":40,"minecraft:time_since_death":29609,"minecraft:total_world_time":29609},"minecraft:crafted":{"minecraft:granite":36,"minecraft:basalt":33,"minecraft:oak_slab":50,"minecraft:oak_planks":59,"exdeorum:oak_barrel":1,"minecraft:cobblestone":193,"minecraft:crafting_table":1,"minecraft:cobbled_deepslate":35,"minecraft:blackstone":33,"minecraft:chest":2,"minecraft:andesite":35,"minecraft:diorite":28,"minecraft:air":932},"minecraft:used":{"minecraft:oak_log":3,"minecraft:wooden_axe":49,"minecraft:chest":2,"minecraft:torch":1,"minecraft:dirt":1,"minecraft:oak_slab":42,"minecraft:crafting_table":2,"minecraft:oak_sapling":9},"minecraft:dropped":{"exdeorum:blackstone_pebble":5},"minecraft:mined":{"minecraft:oak_slab":1,"minecraft:crafting_table":1,"minecraft:torch":1,"minecraft:oak_log":49,"translocators:crafting_grid":7,"minecraft:oak_leaves":3},"minecraft:picked_up":{"minecraft:wooden_axe":1,"minecraft:crafting_table":1,"minecraft:stick":7,"exdeorum:deepslate_pebble":140,"exdeorum:basalt_pebble":133,"minecraft:torch":1,"minecraft:oak_log":62,"minecraft:dirt":1,"minecraft:wooden_hoe":1,"exdeorum:blackstone_pebble":139,"exdeorum:granite_pebble":147,"minecraft:apple":1,"exdeorum:diorite_pebble":113,"exdeorum:stone_pebble":775,"exdeorum:andesite_pebble":140,"minecraft:oak_sapling":21}},"DataVersion":3465}