{"stats":{"minecraft:killed":{"minecraft:phantom":4,"minecraft:wandering_trader":5,"minecraft:trader_llama":10},"minecraft:picked_up":{"minecraft:wooden_axe":1,"exdeorum:gold_ore_chunk":230,"minecraft:crafting_table":1,"minecraft:wheat":372,"exdeorum:dust":505,"minecraft:lead":12,"exdeorum:iron_ore_chunk":559,"exdeorum:blackstone_pebble":142,"minecraft:string":192,"exdeorum:string_mesh":16,"minecraft:raw_copper":179,"exdeorum:granite_pebble":153,"functionalstorage:oak_4":13,"exdeorum:golden_mesh":13,"minecraft:cobblestone_slab":373,"minecraft:redstone_torch":4,"exdeorum:zinc_ore_chunk":221,"minecraft:piston":5,"minecraft:phantom_membrane":2,"minecraft:stick":49,"minecraft:raw_iron":31,"minecraft:copper_ingot":9,"minecraft:torch":5,"minecraft:lightning_rod":1,"minecraft:redstone":66,"exdeorum:silk_worm":9,"ae2:certus_quartz_dust":43,"exdeorum:diorite_pebble":115,"exdeorum:tin_ore_chunk":356,"exdeorum:andesite_pebble":147,"alltheores:iron_dust":212,"minecraft:blaze_powder":27,"minecraft:cobblestone":1686,"exdeorum:osmium_ore_chunk":175,"exdeorum:basalt_pebble":135,"minecraft:repeater":3,"alltheores:gold_dust":19,"minecraft:leather":11,"enderio:grains_of_infinity":47,"forcecraft:force_gem":26,"minecraft:flint":977,"minecraft:oak_log":174,"minecraft:gunpowder":61,"minecraft:lapis_lazuli":261,"minecraft:wooden_hoe":1,"exdeorum:nickel_ore_chunk":251,"minecraft:dirt":4,"mekanism:salt":60,"ae2:sky_dust":39,"minecraft:apple":4,"minecraft:wheat_seeds":646,"minecraft:raw_gold":61,"exdeorum:oak_sieve":39,"exdeorum:stone_pebble":802,"minecraft:iron_ingot":22,"everlastingabilities:ability_totem":1,"minecraft:glowstone_dust":51,"minecraft:oak_planks":57,"minecraft:soul_sand":35,"dankstorage:dank_1":1,"minecraft:oak_slab":3,"exdeorum:deepslate_pebble":146,"exdeorum:lead_ore_chunk":239,"patchouli:guide_book":1,"minecraft:gravel":5880,"integrateddynamics:squeezer":3,"minecraft:amethyst_shard":129,"minecraft:white_bed":4,"exdeorum:silver_ore_chunk":317,"exdeorum:aluminum_ore_chunk":288,"minecraft:diamond":57,"constructionwand:stone_wand":1,"minecraft:bone_meal":58,"exdeorum:copper_ore_chunk":402,"minecraft:emerald":35,"minecraft:oak_sapling":55,"minecraft:coal":844,"minecraft:oak_leaves":51,"alltheores:copper_ore_hammer":1},"minecraft:crafted":{"minecraft:oak_planks":107,"minecraft:cobblestone_slab":139,"minecraft:cobbled_deepslate":35,"alltheores:copper_dust":159,"alltheores:iron_ore_hammer":2,"minecraft:lightning_rod":1,"alltheores:gold_dust":32,"minecraft:piston":1,"croptopia:toast":0,"exdeorum:diamond_mesh":13,"allthecompressed:cobblestone_1x":505,"minecraft:granite":36,"minecraft:basalt":33,"minecraft:repeater":2,"minecraft:iron_axe":1,"exdeorum:string_mesh":13,"minecraft:stone_pickaxe":1,"minecraft:chest":22,"minecraft:copper_block":2,"minecraft:stone_hoe":1,"exdeorum:stone_hammer":4,"exdeorum:iron_mesh":13,"exdeorum:golden_mesh":13,"minecraft:oak_slab":50,"exdeorum:oak_barrel":1,"minecraft:diamond_axe":1,"minecraft:crafting_table":1,"minecraft:gold_ore":30,"pickletweaks:flint_shears":1,"minecraft:gravel":2,"functionalstorage:oak_4":10,"minecraft:iron_sword":1,"minecraft:copper_ingot":0,"minecraft:copper_ore":51,"minecraft:bucket":2,"minecraft:air":3263,"minecraft:diorite":28,"minecraft:bread":123,"exdeorum:crook":4,"exdeorum:oak_crucible":1,"functionalstorage:copper_upgrade":1,"minecraft:diamond_pickaxe":1,"minecraft:cobblestone":199,"exdeorum:flint_mesh":13,"minecraft:stick":5,"minecraft:iron_pickaxe":1,"minecraft:iron_ingot":165,"minecraft:blackstone":33,"minecraft:iron_block":4,"minecraft:iron_ore":3,"minecraft:gold_ingot":13,"exdeorum:oak_sieve":4,"alltheores:iron_dust":33,"minecraft:redstone_torch":5,"minecraft:andesite":35,"minecraft:soul_sand":9},"minecraft:broken":{"exdeorum:crook":2},"minecraft:dropped":{"minecraft:iron_ingot":50,"minecraft:soul_sand":3,"minecraft:wheat_seeds":2,"minecraft:oak_log":19,"exdeorum:zinc_ore_chunk":1,"minecraft:lead":2,"minecraft:cobblestone":4,"minecraft:leather":2,"constructionwand:stone_wand":1,"exdeorum:iron_ore_chunk":242,"minecraft:lava_bucket":1,"minecraft:ice":1,"exdeorum:dust":64,"minecraft:wooden_hoe":1,"minecraft:repeater":1,"croptopia:scrambled_eggs":1,"alltheores:copper_ore_hammer":2,"allthecompressed:sand_1x":1,"exdeorum:stone_pebble":2,"alltheores:iron_dust":150,"minecraft:redstone":2,"minecraft:gravel":512,"minecraft:oak_planks":64,"minecraft:cobblestone_slab":506,"minecraft:redstone_torch":1,"exdeorum:blackstone_pebble":5},"minecraft:used":{"minecraft:redstone":13,"minecraft:chest":4,"minecraft:iron_sword":43,"exdeorum:crook":295,"allthecompressed:cobblestone_1x":287,"minecraft:stone_hoe":8,"minecraft:torch":5,"minecraft:dirt":1,"exdeorum:silk_worm":6,"integrateddynamics:squeezer":3,"minecraft:wooden_axe":165,"supplementaries:pedestal":1,"minecraft:iron_axe":7,"minecraft:copper_ore":51,"minecraft:barrel":1,"minecraft:repeater":2,"exdeorum:stone_hammer":345,"minecraft:oak_sapling":23,"tombstone:gift":2,"minecraft:cooked_beef":16,"exdeorum:oak_sieve":43,"minecraft:wheat_seeds":1,"minecraft:water_bucket":5,"minecraft:oak_planks":25,"minecraft:stone_pickaxe":40,"minecraft:cobblestone_slab":458,"minecraft:diamond_axe":20,"minecraft:gold_ore":28,"minecraft:crafting_table":2,"minecraft:oak_slab":248,"minecraft:white_bed":2,"minecraft:oak_log":3,"minecraft:lightning_rod":1,"minecraft:redstone_torch":3,"exdeorum:dust":441,"minecraft:piston":5,"exdeorum:oak_barrel":1,"minecraft:diamond_pickaxe":6,"minecraft:apple":1,"functionalstorage:oak_4":28,"minecraft:iron_pickaxe":84,"minecraft:gravel":5361,"croptopia:toast":3,"minecraft:wooden_sword":25,"exdeorum:oak_crucible":1,"minecraft:cobblestone":348,"minecraft:bucket":5,"minecraft:andesite":35},"minecraft:custom":{"minecraft:mob_kills":19,"minecraft:open_barrel":1,"minecraft:interact_with_crafting_table":91,"minecraft:damage_dealt_resisted":0,"minecraft:leave_game":3,"minecraft:time_since_death":283593,"minecraft:sprint_one_cm":232858,"minecraft:walk_one_cm":460227,"minecraft:drop":332,"minecraft:talked_to_villager":7,"minecraft:play_time":283593,"minecraft:sneak_time":24821,"minecraft:jump":1682,"minecraft:walk_on_water_one_cm":541,"minecraft:total_world_time":283593,"minecraft:interact_with_furnace":152,"tombstone:raider_killed":4,"minecraft:sleep_in_bed":8,"minecraft:time_since_rest":40829,"minecraft:damage_taken":1528,"tombstone:sneak_grave":5,"minecraft:damage_dealt":6319,"minecraft:fly_one_cm":198771,"minecraft:player_kills":3,"minecraft:open_chest":256,"minecraft:crouch_one_cm":71136,"tombstone:undead_killed":4,"tombstone:villager_killed":5,"minecraft:fall_one_cm":119962},"minecraft:mined":{"minecraft:white_bed":4,"minecraft:oak_sapling":1,"minecraft:grass_block":1,"integrateddynamics:squeezer":3,"minecraft:redstone_wire":11,"functionalstorage:oak_4":13,"minecraft:cobblestone_slab":39,"exdeorum:oak_sieve":30,"translocators:crafting_grid":7,"minecraft:oak_slab":9,"exdeorum:infested_leaves":168,"minecraft:crafting_table":1,"minecraft:torch":1,"minecraft:lightning_rod":1,"minecraft:copper_ore":51,"minecraft:cobblestone":348,"minecraft:oak_planks":24,"minecraft:repeater":2,"minecraft:redstone_torch":3,"minecraft:oak_log":121,"minecraft:gravel":56,"minecraft:gold_ore":28,"minecraft:piston":5,"minecraft:oak_leaves":182}},"DataVersion":3465}