{"stats":{"minecraft:broken":{"minecraft:stone_sword":1,"minecraft:stone_axe":1},"minecraft:crafted":{"minecraft:oak_planks":4,"minecraft:furnace":2,"regions_unexplored:larch_planks":540,"minecraft:bone_meal":3,"butchersdelight:rack":1,"regions_unexplored:larch_door":3,"butchersdelight:roaster":1,"minecraft:stone_pickaxe":1,"minecraft:chest":2,"minecraft:crafting_table":1,"minecraft:wooden_pickaxe":1,"minecraft:campfire":1,"minecraft:birch_planks":8,"minecraft:stone_axe":2,"minecraft:shield":2,"minecraft:stick":88,"minecraft:iron_pickaxe":1,"minecraft:stone_sword":1,"regions_unexplored:larch_slab":252,"minecraft:torch":52},"minecraft:killed":{"minecraft:spider":6,"minecraft:cod":13,"minecraft:skeleton":5,"minecraft:chicken":3,"minecraft:drowned":1,"graveyard:ghoul":1,"minecraft:salmon":10,"minecraft:creeper":5,"minecraft:squid":1,"minecraft:zombie":2,"minecraft:cow":1},"minecraft:custom":{"minecraft:mob_kills":46,"minecraft:interact_with_crafting_table":32,"minecraft:interact_with_campfire":7,"minecraft:leave_game":1,"minecraft:time_since_death":60959,"minecraft:climb_one_cm":70474,"minecraft:sprint_one_cm":158733,"minecraft:walk_one_cm":370421,"minecraft:damage_blocked_by_shield":110,"minecraft:drop":26,"minecraft:play_time":232709,"minecraft:deaths":14,"minecraft:sneak_time":20368,"minecraft:walk_under_water_one_cm":49836,"minecraft:jump":1657,"minecraft:walk_on_water_one_cm":26366,"minecraft:total_world_time":232709,"minecraft:interact_with_furnace":13,"minecraft:sleep_in_bed":2,"minecraft:time_since_rest":60982,"minecraft:damage_taken":5072,"minecraft:damage_dealt":4872,"minecraft:player_kills":3,"minecraft:swim_one_cm":103032,"minecraft:fly_one_cm":281412,"minecraft:open_chest":44,"minecraft:crouch_one_cm":47065,"minecraft:fall_one_cm":34769},"minecraft:killed_by":{"born_in_chaos_v1:bloody_gadfly":1,"minecraft:creeper":1,"minecraft:spider":3,"born_in_chaos_v1:glutton_fish":1,"undead_unleashed:shadewraith":3,"minecraft:skeleton":4,"minecraft:zombie":1},"minecraft:picked_up":{"minecraft:charcoal":2,"minecraft:crafting_table":3,"regions_unexplored:larch_planks":232,"minecraft:wooden_pickaxe":2,"minecraft:string":10,"minecraft:raw_copper":71,"minecraft:cooked_salmon":1,"butchersdelight:dead_cow":4,"graveyard:corruption":1,"regions_unexplored:larch_log":435,"minecraft:sugar_cane":7,"minecraft:egg":1,"minecraft:stick":80,"minecraft:raw_iron":12,"minecraft:torch":44,"minecraft:prismarine_crystals":2,"hexerei:sage_seed":1,"minecraft:stone_sword":1,"minecraft:arrow":3,"minecraft:rotten_flesh":12,"minecraft:cooked_cod":5,"minecraft:shears":2,"hexerei:herb_drying_rack":1,"butchersdelight:roaster":1,"minecraft:cod":10,"regions_unexplored:golden_larch_sapling":131,"minecraft:cobblestone":84,"minecraft:birch_log":2,"regions_unexplored:peat_dirt":14,"minecraft:cooked_beef":15,"minecraft:salmon":11,"minecraft:black_bed":1,"minecraft:flint":5,"minecraft:oak_log":1,"minecraft:gunpowder":6,"butchersdelight:rack":3,"minecraft:dirt":1,"butchersdelight:deadchiken":3,"minecraft:bone":15,"regions_unexplored:stripped_larch_log":1,"minecraft:wheat_seeds":2,"minecraft:stone_pickaxe":2,"minecraft:cobweb":6,"regions_unexplored:larch_sapling":2,"regions_unexplored:larch_shrub":1,"minecraft:bamboo":81,"minecraft:oak_slab":10,"regions_unexplored:larch_door":11,"minecraft:gravel":50,"regions_unexplored:larch_slab":55,"undead_unleashed:grave_metal_scrap":2,"minecraft:spider_eye":2,"quark:birch_ladder":1,"minecraft:stone_axe":2,"minecraft:granite":6,"minecraft:bone_meal":1,"undead_unleashed:grave_metal_axe":1,"minecraft:oak_sapling":7,"minecraft:coal":58},"minecraft:mined":{"regions_unexplored:golden_larch_leaves":10,"minecraft:oak_sapling":3,"butchersdelight:rack":3,"minecraft:sea_lantern":1,"regions_unexplored:larch_planks":135,"minecraft:granite":6,"minecraft:tall_seagrass":1,"regions_unexplored:larch_door":12,"butchersdelight:roaster":1,"minecraft:iron_ore":12,"regions_unexplored:larch_slab":45,"treechop:chopped_log":9,"regions_unexplored:medium_grass":3,"minecraft:bamboo":18,"regions_unexplored:larch_log":4,"minecraft:stone":55,"minecraft:crafting_table":4,"minecraft:torch":19,"regions_unexplored:peat_grass_block":2,"minecraft:campfire":1,"minecraft:copper_ore":21,"minecraft:cobblestone":4,"minecraft:wall_torch":11,"butchersdelight:deadcowblock":1,"realmrpg_skeletons:webbed_skeleton":1,"regions_unexplored:golden_larch_sapling":1,"minecraft:birch_leaves":1,"minecraft:black_bed":1,"minecraft:grass":2,"quark:birch_ladder":1,"minecraft:oak_log":1,"minecraft:coal_ore":55,"regions_unexplored:peat_dirt":4,"minecraft:gravel":35,"minecraft:dirt":1,"minecraft:cobweb":3,"minecraft:oak_leaves":23,"regions_unexplored:larch_shrub":1},"minecraft:used":{"minecraft:stone_sword":103,"minecraft:chest":2,"minecraft:shield":3,"minecraft:cooked_salmon":9,"minecraft:torch":96,"undead_unleashed:grave_metal_axe":255,"minecraft:granite":3,"quark:birch_ladder":1,"regions_unexplored:golden_larch_sapling":7,"minecraft:bamboo":6,"regions_unexplored:larch_planks":489,"minecraft:furnace":2,"minecraft:cooked_cod":3,"minecraft:cooked_beef":9,"hexerei:herb_drying_rack":1,"minecraft:birch_planks":6,"minecraft:stone_pickaxe":82,"minecraft:oak_planks":1,"regions_unexplored:peat_dirt":2,"minecraft:wooden_pickaxe":25,"minecraft:sugar_cane":4,"minecraft:crafting_table":4,"minecraft:campfire":1,"minecraft:black_bed":2,"minecraft:shears":1,"regions_unexplored:larch_slab":304,"minecraft:iron_pickaxe":61,"butchersdelight:roaster":1,"minecraft:gravel":24,"minecraft:stone_axe":142,"regions_unexplored:larch_door":13,"minecraft:cobblestone":22,"butchersdelight:rack":4,"minecraft:bone_meal":3},"minecraft:dropped":{"minecraft:oak_slab":10,"minecraft:cooked_beef":6,"regions_unexplored:larch_planks":47,"undead_unleashed:grave_metal_scrap":1,"minecraft:torch":1,"minecraft:cooked_salmon":2,"regions_unexplored:golden_larch_sapling":16,"minecraft:gravel":25,"minecraft:stone_axe":2,"minecraft:stone_sword":2,"butchersdelight:roaster":1,"minecraft:shears":1,"minecraft:shield":1,"minecraft:stone_pickaxe":2,"minecraft:campfire":2}},"DataVersion":3120}