{"stats":{"minecraft:broken":{"minecraft:stone_axe":1},"minecraft:crafted":{"minecraft:oak_planks":4,"minecraft:crafting_table":1,"minecraft:wooden_pickaxe":1,"minecraft:furnace":2,"regions_unexplored:larch_planks":364,"minecraft:bone_meal":3,"minecraft:campfire":1,"minecraft:stone_axe":2,"butchersdelight:rack":1,"regions_unexplored:larch_door":3,"minecraft:shield":2,"butchersdelight:roaster":1,"minecraft:stick":76,"minecraft:iron_pickaxe":1,"minecraft:stone_pickaxe":1,"minecraft:stone_sword":1,"minecraft:chest":2,"minecraft:torch":16},"minecraft:killed":{"minecraft:salmon":9,"minecraft:spider":5,"minecraft:cod":4,"minecraft:creeper":2,"minecraft:squid":1,"minecraft:skeleton":5,"minecraft:zombie":2,"minecraft:cow":1},"minecraft:custom":{"minecraft:interact_with_furnace":7,"minecraft:mob_kills":27,"minecraft:interact_with_crafting_table":25,"minecraft:leave_game":1,"minecraft:time_since_death":24338,"minecraft:sleep_in_bed":2,"minecraft:climb_one_cm":32407,"minecraft:time_since_rest":24739,"minecraft:sprint_one_cm":81486,"minecraft:damage_taken":3463,"minecraft:walk_one_cm":220856,"minecraft:drop":22,"minecraft:damage_dealt":3389,"minecraft:swim_one_cm":72736,"minecraft:fly_one_cm":137152,"minecraft:player_kills":3,"minecraft:open_chest":25,"minecraft:crouch_one_cm":31235,"minecraft:play_time":130709,"minecraft:deaths":10,"minecraft:sneak_time":12135,"minecraft:walk_under_water_one_cm":28857,"minecraft:jump":945,"minecraft:walk_on_water_one_cm":10620,"minecraft:total_world_time":130709,"minecraft:fall_one_cm":19441},"minecraft:killed_by":{"minecraft:skeleton":2,"minecraft:spider":3,"born_in_chaos_v1:glutton_fish":1,"minecraft:zombie":1,"undead_unleashed:shadewraith":3},"minecraft:picked_up":{"minecraft:charcoal":2,"regions_unexplored:peat_dirt":12,"minecraft:crafting_table":3,"minecraft:cooked_beef":15,"regions_unexplored:larch_planks":196,"minecraft:salmon":10,"minecraft:black_bed":1,"minecraft:wooden_pickaxe":2,"minecraft:flint":5,"minecraft:oak_log":1,"minecraft:gunpowder":1,"butchersdelight:rack":3,"minecraft:dirt":1,"minecraft:string":8,"minecraft:raw_copper":71,"minecraft:bone":13,"butchersdelight:dead_cow":4,"minecraft:wheat_seeds":2,"minecraft:cobweb":6,"regions_unexplored:larch_sapling":2,"minecraft:stone_pickaxe":2,"regions_unexplored:larch_log":185,"regions_unexplored:larch_shrub":1,"minecraft:bamboo":21,"minecraft:raw_iron":12,"minecraft:stick":44,"minecraft:torch":35,"regions_unexplored:larch_door":9,"minecraft:gravel":50,"undead_unleashed:grave_metal_scrap":2,"minecraft:spider_eye":2,"hexerei:sage_seed":1,"minecraft:stone_sword":1,"minecraft:arrow":3,"minecraft:rotten_flesh":6,"minecraft:stone_axe":2,"minecraft:shears":2,"minecraft:granite":6,"minecraft:bone_meal":1,"undead_unleashed:grave_metal_axe":1,"minecraft:oak_sapling":7,"butchersdelight:roaster":1,"minecraft:cod":4,"minecraft:coal":32,"minecraft:cobblestone":50,"regions_unexplored:golden_larch_sapling":87},"minecraft:mined":{"minecraft:oak_sapling":3,"butchersdelight:rack":3,"minecraft:crafting_table":4,"regions_unexplored:larch_planks":71,"minecraft:torch":16,"minecraft:granite":6,"minecraft:campfire":1,"minecraft:cobblestone":1,"minecraft:copper_ore":21,"minecraft:wall_torch":10,"regions_unexplored:larch_door":10,"butchersdelight:roaster":1,"butchersdelight:deadcowblock":1,"realmrpg_skeletons:webbed_skeleton":1,"minecraft:iron_ore":12,"treechop:chopped_log":3,"minecraft:black_bed":1,"minecraft:grass":2,"minecraft:coal_ore":29,"minecraft:oak_log":1,"regions_unexplored:peat_dirt":4,"minecraft:gravel":35,"minecraft:dirt":1,"minecraft:cobweb":3,"regions_unexplored:medium_grass":2,"minecraft:bamboo":4,"regions_unexplored:larch_log":4,"minecraft:stone":24,"minecraft:oak_leaves":21,"regions_unexplored:larch_shrub":1},"minecraft:used":{"minecraft:stone_sword":75,"minecraft:oak_planks":1,"minecraft:stone_pickaxe":82,"regions_unexplored:peat_dirt":1,"minecraft:chest":2,"minecraft:wooden_pickaxe":25,"minecraft:torch":57,"undead_unleashed:grave_metal_axe":21,"minecraft:crafting_table":4,"minecraft:campfire":1,"minecraft:black_bed":2,"minecraft:granite":3,"minecraft:shears":1,"regions_unexplored:golden_larch_sapling":3,"butchersdelight:roaster":1,"minecraft:gravel":24,"minecraft:bamboo":6,"minecraft:stone_axe":142,"regions_unexplored:larch_door":11,"minecraft:cobblestone":21,"regions_unexplored:larch_planks":460,"minecraft:furnace":2,"minecraft:cooked_beef":9,"butchersdelight:rack":4,"minecraft:bone_meal":3},"minecraft:dropped":{"minecraft:gravel":25,"minecraft:stone_axe":2,"minecraft:cooked_beef":6,"minecraft:stone_sword":2,"butchersdelight:roaster":1,"regions_unexplored:larch_planks":47,"undead_unleashed:grave_metal_scrap":1,"minecraft:shears":1,"minecraft:shield":1,"minecraft:torch":1,"regions_unexplored:golden_larch_sapling":16,"minecraft:campfire":2,"minecraft:stone_pickaxe":2}},"DataVersion":3120}