{"stats":{"minecraft:custom":{"minecraft:time_since_rest":53609,"minecraft:sprint_one_cm":24445,"minecraft:damage_taken":204,"minecraft:walk_one_cm":67171,"minecraft:drop":2,"minecraft:damage_dealt":376,"minecraft:talked_to_villager":3,"minecraft:player_kills":1,"minecraft:interact_with_crafting_table":16,"minecraft:fly_one_cm":24971,"minecraft:open_chest":43,"minecraft:crouch_one_cm":32867,"minecraft:play_time":53609,"minecraft:sneak_time":13499,"minecraft:jump":173,"minecraft:time_since_death":53609,"minecraft:total_world_time":53609,"minecraft:interact_with_furnace":1,"minecraft:fall_one_cm":40526},"minecraft:broken":{"exdeorum:crook":1},"minecraft:crafted":{"minecraft:granite":36,"minecraft:basalt":33,"minecraft:oak_slab":50,"minecraft:oak_planks":59,"minecraft:cobblestone_slab":22,"exdeorum:oak_barrel":1,"minecraft:cobblestone":193,"exdeorum:string_mesh":3,"minecraft:crafting_table":1,"pickletweaks:flint_shears":1,"minecraft:stone_pickaxe":1,"minecraft:cobbled_deepslate":35,"minecraft:blackstone":33,"minecraft:chest":2,"minecraft:andesite":35,"exdeorum:oak_crucible":1,"minecraft:diorite":28,"minecraft:air":1070,"exdeorum:crook":2},"minecraft:used":{"minecraft:oak_log":3,"minecraft:wooden_axe":81,"minecraft:stone_pickaxe":37,"minecraft:chest":2,"minecraft:gravel":42,"exdeorum:crook":181,"minecraft:cobblestone_slab":135,"minecraft:torch":1,"exdeorum:oak_crucible":1,"minecraft:dirt":1,"minecraft:oak_slab":148,"minecraft:crafting_table":2,"minecraft:oak_sapling":15,"exdeorum:silk_worm":2,"minecraft:cooked_beef":3,"exdeorum:oak_sieve":3,"exdeorum:oak_barrel":1},"minecraft:dropped":{"minecraft:oak_log":19,"exdeorum:blackstone_pebble":5},"minecraft:mined":{"minecraft:oak_slab":7,"minecraft:oak_sapling":1,"exdeorum:infested_leaves":53,"minecraft:crafting_table":1,"minecraft:torch":1,"minecraft:oak_log":69,"minecraft:cobblestone_slab":37,"minecraft:gravel":42,"translocators:crafting_grid":7,"minecraft:oak_leaves":182},"minecraft:picked_up":{"minecraft:wooden_axe":1,"minecraft:crafting_table":1,"minecraft:stick":28,"exdeorum:deepslate_pebble":140,"exdeorum:basalt_pebble":133,"minecraft:lead":2,"minecraft:torch":1,"minecraft:gravel":40,"minecraft:flint":2,"minecraft:oak_log":112,"minecraft:string":30,"minecraft:dirt":3,"minecraft:wooden_hoe":1,"exdeorum:blackstone_pebble":139,"exdeorum:granite_pebble":147,"exdeorum:silk_worm":3,"minecraft:apple":2,"exdeorum:diorite_pebble":113,"exdeorum:oak_sieve":9,"exdeorum:stone_pebble":775,"minecraft:cobblestone_slab":14,"exdeorum:andesite_pebble":140,"minecraft:oak_sapling":37,"minecraft:oak_leaves":51,"minecraft:oak_slab":1}},"DataVersion":3465}