{"stats":{"minecraft:broken":{"minecraft:stone_axe":1},"minecraft:crafted":{"minecraft:oak_planks":4,"minecraft:furnace":2,"regions_unexplored:larch_planks":540,"minecraft:bone_meal":3,"butchersdelight:rack":1,"regions_unexplored:larch_door":3,"butchersdelight:roaster":1,"minecraft:stone_pickaxe":1,"minecraft:chest":2,"minecraft:crafting_table":1,"minecraft:wooden_pickaxe":1,"minecraft:campfire":1,"minecraft:birch_planks":8,"minecraft:stone_axe":2,"minecraft:shield":2,"minecraft:stick":88,"minecraft:iron_pickaxe":1,"minecraft:stone_sword":1,"regions_unexplored:larch_slab":126,"minecraft:torch":52},"minecraft:killed":{"minecraft:spider":5,"minecraft:cod":4,"minecraft:skeleton":5,"minecraft:salmon":9,"minecraft:creeper":2,"minecraft:squid":1,"minecraft:zombie":2,"minecraft:cow":1},"minecraft:custom":{"minecraft:mob_kills":27,"minecraft:interact_with_crafting_table":29,"minecraft:leave_game":1,"minecraft:time_since_death":12959,"minecraft:climb_one_cm":50964,"minecraft:sprint_one_cm":112499,"minecraft:walk_one_cm":274467,"minecraft:damage_blocked_by_shield":110,"minecraft:drop":26,"minecraft:play_time":184709,"minecraft:deaths":14,"minecraft:sneak_time":13123,"minecraft:walk_under_water_one_cm":31576,"minecraft:jump":1168,"minecraft:walk_on_water_one_cm":13877,"minecraft:total_world_time":184709,"minecraft:interact_with_furnace":13,"minecraft:sleep_in_bed":2,"minecraft:time_since_rest":12982,"minecraft:damage_taken":4701,"minecraft:damage_dealt":3560,"minecraft:player_kills":3,"minecraft:swim_one_cm":87236,"minecraft:fly_one_cm":187507,"minecraft:open_chest":37,"minecraft:crouch_one_cm":32079,"minecraft:fall_one_cm":23528},"minecraft:killed_by":{"born_in_chaos_v1:bloody_gadfly":1,"minecraft:creeper":1,"minecraft:spider":3,"born_in_chaos_v1:glutton_fish":1,"undead_unleashed:shadewraith":3,"minecraft:skeleton":4,"minecraft:zombie":1},"minecraft:picked_up":{"minecraft:charcoal":2,"minecraft:crafting_table":3,"regions_unexplored:larch_planks":196,"minecraft:wooden_pickaxe":2,"minecraft:string":8,"minecraft:raw_copper":71,"butchersdelight:dead_cow":4,"regions_unexplored:larch_log":296,"minecraft:sugar_cane":7,"minecraft:stick":60,"minecraft:raw_iron":12,"minecraft:torch":35,"minecraft:prismarine_crystals":2,"hexerei:sage_seed":1,"minecraft:stone_sword":1,"minecraft:arrow":3,"minecraft:rotten_flesh":12,"minecraft:shears":2,"hexerei:herb_drying_rack":1,"butchersdelight:roaster":1,"minecraft:cod":4,"regions_unexplored:golden_larch_sapling":106,"minecraft:cobblestone":51,"minecraft:birch_log":2,"regions_unexplored:peat_dirt":13,"minecraft:cooked_beef":15,"minecraft:salmon":10,"minecraft:black_bed":1,"minecraft:flint":5,"minecraft:oak_log":1,"minecraft:gunpowder":1,"butchersdelight:rack":3,"minecraft:dirt":1,"minecraft:bone":15,"regions_unexplored:stripped_larch_log":1,"minecraft:wheat_seeds":2,"minecraft:stone_pickaxe":2,"minecraft:cobweb":6,"regions_unexplored:larch_sapling":2,"regions_unexplored:larch_shrub":1,"minecraft:bamboo":43,"minecraft:oak_slab":10,"regions_unexplored:larch_door":9,"minecraft:gravel":50,"undead_unleashed:grave_metal_scrap":2,"minecraft:spider_eye":2,"minecraft:stone_axe":2,"minecraft:granite":6,"minecraft:bone_meal":1,"undead_unleashed:grave_metal_axe":1,"minecraft:oak_sapling":7,"minecraft:coal":49},"minecraft:mined":{"minecraft:oak_sapling":3,"butchersdelight:rack":3,"minecraft:sea_lantern":1,"regions_unexplored:larch_planks":71,"minecraft:granite":6,"regions_unexplored:larch_door":10,"butchersdelight:roaster":1,"minecraft:iron_ore":12,"treechop:chopped_log":6,"regions_unexplored:medium_grass":2,"minecraft:bamboo":12,"regions_unexplored:larch_log":4,"minecraft:stone":25,"minecraft:crafting_table":4,"minecraft:torch":16,"regions_unexplored:peat_grass_block":1,"minecraft:campfire":1,"minecraft:copper_ore":21,"minecraft:cobblestone":1,"minecraft:wall_torch":10,"butchersdelight:deadcowblock":1,"realmrpg_skeletons:webbed_skeleton":1,"regions_unexplored:golden_larch_sapling":1,"minecraft:birch_leaves":1,"minecraft:black_bed":1,"minecraft:grass":2,"minecraft:oak_log":1,"minecraft:coal_ore":46,"regions_unexplored:peat_dirt":4,"minecraft:gravel":35,"minecraft:dirt":1,"minecraft:cobweb":3,"minecraft:oak_leaves":23,"regions_unexplored:larch_shrub":1},"minecraft:used":{"minecraft:stone_sword":89,"minecraft:chest":2,"minecraft:shield":3,"minecraft:cooked_salmon":5,"minecraft:torch":70,"undead_unleashed:grave_metal_axe":66,"minecraft:granite":3,"regions_unexplored:golden_larch_sapling":7,"minecraft:bamboo":6,"regions_unexplored:larch_planks":466,"minecraft:furnace":2,"minecraft:cooked_beef":9,"hexerei:herb_drying_rack":1,"minecraft:birch_planks":5,"minecraft:stone_pickaxe":82,"minecraft:oak_planks":1,"regions_unexplored:peat_dirt":1,"minecraft:wooden_pickaxe":25,"minecraft:sugar_cane":4,"minecraft:crafting_table":4,"minecraft:campfire":1,"minecraft:black_bed":2,"minecraft:shears":1,"regions_unexplored:larch_slab":5,"minecraft:iron_pickaxe":19,"butchersdelight:roaster":1,"minecraft:gravel":24,"minecraft:stone_axe":142,"regions_unexplored:larch_door":11,"minecraft:cobblestone":22,"butchersdelight:rack":4,"minecraft:bone_meal":3},"minecraft:dropped":{"minecraft:oak_slab":10,"minecraft:cooked_beef":6,"regions_unexplored:larch_planks":47,"undead_unleashed:grave_metal_scrap":1,"minecraft:torch":1,"minecraft:cooked_salmon":2,"regions_unexplored:golden_larch_sapling":16,"minecraft:gravel":25,"minecraft:stone_axe":2,"minecraft:stone_sword":2,"butchersdelight:roaster":1,"minecraft:shears":1,"minecraft:shield":1,"minecraft:stone_pickaxe":2,"minecraft:campfire":2}},"DataVersion":3120}