{"stats":{"minecraft:crafted":{"minecraft:oak_planks":4,"minecraft:crafting_table":1,"minecraft:wooden_pickaxe":1,"regions_unexplored:larch_planks":64,"minecraft:campfire":1,"minecraft:stone_axe":1,"butchersdelight:rack":1,"regions_unexplored:larch_door":3,"butchersdelight:roaster":1,"minecraft:stick":12,"minecraft:stone_pickaxe":1,"minecraft:stone_sword":1},"minecraft:killed":{"minecraft:spider":5,"minecraft:skeleton":1,"minecraft:cow":1},"minecraft:custom":{"minecraft:mob_kills":6,"minecraft:interact_with_crafting_table":13,"minecraft:leave_game":1,"minecraft:time_since_death":55583,"minecraft:climb_one_cm":6660,"minecraft:time_since_rest":55613,"minecraft:sprint_one_cm":32283,"minecraft:damage_taken":740,"minecraft:walk_one_cm":105392,"minecraft:drop":10,"minecraft:damage_dealt":1491,"minecraft:swim_one_cm":2767,"minecraft:fly_one_cm":52544,"minecraft:player_kills":2,"minecraft:crouch_one_cm":20562,"minecraft:play_time":70709,"minecraft:deaths":2,"minecraft:sneak_time":6939,"minecraft:walk_under_water_one_cm":158,"minecraft:jump":384,"minecraft:walk_on_water_one_cm":389,"minecraft:total_world_time":70709,"minecraft:fall_one_cm":7270},"minecraft:killed_by":{"minecraft:skeleton":1,"minecraft:spider":1},"minecraft:picked_up":{"minecraft:charcoal":2,"regions_unexplored:peat_dirt":3,"minecraft:crafting_table":3,"minecraft:cooked_beef":13,"regions_unexplored:larch_planks":192,"minecraft:black_bed":1,"minecraft:wooden_pickaxe":1,"minecraft:flint":5,"minecraft:oak_log":1,"butchersdelight:rack":3,"minecraft:string":5,"minecraft:bone":3,"butchersdelight:dead_cow":4,"minecraft:wheat_seeds":2,"minecraft:stone_pickaxe":1,"regions_unexplored:larch_log":72,"regions_unexplored:larch_shrub":1,"minecraft:stick":10,"minecraft:torch":24,"minecraft:gravel":49,"minecraft:spider_eye":2,"minecraft:stone_sword":1,"minecraft:stone_axe":1,"minecraft:granite":1,"butchersdelight:roaster":1,"minecraft:coal":5,"minecraft:cobblestone":11,"regions_unexplored:golden_larch_sapling":21},"minecraft:mined":{"butchersdelight:rack":3,"minecraft:crafting_table":4,"regions_unexplored:larch_planks":67,"minecraft:torch":13,"minecraft:granite":1,"minecraft:campfire":1,"minecraft:wall_torch":1,"butchersdelight:roaster":1,"butchersdelight:deadcowblock":1,"treechop:chopped_log":1,"minecraft:black_bed":1,"minecraft:grass":2,"minecraft:oak_log":1,"regions_unexplored:peat_dirt":4,"minecraft:gravel":35,"minecraft:cobweb":3,"regions_unexplored:medium_grass":2,"regions_unexplored:larch_log":4,"minecraft:stone":11,"minecraft:oak_leaves":3,"regions_unexplored:larch_shrub":1},"minecraft:used":{"minecraft:stone_sword":17,"minecraft:stone_pickaxe":1,"regions_unexplored:peat_dirt":1,"minecraft:wooden_pickaxe":23,"minecraft:torch":20,"minecraft:crafting_table":2,"minecraft:campfire":1,"minecraft:black_bed":1,"minecraft:shears":1,"butchersdelight:roaster":1,"minecraft:gravel":24,"minecraft:stone_axe":107,"regions_unexplored:larch_planks":157,"minecraft:cooked_beef":3,"butchersdelight:rack":3},"minecraft:dropped":{"minecraft:gravel":25,"minecraft:stone_axe":1,"minecraft:cooked_beef":4,"minecraft:stone_sword":1,"regions_unexplored:larch_planks":47,"minecraft:torch":1,"minecraft:stone_pickaxe":1}},"DataVersion":3120}