{"stats":{"minecraft:custom":{"minecraft:interact_with_furnace":4,"minecraft:mob_kills":5,"tombstone:raider_killed":2,"minecraft:interact_with_crafting_table":40,"minecraft:damage_dealt_resisted":0,"minecraft:time_since_death":125609,"minecraft:time_since_rest":125609,"minecraft:sprint_one_cm":103008,"minecraft:damage_taken":904,"minecraft:walk_one_cm":216115,"minecraft:drop":18,"minecraft:damage_dealt":2229,"minecraft:talked_to_villager":5,"minecraft:fly_one_cm":95226,"minecraft:player_kills":1,"minecraft:open_chest":113,"minecraft:crouch_one_cm":62210,"tombstone:undead_killed":2,"minecraft:play_time":125609,"minecraft:sneak_time":20187,"tombstone:villager_killed":1,"minecraft:jump":775,"minecraft:walk_on_water_one_cm":324,"minecraft:total_world_time":125609,"minecraft:fall_one_cm":95770},"minecraft:broken":{"exdeorum:crook":2},"minecraft:crafted":{"minecraft:oak_slab":50,"minecraft:oak_planks":107,"minecraft:cobblestone_slab":139,"exdeorum:oak_barrel":1,"minecraft:crafting_table":1,"minecraft:gravel":2,"minecraft:cobbled_deepslate":35,"pickletweaks:flint_shears":1,"functionalstorage:oak_4":10,"minecraft:bucket":1,"minecraft:diorite":28,"minecraft:air":2019,"exdeorum:crook":3,"exdeorum:oak_crucible":1,"minecraft:granite":36,"minecraft:basalt":33,"minecraft:cobblestone":193,"exdeorum:string_mesh":13,"minecraft:iron_ingot":3,"minecraft:blackstone":33,"minecraft:stone_pickaxe":1,"minecraft:chest":18,"minecraft:iron_ore":3,"exdeorum:oak_sieve":4,"minecraft:andesite":35},"minecraft:used":{"exdeorum:oak_sieve":16,"minecraft:water_bucket":4,"minecraft:stone_pickaxe":40,"minecraft:chest":2,"exdeorum:crook":295,"minecraft:cobblestone_slab":458,"minecraft:torch":5,"minecraft:dirt":1,"minecraft:oak_slab":248,"minecraft:crafting_table":2,"exdeorum:silk_worm":6,"minecraft:oak_log":3,"exdeorum:oak_barrel":1,"minecraft:wooden_axe":164,"functionalstorage:oak_4":27,"minecraft:gravel":3448,"minecraft:wooden_sword":15,"exdeorum:oak_crucible":1,"minecraft:cobblestone":1,"minecraft:oak_sapling":23,"minecraft:bucket":4,"minecraft:andesite":35,"minecraft:cooked_beef":9},"minecraft:killed":{"minecraft:wandering_trader":1,"minecraft:phantom":2,"minecraft:trader_llama":2},"minecraft:dropped":{"minecraft:gravel":64,"minecraft:oak_log":19,"exdeorum:zinc_ore_chunk":1,"minecraft:lead":2,"minecraft:leather":2,"minecraft:lava_bucket":1,"minecraft:cobblestone_slab":506,"minecraft:ice":1,"exdeorum:blackstone_pebble":5,"allthecompressed:sand_1x":1},"minecraft:mined":{"minecraft:oak_slab":9,"minecraft:oak_sapling":1,"exdeorum:infested_leaves":168,"minecraft:crafting_table":1,"minecraft:torch":1,"minecraft:cobblestone":1,"functionalstorage:oak_4":11,"minecraft:oak_log":121,"minecraft:cobblestone_slab":39,"minecraft:gravel":54,"exdeorum:oak_sieve":3,"translocators:crafting_grid":7,"minecraft:oak_leaves":182},"minecraft:picked_up":{"minecraft:wooden_axe":1,"exdeorum:osmium_ore_chunk":109,"minecraft:crafting_table":1,"exdeorum:basalt_pebble":133,"minecraft:leather":2,"minecraft:lead":4,"enderio:grains_of_infinity":3,"exdeorum:iron_ore_chunk":330,"minecraft:flint":680,"minecraft:oak_log":174,"minecraft:gunpowder":3,"minecraft:lapis_lazuli":111,"exdeorum:nickel_ore_chunk":127,"exdeorum:blackstone_pebble":139,"minecraft:wooden_hoe":1,"minecraft:dirt":3,"minecraft:string":86,"exdeorum:granite_pebble":147,"exdeorum:string_mesh":3,"ae2:sky_dust":4,"functionalstorage:oak_4":11,"minecraft:apple":4,"exdeorum:stone_pebble":775,"exdeorum:oak_sieve":12,"everlastingabilities:ability_totem":1,"exdeorum:zinc_ore_chunk":124,"minecraft:cobblestone_slab":373,"minecraft:glowstone_dust":1,"dankstorage:dank_1":1,"minecraft:oak_slab":3,"minecraft:stick":46,"exdeorum:deepslate_pebble":140,"exdeorum:lead_ore_chunk":141,"minecraft:torch":5,"minecraft:gravel":3805,"minecraft:amethyst_shard":28,"minecraft:redstone":3,"exdeorum:silver_ore_chunk":134,"exdeorum:silk_worm":9,"exdeorum:aluminum_ore_chunk":158,"ae2:certus_quartz_dust":3,"exdeorum:diorite_pebble":113,"exdeorum:tin_ore_chunk":223,"exdeorum:andesite_pebble":140,"exdeorum:copper_ore_chunk":260,"minecraft:oak_sapling":55,"minecraft:coal":359,"minecraft:oak_leaves":51,"minecraft:cobblestone":1,"exdeorum:gold_ore_chunk":101}},"DataVersion":3465}