{"stats":{"minecraft:custom":{"minecraft:time_since_rest":41609,"minecraft:sprint_one_cm":18340,"minecraft:damage_taken":190,"minecraft:walk_one_cm":31872,"minecraft:drop":1,"minecraft:damage_dealt":73,"minecraft:player_kills":1,"minecraft:interact_with_crafting_table":11,"minecraft:fly_one_cm":20866,"minecraft:open_chest":14,"minecraft:crouch_one_cm":32779,"minecraft:play_time":41609,"minecraft:sneak_time":13353,"minecraft:jump":111,"minecraft:time_since_death":41609,"minecraft:total_world_time":41609,"minecraft:fall_one_cm":39690},"minecraft:crafted":{"minecraft:granite":36,"minecraft:basalt":33,"minecraft:oak_slab":50,"minecraft:oak_planks":59,"minecraft:cobblestone_slab":22,"exdeorum:oak_barrel":1,"minecraft:cobblestone":193,"minecraft:crafting_table":1,"minecraft:stone_pickaxe":1,"minecraft:cobbled_deepslate":35,"minecraft:blackstone":33,"minecraft:chest":2,"minecraft:andesite":35,"minecraft:diorite":28,"minecraft:air":1064},"minecraft:used":{"minecraft:oak_log":3,"minecraft:wooden_axe":56,"minecraft:stone_pickaxe":37,"minecraft:chest":2,"minecraft:cobblestone_slab":135,"minecraft:torch":1,"minecraft:dirt":1,"minecraft:oak_slab":148,"minecraft:crafting_table":2,"minecraft:oak_sapling":9,"minecraft:cooked_beef":2,"exdeorum:oak_barrel":1},"minecraft:dropped":{"exdeorum:blackstone_pebble":5},"minecraft:mined":{"minecraft:oak_slab":7,"minecraft:crafting_table":1,"minecraft:torch":1,"minecraft:oak_log":49,"minecraft:cobblestone_slab":37,"translocators:crafting_grid":7,"minecraft:oak_leaves":3},"minecraft:picked_up":{"minecraft:wooden_axe":1,"minecraft:crafting_table":1,"minecraft:stick":7,"exdeorum:deepslate_pebble":140,"exdeorum:basalt_pebble":133,"minecraft:torch":1,"minecraft:oak_log":62,"minecraft:dirt":1,"minecraft:wooden_hoe":1,"exdeorum:blackstone_pebble":139,"exdeorum:granite_pebble":147,"minecraft:apple":1,"exdeorum:diorite_pebble":113,"exdeorum:stone_pebble":775,"minecraft:cobblestone_slab":14,"exdeorum:andesite_pebble":140,"minecraft:oak_sapling":21,"minecraft:oak_slab":1}},"DataVersion":3465}