{"stats":{"minecraft:custom":{"minecraft:time_since_rest":17609,"minecraft:crouch_one_cm":4131,"minecraft:play_time":17609,"minecraft:sprint_one_cm":2781,"minecraft:walk_one_cm":3689,"minecraft:sneak_time":6538,"minecraft:jump":17,"minecraft:damage_dealt":10,"minecraft:time_since_death":17609,"minecraft:total_world_time":17609,"minecraft:fly_one_cm":2775},"minecraft:used":{"minecraft:oak_log":3,"minecraft:torch":1,"minecraft:dirt":1,"minecraft:oak_sapling":3},"minecraft:mined":{"minecraft:oak_log":13,"translocators:crafting_grid":7,"minecraft:oak_leaves":3,"minecraft:torch":1},"minecraft:picked_up":{"minecraft:wooden_axe":1,"exdeorum:granite_pebble":139,"exdeorum:deepslate_pebble":125,"exdeorum:basalt_pebble":127,"exdeorum:diorite_pebble":109,"minecraft:torch":1,"exdeorum:stone_pebble":725,"minecraft:oak_log":14,"exdeorum:andesite_pebble":134,"minecraft:oak_sapling":4,"exdeorum:blackstone_pebble":127,"minecraft:wooden_hoe":1,"minecraft:dirt":1}},"DataVersion":3465}