{
  "minecraft:recipes/decorations/crafting_table": {
    "criteria": {
      "unlock_right_away": "2024-08-15 00:19:12 +0000"
    },
    "done": true
  },
  "mcwfences:recipes/jungle": {
    "criteria": {
      "has_jungle": "2024-08-15 00:19:12 +0000"
    },
    "done": true
  },
  "mekanism:root": {
    "criteria": {
      "automatic": "2024-08-15 00:19:12 +0000"
    },
    "done": true
  },
  "mcwfences:recipes/warped": {
    "criteria": {
      "has_warped": "2024-08-15 00:19:12 +0000"
    },
    "done": true
  },
  "ae2wtlib:recipes/wireless_universal_terminal/upgrade_crafting": {
    "criteria": {
      "has_wct": "2024-08-15 00:19:12 +0000"
    },
    "done": true
  },
  "mcwfences:recipes/birch": {
    "criteria": {
      "has_birch": "2024-08-15 00:19:12 +0000"
    },
    "done": true
  },
  "mcwfences:recipes/stone": {
    "criteria": {
      "has_stone": "2024-08-15 00:19:12 +0000"
    },
    "done": true
  },
  "ae2wtlib:recipes/wireless_pattern_encoding_terminal": {
    "criteria": {
      "has_wt": "2024-08-15 00:19:12 +0000"
    },
    "done": true
  },
  "mcwfences:recipes/hedge": {
    "criteria": {
      "has_birch": "2024-08-15 00:19:12 +0000"
    },
    "done": true
  },
  "ironfurnaces:coal": {
    "criteria": {
      "rainbowcoal": "2024-08-15 00:19:12 +0000"
    },
    "done": true
  },
  "mcwfences:recipes/prismarine": {
    "criteria": {
      "has_qq": "2024-08-15 00:19:12 +0000"
    },
    "done": true
  },
  "mcwfences:recipes/mangrove": {
    "criteria": {
      "has_mangrove": "2024-08-15 00:19:12 +0000"
    },
    "done": true
  },
  "ae2wtlib:recipes/wireless_universal_terminal/upgrade_pattern_encoding": {
    "criteria": {
      "has_wpt": "2024-08-15 00:19:12 +0000"
    },
    "done": true
  },
  "alchemistry:recipes/dissolver/crafting_table": {
    "criteria": {
      "has_the_recipe": "2024-08-15 00:19:12 +0000"
    },
    "done": true
  },
  "forbidden_arcanus:recipes/decorations/deorum_lantern": {
    "criteria": {
      "has_torch": "2024-08-15 00:19:12 +0000"
    },
    "done": true
  },
  "mcwfences:recipes/deepslate": {
    "criteria": {
      "has_deepslate": "2024-08-15 00:19:12 +0000"
    },
    "done": true
  },
  "translocators:recipes/redstone/item_translocator": {
    "criteria": {
      "has_piston": "2024-08-15 00:19:12 +0000"
    },
    "done": true
  },
  "farmersdelight:main/root": {
    "criteria": {
      "seeds": "2024-08-15 00:19:12 +0000"
    },
    "done": true
  },
  "mcwfences:recipes/dark_oak": {
    "criteria": {
      "has_dark_oak": "2024-08-15 00:19:12 +0000"
    },
    "done": true
  },
  "mcwfences:recipes/crimson": {
    "criteria": {
      "has_crimson": "2024-08-15 00:19:12 +0000"
    },
    "done": true
  },
  "create:root": {
    "criteria": {
      "0": "2024-08-15 00:19:12 +0000"
    },
    "done": true
  },
  "ae2wtlib:recipes/wireless_universal_terminal/upgrade_pattern_access": {
    "criteria": {
      "has_wit": "2024-08-15 00:19:12 +0000"
    },
    "done": true
  },
  "ae2wtlib:recipes/wireless_pattern_access_terminal": {
    "criteria": {
      "has_wt": "2024-08-15 00:19:12 +0000"
    },
    "done": true
  },
  "mcwbridges:recipes/bridge_torch": {
    "criteria": {
      "has_planks": "2024-08-15 00:19:12 +0000"
    },
    "done": true
  },
  "mcwfences:recipes/sandstone": {
    "criteria": {
      "has_sand": "2024-08-15 00:19:12 +0000"
    },
    "done": true
  },
  "mcwfences:recipes/acacia": {
    "criteria": {
      "has_acacia": "2024-08-15 00:19:12 +0000"
    },
    "done": true
  },
  "mcwfences:recipes/oak": {
    "criteria": {
      "has_oak": "2024-08-15 00:19:12 +0000"
    },
    "done": true
  },
  "translocators:recipes/misc/diamond": {
    "criteria": {
      "has_diamond_nugget": "2024-08-15 00:19:12 +0000"
    },
    "done": true
  },
  "translocators:recipes/misc/diamond_nugget": {
    "criteria": {
      "has_diamond": "2024-08-15 00:19:12 +0000"
    },
    "done": true
  },
  "ae2wtlib:recipes/magnet_card": {
    "criteria": {
      "has_wct": "2024-08-15 00:19:12 +0000"
    },
    "done": true
  },
  "mcwfences:recipes/quartz": {
    "criteria": {
      "has_qq": "2024-08-15 00:19:12 +0000"
    },
    "done": true
  },
  "mcwfences:recipes/nether": {
    "criteria": {
      "has_nether_brick": "2024-08-15 00:19:12 +0000"
    },
    "done": true
  },
  "mcwfences:recipes/bamboo": {
    "criteria": {
      "has_bamboo": "2024-08-15 00:19:12 +0000"
    },
    "done": true
  },
  "ae2wtlib:recipes/wireless_universal_terminal/ce": {
    "criteria": {
      "has_wpt": "2024-08-15 00:19:12 +0000",
      "has_wct": "2024-08-15 00:19:12 +0000"
    },
    "done": true
  },
  "ae2wtlib:recipes/wireless_universal_terminal/ca": {
    "criteria": {
      "has_wit": "2024-08-15 00:19:12 +0000",
      "has_wct": "2024-08-15 00:19:12 +0000"
    },
    "done": true
  },
  "mcwfences:recipes/spruce": {
    "criteria": {
      "has_spruce": "2024-08-15 00:19:12 +0000"
    },
    "done": true
  },
  "ae2wtlib:recipes/wireless_universal_terminal/ae": {
    "criteria": {
      "has_wit": "2024-08-15 00:19:12 +0000",
      "has_wpt": "2024-08-15 00:19:12 +0000"
    },
    "done": true
  },
  "exdeorum:core/root": {
    "criteria": {
      "in_void_world": "2024-08-15 00:19:12 +0000"
    },
    "done": true
  },
  "ae2wtlib:recipes/quantum_bridge_card": {
    "criteria": {
      "has_wit": "2024-08-15 00:19:12 +0000",
      "has_wpt": "2024-08-15 00:19:12 +0000",
      "has_wct": "2024-08-15 00:19:12 +0000"
    },
    "done": true
  },
  "mcwfences:recipes/end": {
    "criteria": {
      "has_end_brick": "2024-08-15 00:19:12 +0000"
    },
    "done": true
  },
  "translocators:recipes/redstone/fluid_translocator": {
    "criteria": {
      "has_piston": "2024-08-15 00:19:12 +0000"
    },
    "done": true
  },
  "mcwfences:recipes/mud_brick": {
    "criteria": {
      "has_qq": "2024-08-15 00:19:12 +0000"
    },
    "done": true
  },
  "supplementaries:recipes/sconce": {
    "criteria": {
      "has_torch": "2024-08-15 00:19:12 +0000"
    },
    "done": true
  },
  "lootr:root": {
    "criteria": {
      "always_true": "2024-08-15 00:19:12 +0000"
    },
    "done": true
  },
  "mcwfences:recipes/blackstone": {
    "criteria": {
      "has_blackstone": "2024-08-15 00:19:12 +0000"
    },
    "done": true
  },
  "energymeter:recipes/energymeter/meter": {
    "criteria": {
      "has_item": "2024-08-15 00:19:12 +0000"
    },
    "done": true
  },
  "occultism:occultism/root": {
    "criteria": {
      "occultism_present": "2024-08-15 00:19:12 +0000"
    },
    "done": true
  },
  "tombstone:adventure/root": {
    "criteria": {
      "auto": "2024-08-15 00:19:13 +0000"
    },
    "done": true
  },
  "minecraft:adventure/adventuring_time": {
    "criteria": {
      "minecraft:plains": "2024-08-15 00:19:13 +0000"
    },
    "done": false
  },
  "tombstone:adventure/first_grave": {
    "criteria": {
      "coded_trigger": "2024-08-15 00:20:46 +0000"
    },
    "done": true
  },
  "tombstone:recipes/from_grave_key": {
    "criteria": {
      "has_ingredient": "2024-08-15 00:20:48 +0000"
    },
    "done": true
  },
  "minecraft:adventure/root": {
    "criteria": {
      "killed_something": "2024-08-15 00:23:25 +0000"
    },
    "done": true
  },
  "botania:recipes/decorations/apothecary_deepslate": {
    "criteria": {
      "has_item": "2024-08-15 00:50:27 +0000"
    },
    "done": true
  },
  "alchemistry:recipes/dissolver/coal_block": {
    "criteria": {
      "has_the_recipe": "2024-08-15 01:11:42 +0000"
    },
    "done": true
  },
  "minecraft:recipes/building_blocks/raw_iron_block": {
    "criteria": {
      "has_raw_iron": "2024-08-15 01:23:52 +0000"
    },
    "done": true
  },
  "xycraft_override:recipes/building_blocks/shaped/chiseled_wood_pillar_light": {
    "criteria": {
      "has_TagKey[minecraft:item / minecraft:planks]": "2024-08-15 00:48:51 +0000"
    },
    "done": true
  },
  "minecraft:recipes/combat/diamond_sword": {
    "criteria": {
      "has_diamond": "2024-08-15 01:26:23 +0000"
    },
    "done": true
  },
  "minecraft:recipes/decorations/jukebox": {
    "criteria": {
      "has_diamond": "2024-08-15 01:26:23 +0000"
    },
    "done": true
  },
  "supplementaries:recipes/flags/flag_magenta": {
    "criteria": {
      "has_stick": "2024-08-15 00:41:05 +0000"
    },
    "done": true
  },
  "constructionwand:recipes/tools/stone_wand": {
    "criteria": {
      "has_item": "2024-08-15 00:49:35 +0000"
    },
    "done": true
  },
  "minecraft:recipes/food/golden_apple": {
    "criteria": {
      "has_gold_ingot": "2024-08-15 01:48:28 +0000"
    },
    "done": true
  },
  "minecraft:recipes/combat/golden_boots": {
    "criteria": {
      "has_gold_ingot": "2024-08-15 01:48:28 +0000"
    },
    "done": true
  },
  "alchemistry:recipes/dissolver/pink_concrete_powder": {
    "criteria": {
      "has_the_recipe": "2024-08-15 00:41:05 +0000"
    },
    "done": true
  },
  "alchemistry:recipes/dissolver/stone": {
    "criteria": {
      "has_the_recipe": "2024-08-15 00:49:35 +0000"
    },
    "done": true
  },
  "farmersdelight:recipes/food/fried_egg_from_campfire_cooking": {
    "criteria": {
      "fried_egg": "2024-08-15 00:42:41 +0000"
    },
    "done": true
  },
  "minecraft:recipes/decorations/chest": {
    "criteria": {
      "has_lots_of_items": "2024-08-15 00:43:30 +0000"
    },
    "done": true
  },
  "mcwwindows:recipes/dark_prismarine": {
    "criteria": {
      "has_the_recipe": "2024-08-15 00:41:05 +0000"
    },
    "done": true
  },
  "minecraft:recipes/tools/diamond_pickaxe": {
    "criteria": {
      "has_diamond": "2024-08-15 01:26:23 +0000"
    },
    "done": true
  },
  "supplementaries:recipes/flint_block": {
    "criteria": {
      "has_flint": "2024-08-15 01:07:23 +0000"
    },
    "done": true
  },
  "farmersdelight:recipes/combat/golden_knife": {
    "criteria": {
      "has_gold_ingot": "2024-08-15 01:48:28 +0000"
    },
    "done": true
  },
  "mcwwindows:recipes/parapets": {
    "criteria": {
      "has_wood": "2024-08-15 00:48:51 +0000",
      "has_the_recipe": "2024-08-15 00:48:51 +0000"
    },
    "done": true
  },
  "farmersdelight:main/plant_all_crops": {
    "criteria": {
      "glow_berries": "2024-08-15 01:45:50 +0000",
      "wheat": "2024-08-15 00:44:58 +0000"
    },
    "done": false
  },
  "utilitix:recipes/misc/directional_highspeed_rail": {
    "criteria": {
      "criterion1": "2024-08-15 00:41:05 +0000"
    },
    "done": true
  },
  "xycraft_override:recipes/building_blocks/shaped/chiseled_deepslate_blue_r": {
    "criteria": {
      "has_TagKey[minecraft:item / minecraft:planks]": "2024-08-15 00:48:51 +0000"
    },
    "done": true
  },
  "exdeorum:recipes/misc/ores/aluminum_tag": {
    "criteria": {
      "has_item": "2024-08-15 00:41:05 +0000"
    },
    "done": true
  },
  "framedblocks:recipes/building_blocks/framed_cube": {
    "criteria": {
      "hasPlanks": "2024-08-15 00:48:51 +0000"
    },
    "done": true
  },
  "minecraft:recipes/building_blocks/tinted_glass": {
    "criteria": {
      "has_amethyst_shard": "2024-08-15 01:10:57 +0000"
    },
    "done": true
  },
  "utilitix:recipes/misc/armed_stand": {
    "criteria": {
      "criterion1": "2024-08-15 00:41:05 +0000"
    },
    "done": true
  },
  "forbidden_arcanus:recipes/tools/sanity_meter": {
    "criteria": {
      "has_ingots/gold": "2024-08-15 01:48:28 +0000"
    },
    "done": true
  },
  "trashcans:recipes/misc/liquid_trash_can": {
    "criteria": {
      "recipe_condition": "2024-08-15 00:53:29 +0000"
    },
    "done": true
  },
  "minecraft:story/lava_bucket": {
    "criteria": {
      "lava_bucket": "2024-08-15 00:52:17 +0000"
    },
    "done": true
  },
  "forbidden_arcanus:recipes/misc/clibano_combustion/iron_ingot_from_clibano_combusting_raw_iron": {
    "criteria": {
      "has_item": "2024-08-15 01:23:52 +0000"
    },
    "done": true
  },
  "minecraft:recipes/building_blocks/oak_slab": {
    "criteria": {
      "has_planks": "2024-08-15 00:48:51 +0000"
    },
    "done": true
  },
  "utilitix:recipes/misc/crude_furnace": {
    "criteria": {
      "criterion1": "2024-08-15 00:49:35 +0000"
    },
    "done": true
  },
  "alchemistry:recipes/dissolver/gray_concrete_powder": {
    "criteria": {
      "has_the_recipe": "2024-08-15 00:41:05 +0000"
    },
    "done": true
  },
  "alltheores:recipes/misc/gold_gear": {
    "criteria": {
      "has_TagKey[minecraft:item / forge:ingots/gold]_ingot": "2024-08-15 01:48:28 +0000"
    },
    "done": true
  },
  "enderio:recipes/misc/stone_gear": {
    "criteria": {
      "has_ingredient": "2024-08-15 00:49:35 +0000"
    },
    "done": true
  },
  "mcwtrpdoors:recipes/oak/oak_beach_trapdoor": {
    "criteria": {
      "has_logs": "2024-08-15 00:41:05 +0000"
    },
    "done": true
  },
  "mcwwindows:recipes/quartz": {
    "criteria": {
      "has_the_recipe": "2024-08-15 00:41:05 +0000"
    },
    "done": true
  },
  "pneumaticcraft:recipes/misc/coordinate_tracker_upgrade": {
    "criteria": {
      "has_lapis_lazuli": "2024-08-15 01:11:50 +0000"
    },
    "done": true
  },
  "minecraft:recipes/redstone/oak_door": {
    "criteria": {
      "has_planks": "2024-08-15 00:48:51 +0000"
    },
    "done": true
  },
  "mcwwindows:recipes/spruce": {
    "criteria": {
      "has_the_recipe": "2024-08-15 00:41:05 +0000"
    },
    "done": true
  },
  "supplementaries:recipes/turn_table": {
    "criteria": {
      "minecraft:planks": "2024-08-15 00:48:51 +0000"
    },
    "done": true
  },
  "cobblefordays:recipes/misc/tier_3": {
    "criteria": {
      "has_lava": "2024-08-15 00:52:17 +0000"
    },
    "done": true
  },
  "cobblefordays:recipes/misc/tier_4": {
    "criteria": {
      "has_lava": "2024-08-15 00:52:17 +0000"
    },
    "done": true
  },
  "cobblefordays:recipes/misc/tier_5": {
    "criteria": {
      "has_lava": "2024-08-15 00:52:17 +0000"
    },
    "done": true
  },
  "cobblefordays:recipes/misc/tier_1": {
    "criteria": {
      "has_lava": "2024-08-15 00:52:17 +0000"
    },
    "done": true
  },
  "cobblefordays:recipes/misc/tier_2": {
    "criteria": {
      "has_lava": "2024-08-15 00:52:17 +0000"
    },
    "done": true
  },
  "minecraft:recipes/building_blocks/cobblestone_slab": {
    "criteria": {
      "has_cobblestone": "2024-08-15 00:49:35 +0000"
    },
    "done": true
  },
  "enderio:recipes/food/enderios": {
    "criteria": {
      "has_ingredient": "2024-08-15 00:44:41 +0000"
    },
    "done": true
  },
  "minecraft:recipes/building_blocks/gold_block": {
    "criteria": {
      "has_gold_ingot": "2024-08-15 01:48:28 +0000"
    },
    "done": true
  },
  "reliquary:recipes/misc/mob_charm_fragments/cave_spider": {
    "criteria": {
      "has_chelicerae": "2024-08-15 01:48:55 +0000"
    },
    "done": true
  },
  "minecraft:recipes/combat/wooden_sword": {
    "criteria": {
      "has_stick": "2024-08-15 00:41:05 +0000"
    },
    "done": true
  },
  "exdeorum:recipes/misc/ores/lead_tag": {
    "criteria": {
      "has_item": "2024-08-15 01:07:57 +0000"
    },
    "done": true
  },
  "alchemistry:recipes/dissolver/magenta_concrete_powder": {
    "criteria": {
      "has_the_recipe": "2024-08-15 00:41:05 +0000"
    },
    "done": true
  },
  "supplementaries:recipes/flags/flag_green": {
    "criteria": {
      "has_stick": "2024-08-15 00:41:05 +0000"
    },
    "done": true
  },
  "modularrouters:recipes/misc/blank_upgrade": {
    "criteria": {
      "has_lapis_lazuli": "2024-08-15 01:11:50 +0000"
    },
    "done": true
  },
  "minecraft:recipes/building_blocks/cobblestone_stairs": {
    "criteria": {
      "has_cobblestone": "2024-08-15 00:49:35 +0000"
    },
    "done": true
  },
  "mcwbridges:recipes/asian_red_bridge_pier": {
    "criteria": {
      "has_planks": "2024-08-15 00:48:51 +0000"
    },
    "done": true
  },
  "pneumaticcraft:recipes/misc/flippers_upgrade": {
    "criteria": {
      "has_lapis_lazuli": "2024-08-15 01:11:50 +0000"
    },
    "done": true
  },
  "mcwtrpdoors:recipes/oak/oak_barred_trapdoor": {
    "criteria": {
      "has_logs": "2024-08-15 00:41:05 +0000"
    },
    "done": true
  },
  "allthecompressed:recipes/building_blocks/compress/gravel_1x": {
    "criteria": {
      "has_gravel": "2024-08-15 00:41:05 +0000"
    },
    "done": true
  },
  "mcwroofs:recipes/cobblestone": {
    "criteria": {
      "has_planks": "2024-08-15 00:49:35 +0000"
    },
    "done": true
  },
  "utilitarian:recipes/misc/angel_block": {
    "criteria": {
      "has_gold": "2024-08-15 01:48:28 +0000"
    },
    "done": true
  },
  "supplementaries:recipes/flags/flag_white": {
    "criteria": {
      "has_stick": "2024-08-15 00:41:05 +0000"
    },
    "done": true
  },
  "supplementaries:recipes/hourglass": {
    "criteria": {
      "has_gold_ingot": "2024-08-15 01:48:28 +0000"
    },
    "done": true
  },
  "minecraft:recipes/building_blocks/pink_concrete_powder": {
    "criteria": {
      "has_gravel": "2024-08-15 00:41:05 +0000"
    },
    "done": true
  },
  "supplementaries:recipes/timber_cross_brace": {
    "criteria": {
      "forge:rods/wooden": "2024-08-15 00:41:05 +0000"
    },
    "done": true
  },
  "utilitix:recipes/misc/directional_rail": {
    "criteria": {
      "criterion1": "2024-08-15 00:41:05 +0000"
    },
    "done": true
  },
  "alltheores:recipes/misc/diamond_rod": {
    "criteria": {
      "has_TagKey[minecraft:item / forge:gems/diamond]_ingot": "2024-08-15 01:26:23 +0000"
    },
    "done": true
  },
  "pneumaticcraft:recipes/misc/speed_upgrade_from_glycerol": {
    "criteria": {
      "has_lapis_lazuli": "2024-08-15 01:11:50 +0000"
    },
    "done": true
  },
  "utilitix:recipes/misc/reinforced_rail": {
    "criteria": {
      "criterion2": "2024-08-15 00:41:05 +0000"
    },
    "done": true
  },
  "minecraft:recipes/combat/stone_sword": {
    "criteria": {
      "has_cobblestone": "2024-08-15 00:49:35 +0000"
    },
    "done": true
  },
  "minecraft:recipes/decorations/cobblestone_wall": {
    "criteria": {
      "has_cobblestone": "2024-08-15 00:49:35 +0000"
    },
    "done": true
  },
  "minecraft:recipes/tools/stone_axe": {
    "criteria": {
      "has_cobblestone": "2024-08-15 00:49:35 +0000"
    },
    "done": true
  },
  "silentgear:recipes/misc/stone_torch": {
    "criteria": {
      "has_item": "2024-08-15 01:11:42 +0000"
    },
    "done": true
  },
  "exdeorum:recipes/tools/diamond_hammer": {
    "criteria": {
      "has_item": "2024-08-15 01:26:23 +0000"
    },
    "done": true
  },
  "pneumaticcraft:recipes/misc/ender_visor_upgrade": {
    "criteria": {
      "has_lapis_lazuli": "2024-08-15 01:11:50 +0000"
    },
    "done": true
  },
  "pneumaticcraft:recipes/misc/range_upgrade": {
    "criteria": {
      "has_lapis_lazuli": "2024-08-15 01:11:50 +0000"
    },
    "done": true
  },
  "minecraft:recipes/combat/golden_helmet": {
    "criteria": {
      "has_gold_ingot": "2024-08-15 01:48:28 +0000"
    },
    "done": true
  },
  "xycraft_override:recipes/building_blocks/shaped/chiseled_deepslate_dark_r": {
    "criteria": {
      "has_TagKey[minecraft:item / minecraft:planks]": "2024-08-15 00:48:51 +0000"
    },
    "done": true
  },
  "supplementaries:recipes/bamboo_spikes": {
    "criteria": {
      "minecraft:wooden_slabs": "2024-08-15 01:13:05 +0000"
    },
    "done": true
  },
  "enderio:recipes/misc/wood_gear": {
    "criteria": {
      "has_ingredient": "2024-08-15 00:41:05 +0000"
    },
    "done": true
  },
  "minecraft:recipes/building_blocks/white_concrete_powder": {
    "criteria": {
      "has_gravel": "2024-08-15 00:41:05 +0000"
    },
    "done": true
  },
  "silentgear:root": {
    "criteria": {
      "get_item": "2024-08-15 00:49:03 +0000"
    },
    "done": true
  },
  "mcwbridges:recipes/asian_red_bridge": {
    "criteria": {
      "has_planks": "2024-08-15 00:48:51 +0000"
    },
    "done": true
  },
  "tombstone:adventure/chain_death": {
    "criteria": {
      "coded_trigger": "2024-08-15 01:25:36 +0000"
    },
    "done": true
  },
  "xycraft_override:recipes/building_blocks/shaped/chiseled_deepslate_dark": {
    "criteria": {
      "has_TagKey[minecraft:item / minecraft:planks]": "2024-08-15 00:48:51 +0000"
    },
    "done": true
  },
  "supplementaries:recipes/blackboard": {
    "criteria": {
      "minecraft:wooden_slabs": "2024-08-15 01:13:05 +0000"
    },
    "done": true
  },
  "alchemistry:recipes/dissolver/golden_apple": {
    "criteria": {
      "has_the_recipe": "2024-08-15 01:48:28 +0000"
    },
    "done": true
  },
  "mcwwindows:recipes/shutters": {
    "criteria": {
      "has_wood": "2024-08-15 00:48:51 +0000"
    },
    "done": true
  },
  "xycraft_override:recipes/building_blocks/shaped/chiseled_wood_pillar_green": {
    "criteria": {
      "has_TagKey[minecraft:item / minecraft:planks]": "2024-08-15 00:48:51 +0000"
    },
    "done": true
  },
  "supplementaries:recipes/notice_board": {
    "criteria": {
      "minecraft:planks": "2024-08-15 00:48:51 +0000"
    },
    "done": true
  },
  "pneumaticcraft:recipes/misc/speed_upgrade": {
    "criteria": {
      "has_lapis_lazuli": "2024-08-15 01:11:50 +0000"
    },
    "done": true
  },
  "forbidden_arcanus:recipes/misc/deorum_ingot": {
    "criteria": {
      "has_gold_ingot": "2024-08-15 01:48:28 +0000"
    },
    "done": true
  },
  "occultism:recipes/spirit_fire/spirit_fire/spirit_attuned_gem": {
    "criteria": {
      "has_diamond": "2024-08-15 01:26:23 +0000"
    },
    "done": true
  },
  "mcwwindows:recipes/mangrove": {
    "criteria": {
      "has_the_recipe": "2024-08-15 00:41:05 +0000"
    },
    "done": true
  },
  "mcwtrpdoors:recipes/acacia/oak_bark_trapdoor": {
    "criteria": {
      "has_logs": "2024-08-15 00:41:05 +0000"
    },
    "done": true
  },
  "minecraft:recipes/misc/iron_ingot_from_smelting_raw_iron": {
    "criteria": {
      "has_raw_iron": "2024-08-15 01:23:52 +0000"
    },
    "done": true
  },
  "exdeorum:recipes/misc/golden_mesh": {
    "criteria": {
      "has_item": "2024-08-15 01:48:28 +0000"
    },
    "done": true
  },
  "mcwtrpdoors:recipes/oak/oak_barrel_trapdoor": {
    "criteria": {
      "has_logs": "2024-08-15 00:41:05 +0000"
    },
    "done": true
  },
  "mcwbridges:recipes/cobblestone_bridge_pier": {
    "criteria": {
      "has_planks": "2024-08-15 00:49:35 +0000"
    },
    "done": true
  },
  "minecraft:recipes/tools/wooden_pickaxe": {
    "criteria": {
      "has_stick": "2024-08-15 00:41:05 +0000"
    },
    "done": true
  },
  "occultism:recipes/spirit_fire/spirit_fire/otherworld_sapling_natural": {
    "criteria": {
      "has_oak_sapling": "2024-08-15 00:43:30 +0000"
    },
    "done": true
  },
  "croptopia:recipes/misc/meringue": {
    "criteria": {
      "has_egg": "2024-08-15 00:42:41 +0000"
    },
    "done": true
  },
  "botania:recipes/tools/dreamwood_wand": {
    "criteria": {
      "has_item": "2024-08-15 00:50:27 +0000"
    },
    "done": true
  },
  "mcwwindows:recipes/red_sandstone": {
    "criteria": {
      "has_the_recipe": "2024-08-15 00:41:05 +0000"
    },
    "done": true
  },
  "supplementaries:recipes/flags/flag_cyan": {
    "criteria": {
      "has_stick": "2024-08-15 00:41:05 +0000"
    },
    "done": true
  },
  "buildinggadgets2:recipes/misc/gadget_building": {
    "criteria": {
      "has_diamond": "2024-08-15 01:26:23 +0000"
    },
    "done": true
  },
  "forbidden_arcanus:recipes/tools/stone_blacksmith_gavel": {
    "criteria": {
      "has_stone_tool_materials": "2024-08-15 00:49:35 +0000"
    },
    "done": true
  },
  "utilitix:recipes/misc/linked_crystal": {
    "criteria": {
      "criterion1": "2024-08-15 01:32:08 +0000"
    },
    "done": true
  },
  "minecraft:recipes/building_blocks/dripstone_block": {
    "criteria": {
      "has_pointed_dripstone": "2024-08-15 01:17:25 +0000"
    },
    "done": true
  },
  "mcwwindows:recipes/bricks": {
    "criteria": {
      "has_the_recipe": "2024-08-15 00:41:05 +0000"
    },
    "done": true
  },
  "croptopia:root": {
    "criteria": {
      "root": "2024-08-15 00:41:05 +0000"
    },
    "done": true
  },
  "xycraft_override:recipes/building_blocks/shaped/chiseled_deepslate_green_r": {
    "criteria": {
      "has_TagKey[minecraft:item / minecraft:planks]": "2024-08-15 00:48:51 +0000"
    },
    "done": true
  },
  "utilitarian:recipes/misc/utility/oak_logs_to_trapdoors": {
    "criteria": {
      "has_log": "2024-08-15 00:41:05 +0000"
    },
    "done": true
  },
  "utilitarian:recipes/misc/utility/oak_logs_to_slabs": {
    "criteria": {
      "has_log": "2024-08-15 00:41:05 +0000"
    },
    "done": true
  },
  "alchemistry:recipes/dissolver/orange_concrete_powder": {
    "criteria": {
      "has_the_recipe": "2024-08-15 00:41:05 +0000"
    },
    "done": true
  },
  "xycraft_override:recipes/building_blocks/shaped/chiseled_wood_pillar_dark_r": {
    "criteria": {
      "has_TagKey[minecraft:item / minecraft:planks]": "2024-08-15 00:48:51 +0000"
    },
    "done": true
  },
  "minecraft:husbandry/balanced_diet": {
    "criteria": {
      "cooked_beef": "2024-08-15 01:34:28 +0000"
    },
    "done": false
  },
  "supplementaries:recipes/gold_door": {
    "criteria": {
      "has_gold_ingot": "2024-08-15 01:48:28 +0000"
    },
    "done": true
  },
  "mcwwindows:recipes/prismarine": {
    "criteria": {
      "has_the_recipe": "2024-08-15 00:41:05 +0000"
    },
    "done": true
  },
  "supplementaries:recipes/daub": {
    "criteria": {
      "supplementaries:straw": "2024-08-15 00:44:41 +0000"
    },
    "done": true
  },
  "mythicbotany:recipes/misc/central_rune_holder": {
    "criteria": {
      "criterion0": "2024-08-15 01:32:08 +0000"
    },
    "done": true
  },
  "reliquary:recipes/misc/uncrafting/spider_eye": {
    "criteria": {
      "has_chelicerae": "2024-08-15 01:48:55 +0000"
    },
    "done": true
  },
  "alchemistry:recipes/dissolver/gold_nugget": {
    "criteria": {
      "has_the_recipe": "2024-08-15 01:48:28 +0000"
    },
    "done": true
  },
  "mcwwindows:recipes/metal": {
    "criteria": {
      "has_the_recipe": "2024-08-15 00:41:05 +0000"
    },
    "done": true
  },
  "alltheores:recipes/misc/gold_rod": {
    "criteria": {
      "has_TagKey[minecraft:item / forge:ingots/gold]_ingot": "2024-08-15 01:48:28 +0000"
    },
    "done": true
  },
  "botania:recipes/misc/conversions/gray_petal_block_deconstruct": {
    "criteria": {
      "has_item": "2024-08-15 00:50:27 +0000"
    },
    "done": true
  },
  "exdeorum:recipes/misc/ores/tin_tag": {
    "criteria": {
      "has_item": "2024-08-15 01:11:01 +0000"
    },
    "done": true
  },
  "alchemistry:recipes/dissolver/green_concrete_powder": {
    "criteria": {
      "has_the_recipe": "2024-08-15 00:41:05 +0000"
    },
    "done": true
  },
  "botania:recipes/decorations/apothecary_mossy": {
    "criteria": {
      "has_item": "2024-08-15 00:50:27 +0000"
    },
    "done": true
  },
  "exdeorum:recipes/tools/compressed_stone_hammer": {
    "criteria": {
      "has_item": "2024-08-15 01:14:28 +0000"
    },
    "done": true
  },
  "exdeorum:recipes/misc/diamond_mesh_from_golden_mesh": {
    "criteria": {
      "has_item": "2024-08-15 01:26:23 +0000"
    },
    "done": true
  },
  "minecraft:recipes/decorations/fletching_table": {
    "criteria": {
      "has_flint": "2024-08-15 01:07:23 +0000"
    },
    "done": true
  },
  "alchemistry:recipes/dissolver/jukebox": {
    "criteria": {
      "has_the_recipe": "2024-08-15 01:26:23 +0000"
    },
    "done": true
  },
  "exdeorum:recipes/tools/stone_hammer": {
    "criteria": {
      "has_item": "2024-08-15 00:49:35 +0000"
    },
    "done": true
  },
  "exdeorum:recipes/misc/oak_crucible": {
    "criteria": {
      "has_item": "2024-08-15 01:13:05 +0000"
    },
    "done": true
  },
  "minecraft:recipes/tools/golden_axe": {
    "criteria": {
      "has_gold_ingot": "2024-08-15 01:48:28 +0000"
    },
    "done": true
  },
  "allthecompressed:recipes/building_blocks/compress/oak_planks_1x": {
    "criteria": {
      "has_oak_planks": "2024-08-15 00:48:51 +0000"
    },
    "done": true
  },
  "minecraft:recipes/building_blocks/red_concrete_powder": {
    "criteria": {
      "has_gravel": "2024-08-15 00:41:05 +0000"
    },
    "done": true
  },
  "supplementaries:recipes/flags/flag_orange": {
    "criteria": {
      "has_stick": "2024-08-15 00:41:05 +0000"
    },
    "done": true
  },
  "mcwwindows:recipes/dark_oak": {
    "criteria": {
      "has_the_recipe": "2024-08-15 00:41:05 +0000"
    },
    "done": true
  },
  "minecraft:story/mine_stone": {
    "criteria": {
      "get_stone": "2024-08-15 00:49:35 +0000"
    },
    "done": true
  },
  "minecraft:recipes/decorations/furnace": {
    "criteria": {
      "has_cobblestone": "2024-08-15 00:49:35 +0000"
    },
    "done": true
  },
  "immersiveengineering:recipes/misc/crafting/torch": {
    "criteria": {
      "has_stick": "2024-08-15 00:41:05 +0000"
    },
    "done": true
  },
  "minecraft:recipes/building_blocks/green_concrete_powder": {
    "criteria": {
      "has_gravel": "2024-08-15 00:41:05 +0000"
    },
    "done": true
  },
  "allthecompressed:recipes/building_blocks/compress/cobblestone_1x": {
    "criteria": {
      "has_cobblestone": "2024-08-15 00:49:35 +0000"
    },
    "done": true
  },
  "projecte:recipes/decorations/relay_mk1": {
    "criteria": {
      "has_diamond": "2024-08-15 01:49:23 +0000"
    },
    "done": true
  },
  "allthecompressed:recipes/building_blocks/compress/sand_1x": {
    "criteria": {
      "has_sand": "2024-08-15 00:53:19 +0000"
    },
    "done": true
  },
  "exdeorum:recipes/misc/blackstone": {
    "criteria": {
      "has_item": "2024-08-15 00:45:24 +0000"
    },
    "done": true
  },
  "exdeorum:recipes/tools/wooden_hammer": {
    "criteria": {
      "has_item": "2024-08-15 00:48:51 +0000"
    },
    "done": true
  },
  "minecraft:recipes/tools/spyglass": {
    "criteria": {
      "has_amethyst_shard": "2024-08-15 01:10:57 +0000"
    },
    "done": true
  },
  "forbidden_arcanus:recipes/tools/golden_blacksmith_gavel": {
    "criteria": {
      "has_ingots/gold": "2024-08-15 01:48:28 +0000"
    },
    "done": true
  },
  "mcwwindows:recipes/components": {
    "criteria": {
      "has_wood": "2024-08-15 00:41:05 +0000"
    },
    "done": true
  },
  "minecraft:recipes/transportation/bamboo_raft": {
    "criteria": {
      "in_water": "2024-08-15 00:53:30 +0000"
    },
    "done": true
  },
  "exdeorum:recipes/misc/ores/osmium_tag": {
    "criteria": {
      "has_item": "2024-08-15 01:10:56 +0000"
    },
    "done": true
  },
  "projecte:recipes/tools/iron_band": {
    "criteria": {
      "has_lava": "2024-08-15 00:52:17 +0000"
    },
    "done": true
  },
  "tombstone:adventure/first_knowledge": {
    "criteria": {
      "coded_trigger": "2024-08-15 01:25:36 +0000"
    },
    "done": true
  },
  "mcwbridges:recipes/oak_log_bridge_middle": {
    "criteria": {
      "has_planks": "2024-08-15 00:48:51 +0000"
    },
    "done": true
  },
  "minecraft:recipes/redstone/light_weighted_pressure_plate": {
    "criteria": {
      "has_gold_ingot": "2024-08-15 01:48:28 +0000"
    },
    "done": true
  },
  "farmersdelight:recipes/cooking/glow_berry_custard": {
    "criteria": {
      "has_any_ingredient": "2024-08-15 01:45:39 +0000"
    },
    "done": true
  },
  "mcwtrpdoors:recipes/oak/oak_glass_trapdoor": {
    "criteria": {
      "has_logs": "2024-08-15 00:41:05 +0000"
    },
    "done": true
  },
  "mcwwindows:recipes/cherry": {
    "criteria": {
      "has_the_recipe": "2024-08-15 00:41:05 +0000"
    },
    "done": true
  },
  "exdeorum:recipes/misc/oak_barrel": {
    "criteria": {
      "has_item": "2024-08-15 01:13:05 +0000"
    },
    "done": true
  },
  "utilitix:recipes/misc/experience_crystal": {
    "criteria": {
      "criterion1": "2024-08-15 01:32:08 +0000"
    },
    "done": true
  },
  "minecraft:recipes/misc/gold_ingot_from_smelting_raw_gold": {
    "criteria": {
      "has_the_recipe": "2024-08-15 01:48:26 +0000"
    },
    "done": true
  },
  "utilitarian:recipes/misc/utility/logs_to_bowls": {
    "criteria": {
      "has_log": "2024-08-15 00:41:05 +0000"
    },
    "done": true
  },
  "utilitix:recipes/misc/diamond_shears": {
    "criteria": {
      "criterion0": "2024-08-15 01:26:23 +0000"
    },
    "done": true
  },
  "occultism:recipes/crushing/crushing/gold_dust_from_ingot": {
    "criteria": {
      "has_gold_ingot": "2024-08-15 01:48:28 +0000"
    },
    "done": true
  },
  "minecraft:recipes/misc/charcoal": {
    "criteria": {
      "has_log": "2024-08-15 00:41:05 +0000"
    },
    "done": true
  },
  "minecraft:recipes/combat/diamond_helmet": {
    "criteria": {
      "has_diamond": "2024-08-15 01:26:23 +0000"
    },
    "done": true
  },
  "utilitarian:recipes/misc/angel_block_rot": {
    "criteria": {
      "has_gold": "2024-08-15 01:48:28 +0000"
    },
    "done": true
  },
  "mcwbridges:recipes/bridge_lantern": {
    "criteria": {
      "has_planks": "2024-08-15 01:11:42 +0000"
    },
    "done": true
  },
  "utilitarian:recipes/misc/utility/oak_logs_to_pressure_plates": {
    "criteria": {
      "has_log": "2024-08-15 00:41:05 +0000"
    },
    "done": true
  },
  "minecraft:recipes/tools/wooden_shovel": {
    "criteria": {
      "has_stick": "2024-08-15 00:41:05 +0000"
    },
    "done": true
  },
  "supplementaries:recipes/clock_block": {
    "criteria": {
      "minecraft:planks": "2024-08-15 00:48:51 +0000"
    },
    "done": true
  },
  "utilitix:recipes/misc/hand_bell": {
    "criteria": {
      "criterion0": "2024-08-15 00:41:05 +0000"
    },
    "done": true
  },
  "mcwtrpdoors:recipes/oak/oak_cottage_trapdoor": {
    "criteria": {
      "has_logs": "2024-08-15 00:41:05 +0000"
    },
    "done": true
  },
  "utilitarian:recipes/misc/utility/oak_logs_to_doors": {
    "criteria": {
      "has_log": "2024-08-15 00:41:05 +0000"
    },
    "done": true
  },
  "mcwtrpdoors:recipes/oak/oak_barn_trapdoor": {
    "criteria": {
      "has_logs": "2024-08-15 00:41:05 +0000"
    },
    "done": true
  },
  "utilitix:recipes/misc/comparator_redirector_up": {
    "criteria": {
      "criterion1": "2024-08-15 00:49:35 +0000"
    },
    "done": true
  },
  "croptopia:recipes/flour": {
    "criteria": {
      "has_grain": "2024-08-15 00:44:41 +0000"
    },
    "done": true
  },
  "pneumaticcraft:recipes/misc/dispenser_upgrade": {
    "criteria": {
      "has_lapis_lazuli": "2024-08-15 01:11:50 +0000"
    },
    "done": true
  },
  "minecraft:story/mine_diamond": {
    "criteria": {
      "diamond": "2024-08-15 01:26:23 +0000"
    },
    "done": true
  },
  "mcwwindows:recipes/deepslate": {
    "criteria": {
      "has_the_recipe": "2024-08-15 00:41:05 +0000"
    },
    "done": true
  },
  "minecraft:recipes/tools/stone_shovel": {
    "criteria": {
      "has_cobblestone": "2024-08-15 00:49:35 +0000"
    },
    "done": true
  },
  "mcwwindows:recipes/jungle": {
    "criteria": {
      "has_the_recipe": "2024-08-15 00:41:05 +0000"
    },
    "done": true
  },
  "silentgear:recipes/misc/upgrade_base": {
    "criteria": {
      "has_item": "2024-08-15 00:48:51 +0000"
    },
    "done": true
  },
  "farmersdelight:recipes/combat/diamond_knife": {
    "criteria": {
      "has_diamond": "2024-08-15 01:26:23 +0000"
    },
    "done": true
  },
  "minecraft:recipes/building_blocks/coarse_dirt": {
    "criteria": {
      "has_gravel": "2024-08-15 00:41:05 +0000"
    },
    "done": true
  },
  "minecraft:recipes/building_blocks/light_gray_concrete_powder": {
    "criteria": {
      "has_gravel": "2024-08-15 00:41:05 +0000"
    },
    "done": true
  },
  "solargeneration:recipes/misc/lapis_shard": {
    "criteria": {
      "has_lapis_lazuli": "2024-08-15 01:11:50 +0000"
    },
    "done": true
  },
  "minecraft:recipes/misc/blue_dye": {
    "criteria": {
      "has_lapis_lazuli": "2024-08-15 01:11:50 +0000"
    },
    "done": true
  },
  "silentgear:recipes/misc/emerald_from_shards": {
    "criteria": {
      "has_item": "2024-08-15 01:32:08 +0000"
    },
    "done": true
  },
  "utilitarian:recipes/misc/utility/iron_block_from_blasting": {
    "criteria": {
      "has_raw_iron": "2024-08-15 01:23:52 +0000"
    },
    "done": true
  },
  "pneumaticcraft:recipes/misc/stomp_upgrade": {
    "criteria": {
      "has_lapis_lazuli": "2024-08-15 01:11:50 +0000"
    },
    "done": true
  },
  "minecraft:recipes/building_blocks/brown_concrete_powder": {
    "criteria": {
      "has_gravel": "2024-08-15 00:41:05 +0000"
    },
    "done": true
  },
  "supplementaries:recipes/flower_box": {
    "criteria": {
      "minecraft:wooden_slabs": "2024-08-15 01:13:05 +0000"
    },
    "done": true
  },
  "minecraft:recipes/building_blocks/light_blue_concrete_powder": {
    "criteria": {
      "has_gravel": "2024-08-15 00:41:05 +0000"
    },
    "done": true
  },
  "alchemistry:recipes/dissolver/diamond": {
    "criteria": {
      "has_the_recipe": "2024-08-15 01:49:24 +0000"
    },
    "done": true
  },
  "xycraft_machines:recipes/misc/shaped/fabricator": {
    "criteria": {
      "has_crafting_table": "2024-08-15 00:49:03 +0000"
    },
    "done": true
  },
  "forbidden_arcanus:recipes/tools/diamond_blacksmith_gavel": {
    "criteria": {
      "has_gems/diamond": "2024-08-15 01:26:23 +0000"
    },
    "done": true
  },
  "forbidden_arcanus:recipes/building_blocks/edelwood_ladder": {
    "criteria": {
      "has_rods/wooden": "2024-08-15 00:41:05 +0000"
    },
    "done": true
  },
  "mcwtrpdoors:recipes/oak/oak_tropical_trapdoor": {
    "criteria": {
      "has_logs": "2024-08-15 00:41:05 +0000"
    },
    "done": true
  },
  "oreberriesreplanted:recipes/misc/oak_vat": {
    "criteria": {
      "has_planks": "2024-08-15 00:48:51 +0000"
    },
    "done": true
  },
  "minecraft:recipes/building_blocks/oak_stairs": {
    "criteria": {
      "has_planks": "2024-08-15 00:48:51 +0000"
    },
    "done": true
  },
  "xycraft_override:recipes/building_blocks/shaped/chiseled_wood_pillar_red_r": {
    "criteria": {
      "has_TagKey[minecraft:item / minecraft:planks]": "2024-08-15 00:48:51 +0000"
    },
    "done": true
  },
  "projecte:recipes/misc/low_covalence_dust": {
    "criteria": {
      "has_cobble": "2024-08-15 00:49:35 +0000"
    },
    "done": true
  },
  "minecraft:recipes/decorations/oak_fence": {
    "criteria": {
      "has_planks": "2024-08-15 00:48:51 +0000"
    },
    "done": true
  },
  "mcwwindows:recipes/sandstone": {
    "criteria": {
      "has_the_recipe": "2024-08-15 00:41:05 +0000"
    },
    "done": true
  },
  "enderio:recipes/misc/stick": {
    "criteria": {
      "has_ingredient": "2024-08-15 00:41:05 +0000"
    },
    "done": true
  },
  "supplementaries:recipes/speaker_block": {
    "criteria": {
      "minecraft:planks": "2024-08-15 00:48:51 +0000"
    },
    "done": true
  },
  "minecraft:recipes/transportation/birch_boat": {
    "criteria": {
      "in_water": "2024-08-15 00:53:30 +0000"
    },
    "done": true
  },
  "alchemistry:recipes/dissolver/light_blue_concrete_powder": {
    "criteria": {
      "has_the_recipe": "2024-08-15 00:41:05 +0000"
    },
    "done": true
  },
  "minecraft:recipes/transportation/oak_boat": {
    "criteria": {
      "in_water": "2024-08-15 00:53:30 +0000"
    },
    "done": true
  },
  "exdeorum:recipes/misc/andesite": {
    "criteria": {
      "has_item": "2024-08-15 00:45:10 +0000"
    },
    "done": true
  },
  "farmersdelight:recipes/cooking/fried_rice": {
    "criteria": {
      "has_any_ingredient": "2024-08-15 00:42:41 +0000"
    },
    "done": true
  },
  "supplementaries:recipes/flags/flag_blue": {
    "criteria": {
      "has_stick": "2024-08-15 00:41:05 +0000"
    },
    "done": true
  },
  "mcwbridges:recipes/cobblestone_bridge": {
    "criteria": {
      "has_planks": "2024-08-15 00:49:35 +0000"
    },
    "done": true
  },
  "alchemistry:recipes/dissolver/amethyst_block": {
    "criteria": {
      "has_the_recipe": "2024-08-15 01:10:57 +0000"
    },
    "done": true
  },
  "mcwwindows:recipes/andesite": {
    "criteria": {
      "has_the_recipe": "2024-08-15 00:41:05 +0000"
    },
    "done": true
  },
  "mcwbridges:recipes/oak_bridge_pier": {
    "criteria": {
      "has_planks": "2024-08-15 00:41:05 +0000"
    },
    "done": true
  },
  "supplementaries:recipes/key": {
    "criteria": {
      "has_gold_ingot": "2024-08-15 01:48:28 +0000"
    },
    "done": true
  },
  "pneumaticcraft:recipes/misc/charging_upgrade": {
    "criteria": {
      "has_lapis_lazuli": "2024-08-15 01:11:50 +0000"
    },
    "done": true
  },
  "alchemistry:recipes/dissolver/hay_block": {
    "criteria": {
      "has_the_recipe": "2024-08-15 00:44:41 +0000"
    },
    "done": true
  },
  "utilitix:recipes/misc/tiny_coal_to_tiny": {
    "criteria": {
      "criterion0": "2024-08-15 01:11:42 +0000"
    },
    "done": true
  },
  "croptopia:recipes/documentation": {
    "criteria": {
      "has_crop": "2024-08-15 00:44:41 +0000"
    },
    "done": true
  },
  "immersiveengineering:recipes/misc/crafting/tinted_glass_lead_wire": {
    "criteria": {
      "has_amethyst": "2024-08-15 01:10:57 +0000"
    },
    "done": true
  },
  "supplementaries:recipes/flags/flag_light_gray": {
    "criteria": {
      "has_stick": "2024-08-15 00:41:05 +0000"
    },
    "done": true
  },
  "alltheores:recipes/misc/diamond_plate": {
    "criteria": {
      "has_TagKey[minecraft:item / forge:gems/diamond]_ingot": "2024-08-15 01:26:23 +0000"
    },
    "done": true
  },
  "supplementaries:recipes/jar": {
    "criteria": {
      "minecraft:wooden_slabs": "2024-08-15 01:13:05 +0000"
    },
    "done": true
  },
  "supplementaries:recipes/pulley": {
    "criteria": {
      "minecraft:planks": "2024-08-15 00:48:51 +0000"
    },
    "done": true
  },
  "mcwroofs:recipes/thatch": {
    "criteria": {
      "has_planks": "2024-08-15 00:44:41 +0000"
    },
    "done": true
  },
  "minecraft:recipes/building_blocks/cobblestone_stairs_from_cobblestone_stonecutting": {
    "criteria": {
      "has_cobblestone": "2024-08-15 00:49:35 +0000"
    },
    "done": true
  },
  "farmersdelight:recipes/decorations/cutting_board": {
    "criteria": {
      "has_stick": "2024-08-15 00:41:05 +0000"
    },
    "done": true
  },
  "mcwdoors:recipes/oak": {
    "criteria": {
      "has_wood": "2024-08-15 00:41:05 +0000"
    },
    "done": true
  },
  "minecraft:recipes/tools/stone_hoe": {
    "criteria": {
      "has_cobblestone": "2024-08-15 00:49:35 +0000"
    },
    "done": true
  },
  "buildinggadgets2:recipes/misc/gadget_exchanging": {
    "criteria": {
      "has_diamond": "2024-08-15 01:26:23 +0000"
    },
    "done": true
  },
  "buildinggadgets2:recipes/misc/gadget_copy_paste": {
    "criteria": {
      "has_emerald": "2024-08-15 01:32:08 +0000"
    },
    "done": true
  },
  "minecraft:story/root": {
    "criteria": {
      "crafting_table": "2024-08-15 00:49:03 +0000"
    },
    "done": true
  },
  "supplementaries:recipes/flags/flag_lime": {
    "criteria": {
      "has_stick": "2024-08-15 00:41:05 +0000"
    },
    "done": true
  },
  "minecraft:recipes/combat/golden_leggings": {
    "criteria": {
      "has_gold_ingot": "2024-08-15 01:48:28 +0000"
    },
    "done": true
  },
  "farmersdelight:recipes/food/fried_egg": {
    "criteria": {
      "fried_egg": "2024-08-15 00:42:41 +0000"
    },
    "done": true
  },
  "minecraft:recipes/decorations/ladder": {
    "criteria": {
      "has_stick": "2024-08-15 00:41:05 +0000"
    },
    "done": true
  },
  "alchemistry:recipes/dissolver/cobblestone_slab": {
    "criteria": {
      "has_the_recipe": "2024-08-15 00:49:35 +0000"
    },
    "done": true
  },
  "mcwwindows:recipes/diorite": {
    "criteria": {
      "has_the_recipe": "2024-08-15 00:41:05 +0000"
    },
    "done": true
  },
  "exdeorum:recipes/misc/iron_ore": {
    "criteria": {
      "has_item": "2024-08-15 01:10:57 +0000"
    },
    "done": true
  },
  "utilitix:recipes/misc/advanced_brewery": {
    "criteria": {
      "criterion3": "2024-08-15 01:48:28 +0000"
    },
    "done": true
  },
  "minecraft:recipes/misc/gold_nugget": {
    "criteria": {
      "has_gold_ingot": "2024-08-15 01:48:28 +0000"
    },
    "done": true
  },
  "utilitarian:recipes/misc/utility/iron_block_from_smelting": {
    "criteria": {
      "has_raw_iron": "2024-08-15 01:23:52 +0000"
    },
    "done": true
  },
  "minecraft:recipes/tools/golden_shovel": {
    "criteria": {
      "has_gold_ingot": "2024-08-15 01:48:28 +0000"
    },
    "done": true
  },
  "botania:recipes/tools/twig_wand": {
    "criteria": {
      "has_item": "2024-08-15 00:50:27 +0000"
    },
    "done": true
  },
  "minecraft:recipes/tools/wooden_axe": {
    "criteria": {
      "has_stick": "2024-08-15 00:41:05 +0000"
    },
    "done": true
  },
  "xycraft_override:recipes/building_blocks/shaped/chiseled_deepslate_light_r": {
    "criteria": {
      "has_TagKey[minecraft:item / minecraft:planks]": "2024-08-15 00:48:51 +0000"
    },
    "done": true
  },
  "exdeorum:recipes/misc/cobblestone": {
    "criteria": {
      "has_item": "2024-08-15 00:45:12 +0000"
    },
    "done": true
  },
  "minecraft:recipes/misc/stick": {
    "criteria": {
      "has_planks": "2024-08-15 00:48:51 +0000"
    },
    "done": true
  },
  "minecraft:recipes/transportation/cherry_boat": {
    "criteria": {
      "in_water": "2024-08-15 00:53:30 +0000"
    },
    "done": true
  },
  "minecraft:recipes/combat/golden_chestplate": {
    "criteria": {
      "has_gold_ingot": "2024-08-15 01:48:28 +0000"
    },
    "done": true
  },
  "mcwwindows:recipes/curtain_rods": {
    "criteria": {
      "has_wood": "2024-08-15 00:41:05 +0000"
    },
    "done": true
  },
  "farmersdelight:recipes/cooking/baked_cod_stew": {
    "criteria": {
      "has_any_ingredient": "2024-08-15 00:42:41 +0000"
    },
    "done": true
  },
  "pneumaticcraft:recipes/misc/magnet_upgrade": {
    "criteria": {
      "has_lapis_lazuli": "2024-08-15 01:11:50 +0000"
    },
    "done": true
  },
  "utilitix:recipes/misc/weak_redstone_torch": {
    "criteria": {
      "criterion1": "2024-08-15 00:41:05 +0000"
    },
    "done": true
  },
  "minecraft:recipes/tools/diamond_hoe": {
    "criteria": {
      "has_diamond": "2024-08-15 01:26:23 +0000"
    },
    "done": true
  },
  "supplementaries:recipes/daub_cross_brace": {
    "criteria": {
      "forge:rods/wooden": "2024-08-15 00:41:05 +0000"
    },
    "done": true
  },
  "xycraft_override:recipes/building_blocks/shaped/chiseled_wood_pillar_red": {
    "criteria": {
      "has_TagKey[minecraft:item / minecraft:planks]": "2024-08-15 00:48:51 +0000"
    },
    "done": true
  },
  "mcwtrpdoors:recipes/oak/oak_mystic_trapdoor": {
    "criteria": {
      "has_logs": "2024-08-15 00:41:05 +0000"
    },
    "done": true
  },
  "minecraft:recipes/building_blocks/lime_concrete_powder": {
    "criteria": {
      "has_gravel": "2024-08-15 00:41:05 +0000"
    },
    "done": true
  },
  "minecraft:recipes/redstone/calibrated_sculk_sensor": {
    "criteria": {
      "has_amethyst_shard": "2024-08-15 01:10:57 +0000"
    },
    "done": true
  },
  "alchemistry:recipes/dissolver/brown_concrete_powder": {
    "criteria": {
      "has_the_recipe": "2024-08-15 00:41:05 +0000"
    },
    "done": true
  },
  "alchemistry:recipes/dissolver/cyan_concrete_powder": {
    "criteria": {
      "has_the_recipe": "2024-08-15 00:41:05 +0000"
    },
    "done": true
  },
  "xycraft_override:recipes/building_blocks/shaped/chiseled_deepslate_red": {
    "criteria": {
      "has_TagKey[minecraft:item / minecraft:planks]": "2024-08-15 00:48:51 +0000"
    },
    "done": true
  },
  "alchemistry:recipes/dissolver/gold_block": {
    "criteria": {
      "has_the_recipe": "2024-08-15 01:48:28 +0000"
    },
    "done": true
  },
  "minecraft:recipes/building_blocks/magenta_concrete_powder": {
    "criteria": {
      "has_gravel": "2024-08-15 00:41:05 +0000"
    },
    "done": true
  },
  "alchemistry:recipes/dissolver/white_concrete_powder": {
    "criteria": {
      "has_the_recipe": "2024-08-15 00:41:05 +0000"
    },
    "done": true
  },
  "minecraft:recipes/decorations/campfire": {
    "criteria": {
      "has_stick": "2024-08-15 00:41:05 +0000"
    },
    "done": true
  },
  "alchemistry:recipes/dissolver/raw_iron_block": {
    "criteria": {
      "has_the_recipe": "2024-08-15 01:23:52 +0000"
    },
    "done": true
  },
  "constructionwand:recipes/tools/diamond_wand": {
    "criteria": {
      "has_item": "2024-08-15 01:26:23 +0000"
    },
    "done": true
  },
  "utilitarian:recipes/misc/no_soliciting/no_soliciting_banner": {
    "criteria": {
      "has_stick": "2024-08-15 00:41:05 +0000"
    },
    "done": true
  },
  "enderio:recipes/misc/basic_fluid_filter": {
    "criteria": {
      "has_ingredient": "2024-08-15 00:53:29 +0000"
    },
    "done": true
  },
  "pneumaticcraft:recipes/misc/volume_upgrade": {
    "criteria": {
      "has_lapis_lazuli": "2024-08-15 01:11:50 +0000"
    },
    "done": true
  },
  "rftoolsbase:recipes/rftoolsbase/crafting_card": {
    "criteria": {
      "crafter": "2024-08-15 00:49:03 +0000"
    },
    "done": true
  },
  "utilitarian:recipes/misc/utility/oak_logs_to_stairs": {
    "criteria": {
      "has_log": "2024-08-15 00:41:05 +0000"
    },
    "done": true
  },
  "supplementaries:recipes/timber_brace": {
    "criteria": {
      "forge:rods/wooden": "2024-08-15 00:41:05 +0000"
    },
    "done": true
  },
  "mcwtrpdoors:recipes/oak/oak_blossom_trapdoor": {
    "criteria": {
      "has_plankss": "2024-08-15 00:48:51 +0000"
    },
    "done": true
  },
  "exdeorum:recipes/misc/diamond_mesh": {
    "criteria": {
      "has_item": "2024-08-15 01:26:23 +0000"
    },
    "done": true
  },
  "minecraft:recipes/combat/golden_sword": {
    "criteria": {
      "has_gold_ingot": "2024-08-15 01:48:28 +0000"
    },
    "done": true
  },
  "alchemistry:recipes/dissolver/sandstone": {
    "criteria": {
      "has_the_recipe": "2024-08-15 00:53:19 +0000"
    },
    "done": true
  },
  "naturescompass:natures_compass_sapling": {
    "criteria": {
      "has_recipe": "2024-08-15 00:41:05 +0000"
    },
    "done": true
  },
  "exdeorum:recipes/tools/crook": {
    "criteria": {
      "has_item": "2024-08-15 00:41:05 +0000"
    },
    "done": true
  },
  "minecraft:recipes/transportation/acacia_boat": {
    "criteria": {
      "in_water": "2024-08-15 00:53:30 +0000"
    },
    "done": true
  },
  "botania:recipes/misc/petal_gray": {
    "criteria": {
      "has_alt_item": "2024-08-15 00:50:27 +0000"
    },
    "done": true
  },
  "supplementaries:recipes/flags/flag_black": {
    "criteria": {
      "has_stick": "2024-08-15 00:41:05 +0000"
    },
    "done": true
  },
  "minecraft:recipes/misc/iron_ingot_from_blasting_raw_iron": {
    "criteria": {
      "has_raw_iron": "2024-08-15 01:23:52 +0000"
    },
    "done": true
  },
  "minecraft:recipes/building_blocks/oak_planks": {
    "criteria": {
      "has_logs": "2024-08-15 00:41:05 +0000"
    },
    "done": true
  },
  "utilitarian:recipes/misc/utility/oak_logs_to_boats": {
    "criteria": {
      "has_log": "2024-08-15 00:41:05 +0000"
    },
    "done": true
  },
  "minecraft:recipes/building_blocks/black_concrete_powder": {
    "criteria": {
      "has_gravel": "2024-08-15 00:41:05 +0000"
    },
    "done": true
  },
  "pneumaticcraft:recipes/misc/item_life_upgrade": {
    "criteria": {
      "has_lapis_lazuli": "2024-08-15 01:11:50 +0000"
    },
    "done": true
  },
  "tombstone:recipes/from_grave_dust": {
    "criteria": {
      "has_ingredient": "2024-08-15 00:41:10 +0000"
    },
    "done": true
  },
  "minecraft:recipes/decorations/cobblestone_wall_from_cobblestone_stonecutting": {
    "criteria": {
      "has_cobblestone": "2024-08-15 00:49:35 +0000"
    },
    "done": true
  },
  "minecraft:recipes/building_blocks/diamond_block": {
    "criteria": {
      "has_diamond": "2024-08-15 01:26:23 +0000"
    },
    "done": true
  },
  "alltheores:recipes/misc/diamond_gear": {
    "criteria": {
      "has_TagKey[minecraft:item / forge:gems/diamond]_ingot": "2024-08-15 01:26:23 +0000"
    },
    "done": true
  },
  "farmersdelight:recipes/food/pie_crust": {
    "criteria": {
      "has_wheat": "2024-08-15 00:44:41 +0000"
    },
    "done": true
  },
  "immersiveengineering:recipes/misc/crafting/plate_gold_hammering": {
    "criteria": {
      "has_gold_ingot": "2024-08-15 01:48:28 +0000"
    },
    "done": true
  },
  "supplementaries:recipes/flags/flag_purple": {
    "criteria": {
      "has_stick": "2024-08-15 00:41:05 +0000"
    },
    "done": true
  },
  "minecraft:recipes/building_blocks/cyan_concrete_powder": {
    "criteria": {
      "has_gravel": "2024-08-15 00:41:05 +0000"
    },
    "done": true
  },
  "xycraft_override:recipes/building_blocks/shaped/chiseled_deepslate_red_r": {
    "criteria": {
      "has_TagKey[minecraft:item / minecraft:planks]": "2024-08-15 00:48:51 +0000"
    },
    "done": true
  },
  "xycraft_override:recipes/building_blocks/shaped/chiseled_wood_pillar_blue": {
    "criteria": {
      "has_TagKey[minecraft:item / minecraft:planks]": "2024-08-15 00:48:51 +0000"
    },
    "done": true
  },
  "pneumaticcraft:recipes/misc/standby_upgrade": {
    "criteria": {
      "has_lapis_lazuli": "2024-08-15 01:11:50 +0000"
    },
    "done": true
  },
  "minecraft:recipes/transportation/jungle_boat": {
    "criteria": {
      "in_water": "2024-08-15 00:53:30 +0000"
    },
    "done": true
  },
  "minecraft:recipes/redstone/lever": {
    "criteria": {
      "has_cobblestone": "2024-08-15 00:49:35 +0000"
    },
    "done": true
  },
  "minecraft:recipes/misc/pink_dye_from_pink_petals": {
    "criteria": {
      "has_pink_petals": "2024-08-15 00:53:30 +0000"
    },
    "done": true
  },
  "reliquary:recipes/misc/uncrafting/string": {
    "criteria": {
      "has_chelicerae": "2024-08-15 01:48:55 +0000"
    },
    "done": true
  },
  "alchemistry:recipes/dissolver/light_gray_concrete_powder": {
    "criteria": {
      "has_the_recipe": "2024-08-15 00:41:05 +0000"
    },
    "done": true
  },
  "mythicbotany:recipes/misc/alfsteel_template": {
    "criteria": {
      "criterion0": "2024-08-15 01:48:28 +0000"
    },
    "done": true
  },
  "minecraft:recipes/redstone/oak_trapdoor": {
    "criteria": {
      "has_planks": "2024-08-15 00:48:51 +0000"
    },
    "done": true
  },
  "sophisticatedstorage:recipes/misc/oak_limited_barrel_1": {
    "criteria": {
      "has_oak_plank": "2024-08-15 00:48:51 +0000"
    },
    "done": true
  },
  "sophisticatedstorage:recipes/misc/oak_limited_barrel_2": {
    "criteria": {
      "has_oak_plank": "2024-08-15 00:48:51 +0000"
    },
    "done": true
  },
  "sophisticatedstorage:recipes/misc/oak_limited_barrel_3": {
    "criteria": {
      "has_oak_plank": "2024-08-15 00:48:51 +0000"
    },
    "done": true
  },
  "sophisticatedstorage:recipes/misc/oak_limited_barrel_4": {
    "criteria": {
      "has_oak_plank": "2024-08-15 00:48:51 +0000"
    },
    "done": true
  },
  "mcwwindows:recipes/oak": {
    "criteria": {
      "has_wood": "2024-08-15 00:41:05 +0000",
      "has_the_recipe": "2024-08-15 00:41:05 +0000"
    },
    "done": true
  },
  "farmersdelight:recipes/food/wheat_dough_from_eggs": {
    "criteria": {
      "has_wheat": "2024-08-15 00:44:41 +0000"
    },
    "done": true
  },
  "supplementaries:recipes/flags/flag_gray": {
    "criteria": {
      "has_stick": "2024-08-15 00:41:05 +0000"
    },
    "done": true
  },
  "exdeorum:recipes/misc/golden_mesh_from_iron_mesh": {
    "criteria": {
      "has_item": "2024-08-15 01:48:28 +0000"
    },
    "done": true
  },
  "xycraft_override:recipes/building_blocks/shaped/chiseled_wood_pillar_light_r": {
    "criteria": {
      "has_TagKey[minecraft:item / minecraft:planks]": "2024-08-15 00:48:51 +0000"
    },
    "done": true
  },
  "supplementaries:recipes/faucet": {
    "criteria": {
      "forge:rods/wooden": "2024-08-15 00:41:05 +0000"
    },
    "done": true
  },
  "supplementaries:recipes/gold_trapdoor": {
    "criteria": {
      "has_gold_ingot": "2024-08-15 01:48:28 +0000"
    },
    "done": true
  },
  "minecraft:recipes/decorations/composter": {
    "criteria": {
      "has_wood_slab": "2024-08-15 01:13:05 +0000"
    },
    "done": true
  },
  "botania:recipes/decorations/gray_petal_block": {
    "criteria": {
      "has_item": "2024-08-15 00:50:27 +0000"
    },
    "done": true
  },
  "supplementaries:recipes/bed_from_feather_block": {
    "criteria": {
      "minecraft:planks": "2024-08-15 00:48:51 +0000"
    },
    "done": true
  },
  "supplementaries:recipes/checker": {
    "criteria": {
      "has_cobblestone": "2024-08-15 00:49:35 +0000"
    },
    "done": true
  },
  "minecraft:recipes/building_blocks/emerald_block": {
    "criteria": {
      "has_emerald": "2024-08-15 01:32:08 +0000"
    },
    "done": true
  },
  "xycraft_override:recipes/building_blocks/shaped/chiseled_deepslate_green": {
    "criteria": {
      "has_TagKey[minecraft:item / minecraft:planks]": "2024-08-15 00:48:51 +0000"
    },
    "done": true
  },
  "utilitix:recipes/misc/gilding_crystal": {
    "criteria": {
      "criterion0": "2024-08-15 01:48:28 +0000"
    },
    "done": true
  },
  "utilitix:recipes/misc/highspeed_rail": {
    "criteria": {
      "criterion1": "2024-08-15 00:41:05 +0000"
    },
    "done": true
  },
  "exdeorum:recipes/misc/flint_mesh": {
    "criteria": {
      "has_item": "2024-08-15 01:07:23 +0000"
    },
    "done": true
  },
  "pneumaticcraft:recipes/misc/gilded_upgrade": {
    "criteria": {
      "has_lapis_lazuli": "2024-08-15 01:11:50 +0000"
    },
    "done": true
  },
  "supplementaries:recipes/flags/flag_light_blue": {
    "criteria": {
      "has_stick": "2024-08-15 00:41:05 +0000"
    },
    "done": true
  },
  "minecraft:recipes/transportation/spruce_boat": {
    "criteria": {
      "in_water": "2024-08-15 00:53:30 +0000"
    },
    "done": true
  },
  "exmachinis:recipes/misc/gold_upgrade": {
    "criteria": {
      "has_gold_ingot": "2024-08-15 01:48:28 +0000"
    },
    "done": true
  },
  "supplementaries:recipes/pancake_fd": {
    "criteria": {
      "forge:eggs": "2024-08-15 00:42:41 +0000"
    },
    "done": true
  },
  "mcwtrpdoors:recipes/oak/oak_four_panel_trapdoor": {
    "criteria": {
      "has_logs": "2024-08-15 00:41:05 +0000"
    },
    "done": true
  },
  "xycraft_override:recipes/building_blocks/shaped/chiseled_deepslate_blue": {
    "criteria": {
      "has_TagKey[minecraft:item / minecraft:planks]": "2024-08-15 00:48:51 +0000"
    },
    "done": true
  },
  "mcwbridges:recipes/rope_oak_bridge": {
    "criteria": {
      "has_planks": "2024-08-15 00:48:51 +0000"
    },
    "done": true
  },
  "mcwbridges:recipes/oak_rail_bridge": {
    "criteria": {
      "has_planks": "2024-08-15 00:48:51 +0000"
    },
    "done": true
  },
  "minecraft:recipes/combat/diamond_boots": {
    "criteria": {
      "has_diamond": "2024-08-15 01:26:23 +0000"
    },
    "done": true
  },
  "pneumaticcraft:recipes/misc/armor_upgrade": {
    "criteria": {
      "has_lapis_lazuli": "2024-08-15 01:11:50 +0000"
    },
    "done": true
  },
  "minecraft:recipes/transportation/mangrove_boat": {
    "criteria": {
      "in_water": "2024-08-15 00:53:30 +0000"
    },
    "done": true
  },
  "utilitarian:recipes/misc/snad/snad": {
    "criteria": {
      "has_sand": "2024-08-15 00:53:19 +0000"
    },
    "done": true
  },
  "supplementaries:recipes/daub_brace": {
    "criteria": {
      "forge:rods/wooden": "2024-08-15 00:41:05 +0000"
    },
    "done": true
  },
  "xycraft_machines:recipes/misc/shaped/port_fluid": {
    "criteria": {
      "has_bucket": "2024-08-15 00:53:29 +0000"
    },
    "done": true
  },
  "occultism:recipes/crushing/crushing/diamond_dust_from_gem": {
    "criteria": {
      "has_diamond_gem": "2024-08-15 01:26:23 +0000"
    },
    "done": true
  },
  "exdeorum:recipes/misc/ores/silver_tag": {
    "criteria": {
      "has_item": "2024-08-15 01:11:13 +0000"
    },
    "done": true
  },
  "mcwwindows:recipes/granite": {
    "criteria": {
      "has_the_recipe": "2024-08-15 00:41:05 +0000"
    },
    "done": true
  },
  "croptopia:recipes/egg_roll": {
    "criteria": {
      "has_egg": "2024-08-15 00:42:41 +0000"
    },
    "done": true
  },
  "supplementaries:recipes/crystal_display": {
    "criteria": {
      "has_amethyst_shard": "2024-08-15 01:10:57 +0000"
    },
    "done": true
  },
  "pneumaticcraft:recipes/misc/security_upgrade": {
    "criteria": {
      "has_lapis_lazuli": "2024-08-15 01:11:50 +0000"
    },
    "done": true
  },
  "minecraft:recipes/tools/flint_and_steel": {
    "criteria": {
      "has_flint": "2024-08-15 01:07:23 +0000"
    },
    "done": true
  },
  "alchemistry:recipes/dissolver/yellow_concrete_powder": {
    "criteria": {
      "has_the_recipe": "2024-08-15 00:41:05 +0000"
    },
    "done": true
  },
  "utilitix:recipes/misc/comparator_redirector_down": {
    "criteria": {
      "criterion1": "2024-08-15 00:49:35 +0000"
    },
    "done": true
  },
  "alchemistry:recipes/dissolver/blue_concrete_powder": {
    "criteria": {
      "has_the_recipe": "2024-08-15 00:41:05 +0000"
    },
    "done": true
  },
  "minecraft:recipes/redstone/oak_pressure_plate": {
    "criteria": {
      "has_planks": "2024-08-15 00:48:51 +0000"
    },
    "done": true
  },
  "minecraft:recipes/building_blocks/yellow_concrete_powder": {
    "criteria": {
      "has_gravel": "2024-08-15 00:41:05 +0000"
    },
    "done": true
  },
  "immersiveengineering:recipes/misc/crafting/grit_sand": {
    "criteria": {
      "has_sand": "2024-08-15 00:41:05 +0000"
    },
    "done": true
  },
  "minecraft:recipes/building_blocks/sandstone": {
    "criteria": {
      "has_sand": "2024-08-15 00:53:19 +0000"
    },
    "done": true
  },
  "mcwbridges:recipes/balustrade_cobblestone_bridge": {
    "criteria": {
      "has_planks": "2024-08-15 00:49:35 +0000"
    },
    "done": true
  },
  "enderio:recipes/misc/conduit_binder_composite": {
    "criteria": {
      "has_ingredient_gravel": "2024-08-15 00:41:05 +0000"
    },
    "done": true
  },
  "bloodmagic:recipes/misc/blood_altar": {
    "criteria": {
      "has_gold": "2024-08-15 01:48:28 +0000"
    },
    "done": true
  },
  "minecraft:recipes/building_blocks/amethyst_block": {
    "criteria": {
      "has_amethyst_shard": "2024-08-15 01:10:57 +0000"
    },
    "done": true
  },
  "supplementaries:recipes/flags/flag_red": {
    "criteria": {
      "has_stick": "2024-08-15 00:41:05 +0000"
    },
    "done": true
  },
  "minecraft:adventure/kill_a_mob": {
    "criteria": {
      "minecraft:skeleton": "2024-08-15 01:45:41 +0000"
    },
    "done": true
  },
  "exdeorum:recipes/misc/gold_ore": {
    "criteria": {
      "has_item": "2024-08-15 01:17:31 +0000"
    },
    "done": true
  },
  "exdeorum:recipes/misc/copper_ore": {
    "criteria": {
      "has_item": "2024-08-15 01:07:22 +0000"
    },
    "done": true
  },
  "minecraft:recipes/tools/golden_hoe": {
    "criteria": {
      "has_gold_ingot": "2024-08-15 01:48:28 +0000"
    },
    "done": true
  },
  "pylons:recipes/misc/expulsion_pylon": {
    "criteria": {
      "has_diamond_block": "2024-08-15 01:49:24 +0000"
    },
    "done": true
  },
  "exdeorum:recipes/misc/oak_compressed_sieve": {
    "criteria": {
      "has_item": "2024-08-15 00:41:05 +0000"
    },
    "done": true
  },
  "exdeorum:recipes/tools/golden_hammer": {
    "criteria": {
      "has_item": "2024-08-15 01:48:28 +0000"
    },
    "done": true
  },
  "alchemistry:recipes/dissolver/emerald_block": {
    "criteria": {
      "has_the_recipe": "2024-08-15 01:32:08 +0000"
    },
    "done": true
  },
  "minecraft:recipes/transportation/dark_oak_boat": {
    "criteria": {
      "in_water": "2024-08-15 00:53:30 +0000"
    },
    "done": true
  },
  "alchemistry:recipes/dissolver/lapis_block": {
    "criteria": {
      "has_the_recipe": "2024-08-15 01:11:50 +0000"
    },
    "done": true
  },
  "alchemistry:recipes/dissolver/black_concrete_powder": {
    "criteria": {
      "has_the_recipe": "2024-08-15 00:41:05 +0000"
    },
    "done": true
  },
  "supplementaries:recipes/crank": {
    "criteria": {
      "forge:rods/wooden": "2024-08-15 00:41:05 +0000"
    },
    "done": true
  },
  "exdeorum:recipes/misc/granite": {
    "criteria": {
      "has_item": "2024-08-15 00:45:14 +0000"
    },
    "done": true
  },
  "mcwwindows:recipes/warped": {
    "criteria": {
      "has_the_recipe": "2024-08-15 00:41:05 +0000"
    },
    "done": true
  },
  "minecraft:recipes/decorations/oak_sign": {
    "criteria": {
      "has_planks": "2024-08-15 00:48:51 +0000"
    },
    "done": true
  },
  "pneumaticcraft:recipes/misc/search_upgrade": {
    "criteria": {
      "has_lapis_lazuli": "2024-08-15 01:11:50 +0000"
    },
    "done": true
  },
  "minecraft:recipes/tools/golden_pickaxe": {
    "criteria": {
      "has_gold_ingot": "2024-08-15 01:48:28 +0000"
    },
    "done": true
  },
  "exmachinis:recipes/misc/diamond_upgrade": {
    "criteria": {
      "has_diamond": "2024-08-15 01:26:23 +0000"
    },
    "done": true
  },
  "minecraft:recipes/building_blocks/lapis_block": {
    "criteria": {
      "has_lapis_lazuli": "2024-08-15 01:11:50 +0000"
    },
    "done": true
  },
  "exdeorum:core/string_mesh": {
    "criteria": {
      "has_string_mesh": "2024-08-15 01:12:37 +0000"
    },
    "done": true
  },
  "minecraft:recipes/combat/diamond_chestplate": {
    "criteria": {
      "has_diamond": "2024-08-15 01:26:23 +0000"
    },
    "done": true
  },
  "supplementaries:recipes/soap": {
    "criteria": {
      "has_water_bucket": "2024-08-15 00:52:19 +0000"
    },
    "done": true
  },
  "mcwtrpdoors:recipes/oak/oak_swamp_trapdoor": {
    "criteria": {
      "has_logs": "2024-08-15 00:41:05 +0000"
    },
    "done": true
  },
  "supplementaries:recipes/lock_block": {
    "criteria": {
      "minecraft:planks": "2024-08-15 00:48:51 +0000"
    },
    "done": true
  },
  "mcwwindows:recipes/blinds": {
    "criteria": {
      "has_wood": "2024-08-15 00:48:51 +0000",
      "has_the_recipe": "2024-08-15 00:48:51 +0000"
    },
    "done": true
  },
  "exdeorum:recipes/misc/oak_sieve": {
    "criteria": {
      "has_item": "2024-08-15 00:48:51 +0000"
    },
    "done": true
  },
  "minecraft:recipes/building_blocks/blue_concrete_powder": {
    "criteria": {
      "has_gravel": "2024-08-15 00:41:05 +0000"
    },
    "done": true
  },
  "create:recipes/misc/crafting/appliances/crafting_blueprint": {
    "criteria": {
      "has_item": "2024-08-15 00:49:03 +0000"
    },
    "done": true
  },
  "silentgear:recipes/misc/diamond_shard": {
    "criteria": {
      "has_item": "2024-08-15 01:26:23 +0000"
    },
    "done": true
  },
  "mcwtrpdoors:recipes/oak/oak_paper_trapdoor": {
    "criteria": {
      "has_logs": "2024-08-15 00:41:05 +0000"
    },
    "done": true
  },
  "naturescompass:natures_compass": {
    "criteria": {
      "has_recipe": "2024-08-15 00:41:05 +0000"
    },
    "done": true
  },
  "supplementaries:recipes/cage": {
    "criteria": {
      "minecraft:wooden_slabs": "2024-08-15 01:13:05 +0000"
    },
    "done": true
  },
  "minecraft:recipes/building_blocks/cobblestone_slab_from_cobblestone_stonecutting": {
    "criteria": {
      "has_cobblestone": "2024-08-15 00:49:35 +0000"
    },
    "done": true
  },
  "minecraft:adventure/kill_all_mobs": {
    "criteria": {
      "minecraft:skeleton": "2024-08-15 01:45:41 +0000",
      "minecraft:spider": "2024-08-15 01:48:54 +0000"
    },
    "done": false
  },
  "minecraft:recipes/building_blocks/stone": {
    "criteria": {
      "has_cobblestone": "2024-08-15 00:49:35 +0000"
    },
    "done": true
  },
  "minecraft:recipes/food/bread": {
    "criteria": {
      "has_wheat": "2024-08-15 00:44:41 +0000"
    },
    "done": true
  },
  "tombstone:adventure/cancel_ghostly_shape": {
    "criteria": {
      "coded_trigger": "2024-08-15 00:41:08 +0000"
    },
    "done": true
  },
  "croptopia:recipes/chilli_relleno": {
    "criteria": {
      "has_egg": "2024-08-15 00:42:41 +0000"
    },
    "done": true
  },
  "exdeorum:recipes/misc/diorite": {
    "criteria": {
      "has_item": "2024-08-15 00:45:04 +0000"
    },
    "done": true
  },
  "minecraft:recipes/building_blocks/hay_block": {
    "criteria": {
      "has_wheat": "2024-08-15 00:44:41 +0000"
    },
    "done": true
  },
  "minecraft:recipes/tools/diamond_shovel": {
    "criteria": {
      "has_diamond": "2024-08-15 01:26:23 +0000"
    },
    "done": true
  },
  "alchemistry:recipes/dissolver/purple_concrete_powder": {
    "criteria": {
      "has_the_recipe": "2024-08-15 00:41:05 +0000"
    },
    "done": true
  },
  "mcwwindows:recipes/birch": {
    "criteria": {
      "has_the_recipe": "2024-08-15 00:41:05 +0000"
    },
    "done": true
  },
  "exdeorum:recipes/misc/ores/nickel_tag": {
    "criteria": {
      "has_item": "2024-08-15 01:11:46 +0000"
    },
    "done": true
  },
  "silentgear:recipes/misc/stone_rod": {
    "criteria": {
      "has_item": "2024-08-15 00:49:35 +0000"
    },
    "done": true
  },
  "minecraft:recipes/building_blocks/orange_concrete_powder": {
    "criteria": {
      "has_gravel": "2024-08-15 00:41:05 +0000"
    },
    "done": true
  },
  "xycraft_override:recipes/building_blocks/shaped/chiseled_wood_pillar_blue_r": {
    "criteria": {
      "has_TagKey[minecraft:item / minecraft:planks]": "2024-08-15 00:48:51 +0000"
    },
    "done": true
  },
  "supplementaries:recipes/flags/flag_pink": {
    "criteria": {
      "has_stick": "2024-08-15 00:41:05 +0000"
    },
    "done": true
  },
  "minecraft:recipes/tools/stone_pickaxe": {
    "criteria": {
      "has_cobblestone": "2024-08-15 00:49:35 +0000"
    },
    "done": true
  },
  "constructionwand:recipes/misc/core_destruction": {
    "criteria": {
      "has_item": "2024-08-15 01:49:23 +0000"
    },
    "done": true
  },
  "xycraft_override:recipes/building_blocks/shaped/chiseled_wood_pillar_green_r": {
    "criteria": {
      "has_TagKey[minecraft:item / minecraft:planks]": "2024-08-15 00:48:51 +0000"
    },
    "done": true
  },
  "alchemistry:recipes/dissolver/lime_concrete_powder": {
    "criteria": {
      "has_the_recipe": "2024-08-15 00:41:05 +0000"
    },
    "done": true
  },
  "supplementaries:recipes/timber_frame": {
    "criteria": {
      "forge:rods/wooden": "2024-08-15 00:41:05 +0000"
    },
    "done": true
  },
  "mcwroofs:recipes/oak_planks": {
    "criteria": {
      "has_planks": "2024-08-15 00:48:51 +0000"
    },
    "done": true
  },
  "minecraft:recipes/tools/wooden_hoe": {
    "criteria": {
      "has_stick": "2024-08-15 00:41:05 +0000"
    },
    "done": true
  },
  "botania:recipes/tools/lexicon": {
    "criteria": {
      "has_item": "2024-08-15 00:43:30 +0000"
    },
    "done": true
  },
  "sophisticatedstorage:recipes/misc/oak_chest": {
    "criteria": {
      "has_oak_plank": "2024-08-15 00:48:51 +0000"
    },
    "done": true
  },
  "minecraft:recipes/redstone/oak_fence_gate": {
    "criteria": {
      "has_planks": "2024-08-15 00:48:51 +0000"
    },
    "done": true
  },
  "naturescompass:natures_compass_log": {
    "criteria": {
      "has_log": "2024-08-15 00:41:05 +0000"
    },
    "done": true
  },
  "occultism:recipes/crushing/crushing/iron_dust_from_raw": {
    "criteria": {
      "has_raw_iron": "2024-08-15 01:23:52 +0000"
    },
    "done": true
  },
  "enderio:recipes/misc/wood_gear_corner": {
    "criteria": {
      "has_ingredient": "2024-08-15 00:41:05 +0000"
    },
    "done": true
  },
  "croptopia:recipes/scrambled_eggs": {
    "criteria": {
      "has_egg": "2024-08-15 00:42:41 +0000"
    },
    "done": true
  },
  "supplementaries:recipes/slingshot": {
    "criteria": {
      "forge:rods/wooden": "2024-08-15 00:41:05 +0000"
    },
    "done": true
  },
  "alchemistry:recipes/dissolver/stick": {
    "criteria": {
      "has_the_recipe": "2024-08-15 00:48:51 +0000"
    },
    "done": true
  },
  "exdeorum:recipes/misc/ores/zinc_tag": {
    "criteria": {
      "has_item": "2024-08-15 01:11:01 +0000"
    },
    "done": true
  },
  "minecraft:recipes/brewing/cauldron": {
    "criteria": {
      "has_water_bucket": "2024-08-15 00:52:19 +0000"
    },
    "done": true
  },
  "allthecompressed:recipes/building_blocks/compress/oak_log_1x": {
    "criteria": {
      "has_oak_log": "2024-08-15 00:41:05 +0000"
    },
    "done": true
  },
  "mcwfurnitures:recipes/oak": {
    "criteria": {
      "has_wood": "2024-08-15 00:41:05 +0000"
    },
    "done": true
  },
  "supplementaries:recipes/item_shelf": {
    "criteria": {
      "minecraft:wooden_slabs": "2024-08-15 01:13:05 +0000"
    },
    "done": true
  },
  "minecraft:recipes/decorations/barrel": {
    "criteria": {
      "has_planks": "2024-08-15 00:48:51 +0000"
    },
    "done": true
  },
  "projecte:recipes/misc/high_covalence_dust": {
    "criteria": {
      "has_diamond": "2024-08-15 01:26:23 +0000"
    },
    "done": true
  },
  "occultism:recipes/crushing/crushing/emerald_dust_from_gem": {
    "criteria": {
      "has_emerald_gem": "2024-08-15 01:32:08 +0000"
    },
    "done": true
  },
  "mcwwindows:recipes/stone": {
    "criteria": {
      "has_the_recipe": "2024-08-15 00:41:05 +0000"
    },
    "done": true
  },
  "mcwwindows:recipes/crimson": {
    "criteria": {
      "has_the_recipe": "2024-08-15 00:41:05 +0000"
    },
    "done": true
  },
  "minecraft:recipes/building_blocks/purple_concrete_powder": {
    "criteria": {
      "has_gravel": "2024-08-15 00:41:05 +0000"
    },
    "done": true
  },
  "botania:recipes/decorations/apothecary_default": {
    "criteria": {
      "has_item": "2024-08-15 00:50:27 +0000"
    },
    "done": true
  },
  "exdeorum:recipes/misc/flint_mesh_from_string_mesh": {
    "criteria": {
      "has_item": "2024-08-15 01:07:23 +0000"
    },
    "done": true
  },
  "allthecompressed:recipes/building_blocks/compress/diamond_block_1x": {
    "criteria": {
      "has_diamond_block": "2024-08-15 01:49:23 +0000"
    },
    "done": true
  },
  "pneumaticcraft:recipes/misc/inventory_upgrade": {
    "criteria": {
      "has_lapis_lazuli": "2024-08-15 01:11:50 +0000"
    },
    "done": true
  },
  "minecraft:recipes/building_blocks/oak_wood": {
    "criteria": {
      "has_log": "2024-08-15 00:41:05 +0000"
    },
    "done": true
  },
  "ae2:recipes/misc/network/blocks/crank": {
    "criteria": {
      "has_stick": "2024-08-15 00:41:05 +0000"
    },
    "done": true
  },
  "farmersdelight:recipes/food/fried_egg_from_smoking": {
    "criteria": {
      "fried_egg": "2024-08-15 00:42:41 +0000"
    },
    "done": true
  },
  "minecraft:recipes/food/cake": {
    "criteria": {
      "has_egg": "2024-08-15 00:42:41 +0000"
    },
    "done": true
  },
  "silentgear:recipes/misc/rough_rod": {
    "criteria": {
      "has_item": "2024-08-15 00:41:05 +0000"
    },
    "done": true
  },
  "minecraft:recipes/combat/diamond_leggings": {
    "criteria": {
      "has_diamond": "2024-08-15 01:26:23 +0000"
    },
    "done": true
  },
  "xycraft_override:recipes/building_blocks/shaped/chiseled_wood_pillar_dark": {
    "criteria": {
      "has_TagKey[minecraft:item / minecraft:planks]": "2024-08-15 00:48:51 +0000"
    },
    "done": true
  },
  "minecraft:recipes/misc/diamond": {
    "criteria": {
      "has_diamond_block": "2024-08-15 01:49:24 +0000"
    },
    "done": true
  },
  "supplementaries:recipes/flags/flag_brown": {
    "criteria": {
      "has_stick": "2024-08-15 00:41:05 +0000"
    },
    "done": true
  },
  "farmersdelight:recipes/combat/flint_knife": {
    "criteria": {
      "has_stick": "2024-08-15 00:41:05 +0000"
    },
    "done": true
  },
  "minecraft:recipes/building_blocks/glass": {
    "criteria": {
      "has_smelts_to_glass": "2024-08-15 00:53:19 +0000"
    },
    "done": true
  },
  "sophisticatedstorage:recipes/misc/oak_barrel": {
    "criteria": {
      "has_oak_plank": "2024-08-15 00:48:51 +0000"
    },
    "done": true
  },
  "minecraft:recipes/combat/arrow": {
    "criteria": {
      "has_flint": "2024-08-15 01:07:23 +0000"
    },
    "done": true
  },
  "alchemistry:recipes/dissolver/dripstone_block": {
    "criteria": {
      "has_the_recipe": "2024-08-15 01:17:25 +0000"
    },
    "done": true
  },
  "mcwwindows:recipes/blackstone": {
    "criteria": {
      "has_the_recipe": "2024-08-15 00:41:05 +0000"
    },
    "done": true
  },
  "exdeorum:recipes/misc/basalt": {
    "criteria": {
      "has_item": "2024-08-15 00:45:14 +0000"
    },
    "done": true
  },
  "utilitarian:recipes/food/utility/charcoal_from_campfire": {
    "criteria": {
      "has_logs": "2024-08-15 00:41:05 +0000"
    },
    "done": true
  },
  "alchemistry:recipes/dissolver/diamond_block": {
    "criteria": {
      "has_the_recipe": "2024-08-15 01:26:23 +0000"
    },
    "done": true
  },
  "farmersdelight:recipes/food/wheat_dough_from_water": {
    "criteria": {
      "has_wheat": "2024-08-15 00:44:41 +0000"
    },
    "done": true
  },
  "pneumaticcraft:recipes/misc/block_tracker_upgrade": {
    "criteria": {
      "has_lapis_lazuli": "2024-08-15 01:11:50 +0000"
    },
    "done": true
  },
  "immersiveengineering:recipes/misc/crafting/radiator": {
    "criteria": {
      "has_water_bucket": "2024-08-15 00:52:19 +0000"
    },
    "done": true
  },
  "exdeorum:recipes/misc/cobbled_deepslate": {
    "criteria": {
      "has_item": "2024-08-15 00:45:14 +0000"
    },
    "done": true
  },
  "supplementaries:recipes/bellows": {
    "criteria": {
      "minecraft:wooden_slabs": "2024-08-15 01:13:05 +0000"
    },
    "done": true
  },
  "alchemistry:recipes/dissolver/red_concrete_powder": {
    "criteria": {
      "has_the_recipe": "2024-08-15 00:41:05 +0000"
    },
    "done": true
  },
  "silentgear:recipes/misc/emerald_shard": {
    "criteria": {
      "has_item": "2024-08-15 01:32:08 +0000"
    },
    "done": true
  },
  "sfm:recipes/redstone/water_tank": {
    "criteria": {
      "has_water": "2024-08-15 00:52:19 +0000"
    },
    "done": true
  },
  "mcwtrpdoors:recipes/print_classic": {
    "criteria": {
      "has_logs": "2024-08-15 00:41:05 +0000"
    },
    "done": true
  },
  "minecraft:husbandry/root": {
    "criteria": {
      "consumed_item": "2024-08-15 01:34:28 +0000"
    },
    "done": true
  },
  "minecraft:recipes/building_blocks/coal_block": {
    "criteria": {
      "has_coal": "2024-08-15 01:11:42 +0000"
    },
    "done": true
  },
  "minecraft:recipes/redstone/oak_button": {
    "criteria": {
      "has_planks": "2024-08-15 00:48:51 +0000"
    },
    "done": true
  },
  "projecte:recipes/decorations/collector_mk1": {
    "criteria": {
      "has_diamond": "2024-08-15 01:49:23 +0000"
    },
    "done": true
  },
  "forbidden_arcanus:recipes/tools/wooden_blacksmith_gavel": {
    "criteria": {
      "has_planks": "2024-08-15 00:48:51 +0000"
    },
    "done": true
  },
  "alchemistry:recipes/dissolver/charcoal": {
    "criteria": {
      "has_the_recipe": "2024-08-15 00:41:05 +0000"
    },
    "done": true
  },
  "supplementaries:recipes/daub_frame": {
    "criteria": {
      "forge:rods/wooden": "2024-08-15 00:41:05 +0000"
    },
    "done": true
  },
  "occultism:recipes/crushing/crushing/lapis_dust_from_gem": {
    "criteria": {
      "has_lapis_gem": "2024-08-15 01:11:50 +0000"
    },
    "done": true
  },
  "mcwroofs:recipes/oak": {
    "criteria": {
      "has_planks": "2024-08-15 00:41:05 +0000"
    },
    "done": true
  },
  "pneumaticcraft:recipes/misc/minigun_upgrade": {
    "criteria": {
      "has_lapis_lazuli": "2024-08-15 01:11:50 +0000"
    },
    "done": true
  },
  "mcwtrpdoors:recipes/oak/oak_ranch_trapdoor": {
    "criteria": {
      "has_logs": "2024-08-15 00:41:05 +0000"
    },
    "done": true
  },
  "supplementaries:recipes/flags/flag_yellow": {
    "criteria": {
      "has_stick": "2024-08-15 00:41:05 +0000"
    },
    "done": true
  },
  "silentgear:recipes/misc/diamond_from_shards": {
    "criteria": {
      "has_item": "2024-08-15 01:26:23 +0000"
    },
    "done": true
  },
  "pneumaticcraft:recipes/misc/entity_tracker_upgrade": {
    "criteria": {
      "has_lapis_lazuli": "2024-08-15 01:11:50 +0000"
    },
    "done": true
  },
  "croptopia:recipes/shaped_water_bottle": {
    "criteria": {
      "has_water": "2024-08-15 00:52:19 +0000"
    },
    "done": true
  },
  "botania:recipes/misc/dye_gray": {
    "criteria": {
      "has_item": "2024-08-15 00:50:27 +0000"
    },
    "done": true
  },
  "mcwwindows:recipes/acacia": {
    "criteria": {
      "has_the_recipe": "2024-08-15 00:41:05 +0000"
    },
    "done": true
  },
  "reliquary:recipes/misc/mob_charm_fragments/spider": {
    "criteria": {
      "has_chelicerae": "2024-08-15 01:48:55 +0000"
    },
    "done": true
  },
  "mcwbridges:recipes/cobblestone_bridge_stair": {
    "criteria": {
      "has_planks": "2024-08-15 00:49:35 +0000"
    },
    "done": true
  },
  "pneumaticcraft:recipes/misc/elytra_upgrade": {
    "criteria": {
      "has_lapis_lazuli": "2024-08-15 01:11:50 +0000"
    },
    "done": true
  },
  "minecraft:recipes/building_blocks/gray_concrete_powder": {
    "criteria": {
      "has_gravel": "2024-08-15 00:41:05 +0000"
    },
    "done": true
  },
  "create:recipes/building_blocks/oak_window": {
    "criteria": {
      "has_ingredient": "2024-08-15 00:48:51 +0000"
    },
    "done": true
  },
  "mcwroofs:recipes/concrete": {
    "criteria": {
      "has_planks": "2024-08-15 00:53:19 +0000"
    },
    "done": true
  },
  "minecraft:husbandry/plant_seed": {
    "criteria": {
      "wheat": "2024-08-15 00:44:58 +0000"
    },
    "done": true
  },
  "xycraft_override:recipes/building_blocks/shaped/chiseled_deepslate_light": {
    "criteria": {
      "has_TagKey[minecraft:item / minecraft:planks]": "2024-08-15 00:48:51 +0000"
    },
    "done": true
  },
  "botania:recipes/misc/petal_gray_double": {
    "criteria": {
      "has_alt_item": "2024-08-15 00:50:27 +0000"
    },
    "done": true
  },
  "supplementaries:recipes/lapis_bricks": {
    "criteria": {
      "has_lapis_lazuli": "2024-08-15 01:11:50 +0000"
    },
    "done": true
  },
  "alltheores:recipes/misc/gold_plate": {
    "criteria": {
      "has_TagKey[minecraft:item / forge:ingots/gold]_ingot": "2024-08-15 01:48:28 +0000"
    },
    "done": true
  },
  "immersiveengineering:recipes/misc/crafting/jerrycan": {
    "criteria": {
      "has_bucket": "2024-08-15 00:53:29 +0000"
    },
    "done": true
  },
  "minecraft:recipes/tools/diamond_axe": {
    "criteria": {
      "has_diamond": "2024-08-15 01:26:23 +0000"
    },
    "done": true
  },
  "DataVersion": 3465
}